domain,content_id,name,source,current_audio,proposed_brief_ids,disposition
units,unit_river_guard,River Guard,content/units.json,Shared battle move/release/hit/rout/cast/status cues,body_humanoid;weapon_polearm;ability_reach;ability_brace,"Proposed shared bank; verify actual art, body and weapon before generation. No bespoke voice line per unit. All passive abilities may remain silent."
units,unit_ember_archer,Ember Archer,content/units.json,Shared battle move/release/hit/rout/cast/status cues,body_humanoid;weapon_bow;ability_volley;ability_harry,"Proposed shared bank; verify actual art, body and weapon before generation. No bespoke voice line per unit. All passive abilities may remain silent."
units,unit_citadel_pikeward,Citadel Pikeward,content/units.json,Shared battle move/release/hit/rout/cast/status cues,body_humanoid;weapon_polearm;ability_reach;ability_formation_guard,"Proposed shared bank; verify actual art, body and weapon before generation. No bespoke voice line per unit. All passive abilities may remain silent."
units,unit_blackbranch_cutthroat,Blackbranch Cutthroat,content/units.json,Shared battle move/release/hit/rout/cast/status cues,body_humanoid;weapon_blade;ability_backstab,"Proposed shared bank; verify actual art, body and weapon before generation. No bespoke voice line per unit. All passive abilities may remain silent."
units,unit_mire_slinger,Mire Slinger,content/units.json,Shared battle move/release/hit/rout/cast/status cues,body_humanoid;weapon_sling;ability_harry,"Proposed shared bank; verify actual art, body and weapon before generation. No bespoke voice line per unit. All passive abilities may remain silent."
units,unit_bog_brute,Bog Brute,content/units.json,Shared battle move/release/hit/rout/cast/status cues,body_bog_brute;ability_shielding,"Proposed shared bank; verify actual art, body and weapon before generation. No bespoke voice line per unit. All passive abilities may remain silent."
units,unit_gorefen_ripper,Gorefen Ripper,content/units.json,Shared battle move/release/hit/rout/cast/status cues,body_bog_brute;ability_backstab;ability_bloodrush,"Proposed shared bank; verify actual art, body and weapon before generation. No bespoke voice line per unit. All passive abilities may remain silent."
units,unit_shard_guard,Shard Pavise Guard,content/units.json,Shared battle move/release/hit/rout/cast/status cues,body_humanoid;weapon_blade;ability_brace;ability_shielding,"Proposed shared bank; verify actual art, body and weapon before generation. No bespoke voice line per unit. All passive abilities may remain silent."
units,unit_prism_adept,Prism Harrier,content/units.json,Shared battle move/release/hit/rout/cast/status cues,body_humanoid;weapon_arcane;ability_volley;ability_harry,"Proposed shared bank; verify actual art, body and weapon before generation. No bespoke voice line per unit. All passive abilities may remain silent."
units,unit_mirror_duelist,Mirror Skirmisher,content/units.json,Shared battle move/release/hit/rout/cast/status cues,body_humanoid;weapon_blade;ability_reach;ability_backstab,"Proposed shared bank; verify actual art, body and weapon before generation. No bespoke voice line per unit. All passive abilities may remain silent."
units,unit_aurora_ballista,Aurora Ballista,content/units.json,Shared battle move/release/hit/rout/cast/status cues,body_humanoid;weapon_siege;ability_volley;ability_formation_guard,"Proposed shared bank; verify actual art, body and weapon before generation. No bespoke voice line per unit. All passive abilities may remain silent."
units,unit_embercourt_fordhook_cadets,Fordhook Cadets,content/units.json,Shared battle move/release/hit/rout/cast/status cues,body_humanoid;weapon_polearm;ability_reach;ability_brace,"Proposed shared bank; verify actual art, body and weapon before generation. No bespoke voice line per unit. All passive abilities may remain silent."
units,unit_embercourt_lantern_sappers,Lantern Sappers,content/units.json,Shared battle move/release/hit/rout/cast/status cues,body_humanoid;weapon_blade;ability_counter_ambush_flare,"Proposed shared bank; verify actual art, body and weapon before generation. No bespoke voice line per unit. All passive abilities may remain silent."
units,unit_embercourt_bargebow_crews,Bargebow Crews,content/units.json,Shared battle move/release/hit/rout/cast/status cues,body_humanoid;weapon_bow;ability_volley,"Proposed shared bank; verify actual art, body and weapon before generation. No bespoke voice line per unit. All passive abilities may remain silent."
units,unit_embercourt_ash_oath_bailiffs,Ash-Oath Bailiffs,content/units.json,Shared battle move/release/hit/rout/cast/status cues,body_humanoid;weapon_blade;ability_brace,"Proposed shared bank; verify actual art, body and weapon before generation. No bespoke voice line per unit. All passive abilities may remain silent."
units,unit_embercourt_beacon_lectors,Beacon Lectors,content/units.json,Shared battle move/release/hit/rout/cast/status cues,body_humanoid;weapon_arcane;ability_harry;ability_readiness_writ,"Proposed shared bank; verify actual art, body and weapon before generation. No bespoke voice line per unit. All passive abilities may remain silent."
units,unit_embercourt_sluicefire_lindworms,Sluicefire Lindworms,content/units.json,Shared battle move/release/hit/rout/cast/status cues,body_wyrm;ability_bloodrush,"Proposed shared bank; verify actual art, body and weapon before generation. No bespoke voice line per unit. All passive abilities may remain silent."
units,unit_embercourt_charter_colossus,Charter Colossus,content/units.json,Shared battle move/release/hit/rout/cast/status cues,body_humanoid;weapon_blade;ability_brace,"Proposed shared bank; verify actual art, body and weapon before generation. No bespoke voice line per unit. All passive abilities may remain silent."
units,unit_mireclaw_reedsnare_kin,Reedsnare Kin,content/units.json,Shared battle move/release/hit/rout/cast/status cues,body_humanoid;weapon_blade;ability_harry,"Proposed shared bank; verify actual art, body and weapon before generation. No bespoke voice line per unit. All passive abilities may remain silent."
units,unit_mireclaw_mudglass_slingers,Mudglass Slingers,content/units.json,Shared battle move/release/hit/rout/cast/status cues,body_humanoid;weapon_sling;ability_harry,"Proposed shared bank; verify actual art, body and weapon before generation. No bespoke voice line per unit. All passive abilities may remain silent."
units,unit_mireclaw_bogplate_maulers,Bogplate Maulers,content/units.json,Shared battle move/release/hit/rout/cast/status cues,body_bog_brute;ability_shielding,"Proposed shared bank; verify actual art, body and weapon before generation. No bespoke voice line per unit. All passive abilities may remain silent."
units,unit_mireclaw_ferrychain_lashers,Ferrychain Lashers,content/units.json,Shared battle move/release/hit/rout/cast/status cues,body_humanoid;weapon_chain;ability_hookline,"Proposed shared bank; verify actual art, body and weapon before generation. No bespoke voice line per unit. All passive abilities may remain silent."
units,unit_mireclaw_sporewake_chanters,Sporewake Chanters,content/units.json,Shared battle move/release/hit/rout/cast/status cues,body_humanoid;weapon_arcane;ability_rot_cant,"Proposed shared bank; verify actual art, body and weapon before generation. No bespoke voice line per unit. All passive abilities may remain silent."
units,unit_mireclaw_gorefen_rippers,Gorefen Rippers,content/units.json,Shared battle move/release/hit/rout/cast/status cues,body_bog_brute;ability_bloodrush,"Proposed shared bank; verify actual art, body and weapon before generation. No bespoke voice line per unit. All passive abilities may remain silent."
units,unit_mireclaw_drowned_antler_sovereign,Drowned Antler Sovereign,content/units.json,Shared battle move/release/hit/rout/cast/status cues,body_antlered;ability_bloodrush,"Proposed shared bank; verify actual art, body and weapon before generation. No bespoke voice line per unit. All passive abilities may remain silent."
units,unit_sunvault_shard_wardens,Shard Wardens,content/units.json,Shared battle move/release/hit/rout/cast/status cues,body_humanoid;weapon_blade;ability_shielding,"Proposed shared bank; verify actual art, body and weapon before generation. No bespoke voice line per unit. All passive abilities may remain silent."
units,unit_sunvault_prism_adepts,Prism Adepts,content/units.json,Shared battle move/release/hit/rout/cast/status cues,body_humanoid;weapon_arcane;ability_volley,"Proposed shared bank; verify actual art, body and weapon before generation. No bespoke voice line per unit. All passive abilities may remain silent."
units,unit_sunvault_mirror_duelists,Mirror Duelists,content/units.json,Shared battle move/release/hit/rout/cast/status cues,body_humanoid;weapon_blade;ability_reach;ability_backstab,"Proposed shared bank; verify actual art, body and weapon before generation. No bespoke voice line per unit. All passive abilities may remain silent."
units,unit_sunvault_resonant_choristers,Resonant Choristers,content/units.json,Shared battle move/release/hit/rout/cast/status cues,body_humanoid;weapon_arcane;ability_resonance_relay;ability_harry,"Proposed shared bank; verify actual art, body and weapon before generation. No bespoke voice line per unit. All passive abilities may remain silent."
units,unit_sunvault_solar_array_striders,Solar Array Striders,content/units.json,Shared battle move/release/hit/rout/cast/status cues,body_crystal;ability_solar_array_lane,"Proposed shared bank; verify actual art, body and weapon before generation. No bespoke voice line per unit. All passive abilities may remain silent."
units,unit_sunvault_aurora_ballistae,Aurora Bastions,content/units.json,Shared battle move/release/hit/rout/cast/status cues,body_humanoid;weapon_siege;ability_shielding,"Proposed shared bank; verify actual art, body and weapon before generation. No bespoke voice line per unit. All passive abilities may remain silent."
units,unit_sunvault_daybreak_colossus,Daybreak Colossus,content/units.json,Shared battle move/release/hit/rout/cast/status cues,body_crystal;ability_volley,"Proposed shared bank; verify actual art, body and weapon before generation. No bespoke voice line per unit. All passive abilities may remain silent."
units,unit_thornwake_seedcutters,Seedcutters,content/units.json,Shared battle move/release/hit/rout/cast/status cues,body_humanoid;weapon_blade;ability_bramble_ground,"Proposed shared bank; verify actual art, body and weapon before generation. No bespoke voice line per unit. All passive abilities may remain silent."
units,unit_thornwake_thornwhip_carriers,Thornwhip Carriers,content/units.json,Shared battle move/release/hit/rout/cast/status cues,body_humanoid;weapon_blade;ability_brace,"Proposed shared bank; verify actual art, body and weapon before generation. No bespoke voice line per unit. All passive abilities may remain silent."
units,unit_thornwake_sporeglass_menders,Sporeglass Menders,content/units.json,Shared battle move/release/hit/rout/cast/status cues,body_humanoid;weapon_arcane;ability_sporeglass_mend,"Proposed shared bank; verify actual art, body and weapon before generation. No bespoke voice line per unit. All passive abilities may remain silent."
units,unit_thornwake_barkmantle_rams,Barkmantle Rams,content/units.json,Shared battle move/release/hit/rout/cast/status cues,body_living_wood;ability_brace;ability_shielding,"Proposed shared bank; verify actual art, body and weapon before generation. No bespoke voice line per unit. All passive abilities may remain silent."
units,unit_thornwake_stagknot_runners,Stag-Knot Runners,content/units.json,Shared battle move/release/hit/rout/cast/status cues,body_antlered;ability_reach,"Proposed shared bank; verify actual art, body and weapon before generation. No bespoke voice line per unit. All passive abilities may remain silent."
units,unit_thornwake_graft_matriarchs,Graft Matriarchs,content/units.json,Shared battle move/release/hit/rout/cast/status cues,body_living_wood;ability_volley,"Proposed shared bank; verify actual art, body and weapon before generation. No bespoke voice line per unit. All passive abilities may remain silent."
units,unit_thornwake_worldroot_bastion,Worldroot Bastion,content/units.json,Shared battle move/release/hit/rout/cast/status cues,body_living_wood;ability_shielding,"Proposed shared bank; verify actual art, body and weapon before generation. No bespoke voice line per unit. All passive abilities may remain silent."
units,unit_brasshollow_scrip_haulers,Scrip Haulers,content/units.json,Shared battle move/release/hit/rout/cast/status cues,body_humanoid;weapon_blade;ability_shielding,"Proposed shared bank; verify actual art, body and weapon before generation. No bespoke voice line per unit. All passive abilities may remain silent."
units,unit_brasshollow_rivet_hounds,Rivet Hounds,content/units.json,Shared battle move/release/hit/rout/cast/status cues,body_machine;ability_shielding;ability_harry,"Proposed shared bank; verify actual art, body and weapon before generation. No bespoke voice line per unit. All passive abilities may remain silent."
units,unit_brasshollow_furnace_pavis_teams,Furnace Pavis Teams,content/units.json,Shared battle move/release/hit/rout/cast/status cues,body_humanoid;weapon_blade;ability_shielding,"Proposed shared bank; verify actual art, body and weapon before generation. No bespoke voice line per unit. All passive abilities may remain silent."
units,unit_brasshollow_boiler_rivetcasters,Boiler Rivetcasters,content/units.json,Shared battle move/release/hit/rout/cast/status cues,body_humanoid;weapon_siege;ability_pressure_artillery,"Proposed shared bank; verify actual art, body and weapon before generation. No bespoke voice line per unit. All passive abilities may remain silent."
units,unit_brasshollow_debt_engine_exactors,Debt-Engine Exactors,content/units.json,Shared battle move/release/hit/rout/cast/status cues,body_machine;ability_overheat,"Proposed shared bank; verify actual art, body and weapon before generation. No bespoke voice line per unit. All passive abilities may remain silent."
units,unit_brasshollow_crucible_crawlers,Crucible Crawlers,content/units.json,Shared battle move/release/hit/rout/cast/status cues,body_machine;weapon_siege;ability_volley,"Proposed shared bank; verify actual art, body and weapon before generation. No bespoke voice line per unit. All passive abilities may remain silent."
units,unit_brasshollow_foundry_saint,Foundry Saint,content/units.json,Shared battle move/release/hit/rout/cast/status cues,body_machine;ability_foundry_aura,"Proposed shared bank; verify actual art, body and weapon before generation. No bespoke voice line per unit. All passive abilities may remain silent."
units,unit_veilmourn_bellwake_oars,Bellwake Oars,content/units.json,Shared battle move/release/hit/rout/cast/status cues,body_humanoid;weapon_blade;ability_fog_screen,"Proposed shared bank; verify actual art, body and weapon before generation. No bespoke voice line per unit. All passive abilities may remain silent."
units,unit_veilmourn_mourning_lanterns,Mourning Lanterns,content/units.json,Shared battle move/release/hit/rout/cast/status cues,body_humanoid;weapon_arcane;ability_harry,"Proposed shared bank; verify actual art, body and weapon before generation. No bespoke voice line per unit. All passive abilities may remain silent."
units,unit_veilmourn_maskglass_corsairs,Maskglass Corsairs,content/units.json,Shared battle move/release/hit/rout/cast/status cues,body_humanoid;weapon_blade;ability_backstab,"Proposed shared bank; verify actual art, body and weapon before generation. No bespoke voice line per unit. All passive abilities may remain silent."
units,unit_veilmourn_undertow_harpooners,Undertow Harpooners,content/units.json,Shared battle move/release/hit/rout/cast/status cues,body_humanoid;weapon_chain;ability_harry,"Proposed shared bank; verify actual art, body and weapon before generation. No bespoke voice line per unit. All passive abilities may remain silent."
units,unit_veilmourn_obituary_scribes,Obituary Scribes,content/units.json,Shared battle move/release/hit/rout/cast/status cues,body_humanoid;weapon_arcane;ability_obituary,"Proposed shared bank; verify actual art, body and weapon before generation. No bespoke voice line per unit. All passive abilities may remain silent."
units,unit_veilmourn_mirrorkeel_reavers,Mirror-Keel Reavers,content/units.json,Shared battle move/release/hit/rout/cast/status cues,body_humanoid;weapon_blade;ability_reach;ability_backstab,"Proposed shared bank; verify actual art, body and weapon before generation. No bespoke voice line per unit. All passive abilities may remain silent."
units,unit_veilmourn_fogbound_leviathan,Fogbound Leviathan,content/units.json,Shared battle move/release/hit/rout/cast/status cues,body_leviathan;ability_fogwake,"Proposed shared bank; verify actual art, body and weapon before generation. No bespoke voice line per unit. All passive abilities may remain silent."
units,unit_embercourt_cinderseal_bombardiers,Cinderseal Bombardiers,content/units.json,Shared battle move/release/hit/rout/cast/status cues,body_humanoid;weapon_siege;ability_volley;ability_readiness_writ,"Proposed shared bank; verify actual art, body and weapon before generation. No bespoke voice line per unit. All passive abilities may remain silent."
units,unit_mireclaw_mireglass_reedcasters,Mireglass Reedcasters,content/units.json,Shared battle move/release/hit/rout/cast/status cues,body_humanoid;weapon_arcane;ability_rot_cant,"Proposed shared bank; verify actual art, body and weapon before generation. No bespoke voice line per unit. All passive abilities may remain silent."
units,unit_sunvault_noonfacet_sentinels,Noonfacet Sentinels,content/units.json,Shared battle move/release/hit/rout/cast/status cues,body_humanoid;weapon_blade;ability_brace;ability_shielding,"Proposed shared bank; verify actual art, body and weapon before generation. No bespoke voice line per unit. All passive abilities may remain silent."
units,unit_thornwake_dawnseed_bolters,Dawnseed Bolters,content/units.json,Shared battle move/release/hit/rout/cast/status cues,body_humanoid;weapon_bolt;ability_harry;ability_volley,"Proposed shared bank; verify actual art, body and weapon before generation. No bespoke voice line per unit. All passive abilities may remain silent."
units,unit_brasshollow_gaugeplate_bailiffs,Gaugeplate Bailiffs,content/units.json,Shared battle move/release/hit/rout/cast/status cues,body_humanoid;weapon_blade;ability_brace;ability_shielding,"Proposed shared bank; verify actual art, body and weapon before generation. No bespoke voice line per unit. All passive abilities may remain silent."
units,unit_veilmourn_tidehook_deckhands,Tidehook Deckhands,content/units.json,Shared battle move/release/hit/rout/cast/status cues,body_humanoid;weapon_blade;ability_hookline;ability_fog_screen,"Proposed shared bank; verify actual art, body and weapon before generation. No bespoke voice line per unit. All passive abilities may remain silent."
units,unit_neutral_roadwardens,Roadwardens,content/units.json,Shared battle move/release/hit/rout/cast/status cues,body_humanoid;weapon_blade;ability_reach,"Proposed shared bank; verify actual art, body and weapon before generation. No bespoke voice line per unit. All passive abilities may remain silent."
units,unit_neutral_hearthbow_carriers,Hearthbow Carriers,content/units.json,Shared battle move/release/hit/rout/cast/status cues,body_humanoid;weapon_bow;ability_harry,"Proposed shared bank; verify actual art, body and weapon before generation. No bespoke voice line per unit. All passive abilities may remain silent."
units,unit_neutral_fenhound_runners,Fenhound Runners,content/units.json,Shared battle move/release/hit/rout/cast/status cues,body_hound;ability_bloodrush,"Proposed shared bank; verify actual art, body and weapon before generation. No bespoke voice line per unit. All passive abilities may remain silent."
units,unit_neutral_mossglass_sentinels,Mossglass Sentinels,content/units.json,Shared battle move/release/hit/rout/cast/status cues,body_humanoid;weapon_blade;ability_shielding,"Proposed shared bank; verify actual art, body and weapon before generation. No bespoke voice line per unit. All passive abilities may remain silent."
units,unit_neutral_cliffhawk_wardens,Cliffhawk Wardens,content/units.json,Shared battle move/release/hit/rout/cast/status cues,body_winged;ability_reach,"Proposed shared bank; verify actual art, body and weapon before generation. No bespoke voice line per unit. All passive abilities may remain silent."
units,unit_neutral_windglass_slingers,Windglass Slingers,content/units.json,Shared battle move/release/hit/rout/cast/status cues,body_humanoid;weapon_sling;ability_volley,"Proposed shared bank; verify actual art, body and weapon before generation. No bespoke voice line per unit. All passive abilities may remain silent."
units,unit_neutral_reedbarge_poles,Reedbarge Poles,content/units.json,Shared battle move/release/hit/rout/cast/status cues,body_humanoid;weapon_polearm;ability_reach,"Proposed shared bank; verify actual art, body and weapon before generation. No bespoke voice line per unit. All passive abilities may remain silent."
units,unit_neutral_lanternet_throwers,Lanternet Throwers,content/units.json,Shared battle move/release/hit/rout/cast/status cues,body_humanoid;weapon_thrown;ability_harry,"Proposed shared bank; verify actual art, body and weapon before generation. No bespoke voice line per unit. All passive abilities may remain silent."
units,unit_neutral_glowcap_bulwarks,Glowcap Bulwarks,content/units.json,Shared battle move/release/hit/rout/cast/status cues,body_humanoid;weapon_blade;ability_shielding,"Proposed shared bank; verify actual art, body and weapon before generation. No bespoke voice line per unit. All passive abilities may remain silent."
units,unit_neutral_sporelamp_tossers,Sporelamp Tossers,content/units.json,Shared battle move/release/hit/rout/cast/status cues,body_humanoid;weapon_thrown;ability_harry,"Proposed shared bank; verify actual art, body and weapon before generation. No bespoke voice line per unit. All passive abilities may remain silent."
units,unit_neutral_dustjack_blades,Dustjack Blades,content/units.json,Shared battle move/release/hit/rout/cast/status cues,body_humanoid;weapon_blade;ability_bloodrush,"Proposed shared bank; verify actual art, body and weapon before generation. No bespoke voice line per unit. All passive abilities may remain silent."
units,unit_neutral_scrapbow_teams,Scrapbow Teams,content/units.json,Shared battle move/release/hit/rout/cast/status cues,body_humanoid;weapon_bow;ability_volley,"Proposed shared bank; verify actual art, body and weapon before generation. No bespoke voice line per unit. All passive abilities may remain silent."
units,unit_neutral_kilnward_mallets,Kilnward Mallets,content/units.json,Shared battle move/release/hit/rout/cast/status cues,body_humanoid;weapon_blunt;ability_brace,"Proposed shared bank; verify actual art, body and weapon before generation. No bespoke voice line per unit. All passive abilities may remain silent."
units,unit_neutral_cinderpot_hurlers,Cinderpot Hurlers,content/units.json,Shared battle move/release/hit/rout/cast/status cues,body_humanoid;weapon_thrown;ability_harry,"Proposed shared bank; verify actual art, body and weapon before generation. No bespoke voice line per unit. All passive abilities may remain silent."
units,unit_neutral_frostbeacon_pikes,Frostbeacon Pikes,content/units.json,Shared battle move/release/hit/rout/cast/status cues,body_humanoid;weapon_polearm;ability_reach,"Proposed shared bank; verify actual art, body and weapon before generation. No bespoke voice line per unit. All passive abilities may remain silent."
units,unit_neutral_snowglass_markers,Snowglass Markers,content/units.json,Shared battle move/release/hit/rout/cast/status cues,body_humanoid;weapon_arcane;ability_volley,"Proposed shared bank; verify actual art, body and weapon before generation. No bespoke voice line per unit. All passive abilities may remain silent."
units,unit_neutral_orchard_halberds,Orchard Halberds,content/units.json,Shared battle move/release/hit/rout/cast/status cues,body_humanoid;weapon_polearm;ability_brace,"Proposed shared bank; verify actual art, body and weapon before generation. No bespoke voice line per unit. All passive abilities may remain silent."
units,unit_neutral_millstone_slingers,Millstone Slingers,content/units.json,Shared battle move/release/hit/rout/cast/status cues,body_humanoid;weapon_sling;ability_harry,"Proposed shared bank; verify actual art, body and weapon before generation. No bespoke voice line per unit. All passive abilities may remain silent."
units,unit_neutral_hedgehook_watch,Hedgehook Watch,content/units.json,Shared battle move/release/hit/rout/cast/status cues,body_humanoid;weapon_blade;ability_backstab,"Proposed shared bank; verify actual art, body and weapon before generation. No bespoke voice line per unit. All passive abilities may remain silent."
units,unit_neutral_thornbow_scouts,Thornbow Scouts,content/units.json,Shared battle move/release/hit/rout/cast/status cues,body_humanoid;weapon_bow;ability_harry,"Proposed shared bank; verify actual art, body and weapon before generation. No bespoke voice line per unit. All passive abilities may remain silent."
units,unit_neutral_tidepool_cutters,Tidepool Cutters,content/units.json,Shared battle move/release/hit/rout/cast/status cues,body_humanoid;weapon_blade;ability_backstab,"Proposed shared bank; verify actual art, body and weapon before generation. No bespoke voice line per unit. All passive abilities may remain silent."
units,unit_neutral_reefbolt_crews,Reefbolt Crews,content/units.json,Shared battle move/release/hit/rout/cast/status cues,body_humanoid;weapon_bolt;ability_volley,"Proposed shared bank; verify actual art, body and weapon before generation. No bespoke voice line per unit. All passive abilities may remain silent."
units,unit_neutral_switchback_pikes,Switchback Pikes,content/units.json,Shared battle move/release/hit/rout/cast/status cues,body_humanoid;weapon_polearm;ability_reach,"Proposed shared bank; verify actual art, body and weapon before generation. No bespoke voice line per unit. All passive abilities may remain silent."
units,unit_neutral_cairnshield_porters,Cairnshield Porters,content/units.json,Shared battle move/release/hit/rout/cast/status cues,body_humanoid;weapon_blade;ability_shielding,"Proposed shared bank; verify actual art, body and weapon before generation. No bespoke voice line per unit. All passive abilities may remain silent."
units,unit_neutral_saltpan_bucklers,Saltpan Bucklers,content/units.json,Shared battle move/release/hit/rout/cast/status cues,body_humanoid;weapon_blade;ability_shielding,"Proposed shared bank; verify actual art, body and weapon before generation. No bespoke voice line per unit. All passive abilities may remain silent."
units,unit_neutral_suncrack_throwers,Suncrack Throwers,content/units.json,Shared battle move/release/hit/rout/cast/status cues,body_humanoid;weapon_thrown;ability_harry,"Proposed shared bank; verify actual art, body and weapon before generation. No bespoke voice line per unit. All passive abilities may remain silent."
units,unit_neutral_sumpstone_guards,Sumpstone Guards,content/units.json,Shared battle move/release/hit/rout/cast/status cues,body_humanoid;weapon_blade;ability_shielding,"Proposed shared bank; verify actual art, body and weapon before generation. No bespoke voice line per unit. All passive abilities may remain silent."
units,unit_neutral_echodart_casts,Echodart Casts,content/units.json,Shared battle move/release/hit/rout/cast/status cues,body_humanoid;weapon_thrown;ability_volley,"Proposed shared bank; verify actual art, body and weapon before generation. No bespoke voice line per unit. All passive abilities may remain silent."
units,unit_neutral_icehook_trappers,Icehook Trappers,content/units.json,Shared battle move/release/hit/rout/cast/status cues,body_humanoid;weapon_blade;ability_backstab,"Proposed shared bank; verify actual art, body and weapon before generation. No bespoke voice line per unit. All passive abilities may remain silent."
units,unit_neutral_whitepike_keepers,Whitepike Keepers,content/units.json,Shared battle move/release/hit/rout/cast/status cues,body_humanoid;weapon_polearm;ability_reach,"Proposed shared bank; verify actual art, body and weapon before generation. No bespoke voice line per unit. All passive abilities may remain silent."
units,unit_neutral_scarshield_veterans,Scarshield Veterans,content/units.json,Shared battle move/release/hit/rout/cast/status cues,body_humanoid;weapon_blade;ability_brace,"Proposed shared bank; verify actual art, body and weapon before generation. No bespoke voice line per unit. All passive abilities may remain silent."
units,unit_neutral_ashdart_stalkers,Ashdart Stalkers,content/units.json,Shared battle move/release/hit/rout/cast/status cues,body_humanoid;weapon_thrown;ability_harry,"Proposed shared bank; verify actual art, body and weapon before generation. No bespoke voice line per unit. All passive abilities may remain silent."
units,unit_neutral_greenbranch_cudgels,Greenbranch Cudgels,content/units.json,Shared battle move/release/hit/rout/cast/status cues,body_humanoid;weapon_blunt;ability_shielding,"Proposed shared bank; verify actual art, body and weapon before generation. No bespoke voice line per unit. All passive abilities may remain silent."
units,unit_neutral_sapwhistle_callers,Sapwhistle Callers,content/units.json,Shared battle move/release/hit/rout/cast/status cues,body_humanoid;weapon_arcane;ability_harry,"Proposed shared bank; verify actual art, body and weapon before generation. No bespoke voice line per unit. All passive abilities may remain silent."
units,unit_neutral_harbor_polearms,Harbor Polearms,content/units.json,Shared battle move/release/hit/rout/cast/status cues,body_humanoid;weapon_polearm;ability_reach,"Proposed shared bank; verify actual art, body and weapon before generation. No bespoke voice line per unit. All passive abilities may remain silent."
units,unit_neutral_flaremast_crews,Flaremast Crews,content/units.json,Shared battle move/release/hit/rout/cast/status cues,body_humanoid;weapon_arcane;ability_volley,"Proposed shared bank; verify actual art, body and weapon before generation. No bespoke voice line per unit. All passive abilities may remain silent."
units,unit_neutral_kitehook_runners,Kitehook Runners,content/units.json,Shared battle move/release/hit/rout/cast/status cues,body_humanoid;weapon_blade;ability_bloodrush,"Proposed shared bank; verify actual art, body and weapon before generation. No bespoke voice line per unit. All passive abilities may remain silent."
units,unit_neutral_ridgeflare_shots,Ridgeflare Shots,content/units.json,Shared battle move/release/hit/rout/cast/status cues,body_humanoid;weapon_arcane;ability_volley,"Proposed shared bank; verify actual art, body and weapon before generation. No bespoke voice line per unit. All passive abilities may remain silent."
units,unit_neutral_tunnel_lanterns,Tunnel Lanterns,content/units.json,Shared battle move/release/hit/rout/cast/status cues,body_humanoid;weapon_blade;ability_brace,"Proposed shared bank; verify actual art, body and weapon before generation. No bespoke voice line per unit. All passive abilities may remain silent."
units,unit_neutral_glimmercap_needlers,Glimmercap Needlers,content/units.json,Shared battle move/release/hit/rout/cast/status cues,body_humanoid;weapon_thrown;ability_harry,"Proposed shared bank; verify actual art, body and weapon before generation. No bespoke voice line per unit. All passive abilities may remain silent."
units,unit_neutral_bogbell_mauls,Bogbell Mauls,content/units.json,Shared battle move/release/hit/rout/cast/status cues,body_humanoid;weapon_blunt;ability_shielding,"Proposed shared bank; verify actual art, body and weapon before generation. No bespoke voice line per unit. All passive abilities may remain silent."
units,unit_neutral_peatflare_jarriers,Peatflare Jarriers,content/units.json,Shared battle move/release/hit/rout/cast/status cues,body_humanoid;weapon_thrown;ability_harry,"Proposed shared bank; verify actual art, body and weapon before generation. No bespoke voice line per unit. All passive abilities may remain silent."
units,unit_neutral_milestone_bucklers,Milestone Bucklers,content/units.json,Shared battle move/release/hit/rout/cast/status cues,body_humanoid;weapon_blade;ability_formation_guard,"Proposed shared bank; verify actual art, body and weapon before generation. No bespoke voice line per unit. All passive abilities may remain silent."
units,unit_neutral_cartbow_tenders,Cartbow Tenders,content/units.json,Shared battle move/release/hit/rout/cast/status cues,body_humanoid;weapon_bow;ability_volley,"Proposed shared bank; verify actual art, body and weapon before generation. No bespoke voice line per unit. All passive abilities may remain silent."
units,unit_neutral_frostwharf_cutters,Frostwharf Cutters,content/units.json,Shared battle move/release/hit/rout/cast/status cues,body_humanoid;weapon_blade;ability_backstab,"Proposed shared bank; verify actual art, body and weapon before generation. No bespoke voice line per unit. All passive abilities may remain silent."
units,unit_neutral_lanternskate_throwers,Lanternskate Throwers,content/units.json,Shared battle move/release/hit/rout/cast/status cues,body_humanoid;weapon_thrown;ability_harry,"Proposed shared bank; verify actual art, body and weapon before generation. No bespoke voice line per unit. All passive abilities may remain silent."
units,unit_neutral_charcoal_mauls,Charcoal Mauls,content/units.json,Shared battle move/release/hit/rout/cast/status cues,body_humanoid;weapon_blunt;ability_brace,"Proposed shared bank; verify actual art, body and weapon before generation. No bespoke voice line per unit. All passive abilities may remain silent."
units,unit_neutral_emberpack_lobbers,Emberpack Lobbers,content/units.json,Shared battle move/release/hit/rout/cast/status cues,body_humanoid;weapon_thrown;ability_harry,"Proposed shared bank; verify actual art, body and weapon before generation. No bespoke voice line per unit. All passive abilities may remain silent."
units,unit_neutral_basalt_wardens,Basalt Wardens,content/units.json,Shared battle move/release/hit/rout/cast/status cues,body_humanoid;weapon_blade;ability_shielding,"Proposed shared bank; verify actual art, body and weapon before generation. No bespoke voice line per unit. All passive abilities may remain silent."
units,unit_neutral_tunnelmark_bolters,Tunnelmark Bolters,content/units.json,Shared battle move/release/hit/rout/cast/status cues,body_humanoid;weapon_bolt;ability_volley,"Proposed shared bank; verify actual art, body and weapon before generation. No bespoke voice line per unit. All passive abilities may remain silent."
units,unit_thornwake_canopy_rammers,Canopy Rammers,content/units.json,Shared battle move/release/hit/rout/cast/status cues,body_living_wood;ability_reach;ability_brace,"Proposed shared bank; verify actual art, body and weapon before generation. No bespoke voice line per unit. All passive abilities may remain silent."
units,unit_brasshollow_pressure_lancers,Pressure Lancers,content/units.json,Shared battle move/release/hit/rout/cast/status cues,body_humanoid;weapon_polearm;ability_reach;ability_harry,"Proposed shared bank; verify actual art, body and weapon before generation. No bespoke voice line per unit. All passive abilities may remain silent."
units,unit_veilmourn_wakeglass_navigators,Wakeglass Navigators,content/units.json,Shared battle move/release/hit/rout/cast/status cues,body_humanoid;weapon_blade;ability_fog_screen;ability_harry,"Proposed shared bank; verify actual art, body and weapon before generation. No bespoke voice line per unit. All passive abilities may remain silent."
units,unit_embercourt_beaconline_writguard,Beaconline Writguard,content/units.json,Shared battle move/release/hit/rout/cast/status cues,body_humanoid;weapon_blade;ability_brace;ability_formation_guard,"Proposed shared bank; verify actual art, body and weapon before generation. No bespoke voice line per unit. All passive abilities may remain silent."
units,unit_mireclaw_fenbell_chainstalkers,Fenbell Chainstalkers,content/units.json,Shared battle move/release/hit/rout/cast/status cues,body_humanoid;weapon_chain;ability_harry;ability_backstab,"Proposed shared bank; verify actual art, body and weapon before generation. No bespoke voice line per unit. All passive abilities may remain silent."
units,unit_sunvault_zenith_lensbearers,Zenith Lensbearers,content/units.json,Shared battle move/release/hit/rout/cast/status cues,body_humanoid;weapon_arcane;ability_volley;ability_harry,"Proposed shared bank; verify actual art, body and weapon before generation. No bespoke voice line per unit. All passive abilities may remain silent."
units,unit_neutral_cinderwake_aurochs,Cinderwake Aurochs,content/units.json,Shared battle move/release/hit/rout/cast/status cues,body_antlered;ability_reach;ability_shielding,"Proposed shared bank; verify actual art, body and weapon before generation. No bespoke voice line per unit. All passive abilities may remain silent."
units,unit_neutral_tideglass_skyrays,Tideglass Skyrays,content/units.json,Shared battle move/release/hit/rout/cast/status cues,body_ray;ability_harry;ability_volley,"Proposed shared bank; verify actual art, body and weapon before generation. No bespoke voice line per unit. All passive abilities may remain silent."
units,unit_neutral_brambleback_knucklebears,Brambleback Knucklebears,content/units.json,Shared battle move/release/hit/rout/cast/status cues,body_bear;ability_brace;ability_shielding,"Proposed shared bank; verify actual art, body and weapon before generation. No bespoke voice line per unit. All passive abilities may remain silent."
units,unit_neutral_mireglass_belltoads,Mireglass Belltoads,content/units.json,Shared battle move/release/hit/rout/cast/status cues,body_amphibian;ability_harry;ability_volley,"Proposed shared bank; verify actual art, body and weapon before generation. No bespoke voice line per unit. All passive abilities may remain silent."
units,unit_neutral_galehorn_striders,Galehorn Striders,content/units.json,Shared battle move/release/hit/rout/cast/status cues,body_antlered;ability_reach;ability_bloodrush,"Proposed shared bank; verify actual art, body and weapon before generation. No bespoke voice line per unit. All passive abilities may remain silent."
units,unit_neutral_sunscale_lanternmoths,Sunscale Lanternmoths,content/units.json,Shared battle move/release/hit/rout/cast/status cues,body_insect;ability_harry;ability_volley,"Proposed shared bank; verify actual art, body and weapon before generation. No bespoke voice line per unit. All passive abilities may remain silent."
units,unit_neutral_rimebell_skyrakers,Rimebell Skyrakers,content/units.json,Shared battle move/release/hit/rout/cast/status cues,body_winged;ability_fog_screen;ability_reach,"Proposed shared bank; verify actual art, body and weapon before generation. No bespoke voice line per unit. All passive abilities may remain silent."
units,unit_neutral_deepforge_vaultwyrms,Deepforge Vaultwyrms,content/units.json,Shared battle move/release/hit/rout/cast/status cues,body_wyrm;ability_brace;ability_shielding,"Proposed shared bank; verify actual art, body and weapon before generation. No bespoke voice line per unit. All passive abilities may remain silent."
units,unit_thornwake_seedglass_cantors,Seedglass Cantors,content/units.json,Shared battle move/release/hit/rout/cast/status cues,body_humanoid;weapon_arcane;ability_harry;ability_volley,"Proposed shared bank; verify actual art, body and weapon before generation. No bespoke voice line per unit. All passive abilities may remain silent."
units,unit_brasshollow_quenchbell_mortars,Quenchbell Mortars,content/units.json,Shared battle move/release/hit/rout/cast/status cues,body_humanoid;weapon_siege;ability_volley;ability_harry,"Proposed shared bank; verify actual art, body and weapon before generation. No bespoke voice line per unit. All passive abilities may remain silent."
units,unit_veilmourn_saltwake_eulogists,Saltwake Eulogists,content/units.json,Shared battle move/release/hit/rout/cast/status cues,body_humanoid;weapon_arcane;ability_obituary;ability_volley,"Proposed shared bank; verify actual art, body and weapon before generation. No bespoke voice line per unit. All passive abilities may remain silent."
units,unit_thornwake_seedshield_wardens,Seedshield Wardens,content/units.json,Shared battle move/release/hit/rout/cast/status cues,body_humanoid;weapon_blade;ability_brace;ability_shielding,"Proposed shared bank; verify actual art, body and weapon before generation. No bespoke voice line per unit. All passive abilities may remain silent."
units,unit_brasshollow_gaugefire_arbalists,Gaugefire Arbalists,content/units.json,Shared battle move/release/hit/rout/cast/status cues,body_humanoid;weapon_siege;ability_volley;ability_harry,"Proposed shared bank; verify actual art, body and weapon before generation. No bespoke voice line per unit. All passive abilities may remain silent."
units,unit_veilmourn_wakechain_boarders,Wakechain Boarders,content/units.json,Shared battle move/release/hit/rout/cast/status cues,body_humanoid;weapon_chain;ability_hookline;ability_fog_screen,"Proposed shared bank; verify actual art, body and weapon before generation. No bespoke voice line per unit. All passive abilities may remain silent."
units,unit_thornwake_bramblekite_needlers,Bramblekite Needlers,content/units.json,Shared battle move/release/hit/rout/cast/status cues,body_humanoid;weapon_thrown;ability_harry,"Proposed shared bank; verify actual art, body and weapon before generation. No bespoke voice line per unit. All passive abilities may remain silent."
units,unit_brasshollow_quenchspool_slingers,Quenchspool Slingers,content/units.json,Shared battle move/release/hit/rout/cast/status cues,body_humanoid;weapon_sling;ability_volley,"Proposed shared bank; verify actual art, body and weapon before generation. No bespoke voice line per unit. All passive abilities may remain silent."
units,unit_veilmourn_saltbell_casters,Saltbell Casters,content/units.json,Shared battle move/release/hit/rout/cast/status cues,body_humanoid;weapon_arcane;ability_harry,"Proposed shared bank; verify actual art, body and weapon before generation. No bespoke voice line per unit. All passive abilities may remain silent."
units,unit_embercourt_lockglass_writcasters,Lockglass Writcasters,content/units.json,Shared battle move/release/hit/rout/cast/status cues,body_humanoid;weapon_arcane;ability_volley,"Proposed shared bank; verify actual art, body and weapon before generation. No bespoke voice line per unit. All passive abilities may remain silent."
units,unit_thornwake_pollenhook_whistlers,Pollenhook Whistlers,content/units.json,Shared battle move/release/hit/rout/cast/status cues,body_humanoid;weapon_arcane;ability_harry,"Proposed shared bank; verify actual art, body and weapon before generation. No bespoke voice line per unit. All passive abilities may remain silent."
units,unit_brasshollow_tallyspring_throwers,Tallyspring Throwers,content/units.json,Shared battle move/release/hit/rout/cast/status cues,body_humanoid;weapon_thrown;ability_volley,"Proposed shared bank; verify actual art, body and weapon before generation. No bespoke voice line per unit. All passive abilities may remain silent."
units,unit_veilmourn_gloamkeel_bulwarks,Gloamkeel Bulwarks,content/units.json,Shared battle move/release/hit/rout/cast/status cues,body_humanoid;weapon_blade;ability_brace;ability_fog_screen,"Proposed shared bank; verify actual art, body and weapon before generation. No bespoke voice line per unit. All passive abilities may remain silent."
units,unit_neutral_ashcrown_kilnelk,Ashcrown Kilnelk,content/units.json,Shared battle move/release/hit/rout/cast/status cues,body_antlered;ability_reach;ability_bloodrush,"Proposed shared bank; verify actual art, body and weapon before generation. No bespoke voice line per unit. All passive abilities may remain silent."
units,unit_neutral_miremoon_crownmaws,Miremoon Crownmaws,content/units.json,Shared battle move/release/hit/rout/cast/status cues,body_amphibian;ability_brace;ability_shielding,"Proposed shared bank; verify actual art, body and weapon before generation. No bespoke voice line per unit. All passive abilities may remain silent."
units,unit_neutral_noonshard_prism_kites,Noonshard Prism Kites,content/units.json,Shared battle move/release/hit/rout/cast/status cues,body_winged;ability_harry;ability_volley,"Proposed shared bank; verify actual art, body and weapon before generation. No bespoke voice line per unit. All passive abilities may remain silent."
units,unit_neutral_rootvault_barkhulks,Rootvault Barkhulks,content/units.json,Shared battle move/release/hit/rout/cast/status cues,body_living_wood;ability_brace;ability_shielding,"Proposed shared bank; verify actual art, body and weapon before generation. No bespoke voice line per unit. All passive abilities may remain silent."
units,unit_neutral_quenchbell_ironbacks,Quenchbell Ironbacks,content/units.json,Shared battle move/release/hit/rout/cast/status cues,body_machine;ability_reach;ability_bloodrush,"Proposed shared bank; verify actual art, body and weapon before generation. No bespoke voice line per unit. All passive abilities may remain silent."
units,unit_neutral_saltwake_bellwhales,Saltwake Bellwhales,content/units.json,Shared battle move/release/hit/rout/cast/status cues,body_leviathan;ability_harry;ability_volley,"Proposed shared bank; verify actual art, body and weapon before generation. No bespoke voice line per unit. All passive abilities may remain silent."
units,unit_embercourt_amberweir_lockpike_wardens,Lockpike Wardens,content/units.json,Shared battle move/release/hit/rout/cast/status cues,body_humanoid;weapon_polearm;ability_reach;ability_brace,"Proposed shared bank; verify actual art, body and weapon before generation. No bespoke voice line per unit. All passive abilities may remain silent."
units,unit_mireclaw_moonbite_votive_drummers,Votive Drummers,content/units.json,Shared battle move/release/hit/rout/cast/status cues,body_humanoid;weapon_arcane;ability_harry;ability_volley,"Proposed shared bank; verify actual art, body and weapon before generation. No bespoke voice line per unit. All passive abilities may remain silent."
units,unit_sunvault_splitprism_parallax_fencers,Parallax Fencers,content/units.json,Shared battle move/release/hit/rout/cast/status cues,body_humanoid;weapon_blade;ability_reach;ability_backstab,"Proposed shared bank; verify actual art, body and weapon before generation. No bespoke voice line per unit. All passive abilities may remain silent."
units,unit_thornwake_woundroot_hearthseed_slingers,Hearthseed Slingers,content/units.json,Shared battle move/release/hit/rout/cast/status cues,body_humanoid;weapon_sling;ability_harry;ability_volley,"Proposed shared bank; verify actual art, body and weapon before generation. No bespoke voice line per unit. All passive abilities may remain silent."
units,unit_brasshollow_whitegauge_datum_lancers,Datum Lancers,content/units.json,Shared battle move/release/hit/rout/cast/status cues,body_humanoid;weapon_polearm;ability_reach;ability_brace,"Proposed shared bank; verify actual art, body and weapon before generation. No bespoke voice line per unit. All passive abilities may remain silent."
units,unit_veilmourn_dreamwake_tideglass_oracles,Tideglass Oracles,content/units.json,Shared battle move/release/hit/rout/cast/status cues,body_humanoid;weapon_arcane;ability_harry;ability_volley,"Proposed shared bank; verify actual art, body and weapon before generation. No bespoke voice line per unit. All passive abilities may remain silent."
units,unit_embercourt_amberweir_sluicebrand_mangonels,Sluicebrand Mangonels,content/units.json,Shared battle move/release/hit/rout/cast/status cues,body_humanoid;weapon_siege;ability_volley;ability_readiness_writ,"Proposed shared bank; verify actual art, body and weapon before generation. No bespoke voice line per unit. All passive abilities may remain silent."
units,unit_mireclaw_moonbite_mirehorn_breakers,Mirehorn Breakers,content/units.json,Shared battle move/release/hit/rout/cast/status cues,body_bog_brute;ability_hookline;ability_bloodrush,"Proposed shared bank; verify actual art, body and weapon before generation. No bespoke voice line per unit. All passive abilities may remain silent."
units,unit_sunvault_splitprism_heliograph_ballistae,Heliograph Ballistae,content/units.json,Shared battle move/release/hit/rout/cast/status cues,body_humanoid;weapon_siege;ability_volley;ability_resonance_relay,"Proposed shared bank; verify actual art, body and weapon before generation. No bespoke voice line per unit. All passive abilities may remain silent."
units,unit_thornwake_woundroot_rootmaul_behemoths,Rootmaul Behemoths,content/units.json,Shared battle move/release/hit/rout/cast/status cues,body_living_wood;ability_bramble_ground;ability_brace,"Proposed shared bank; verify actual art, body and weapon before generation. No bespoke voice line per unit. All passive abilities may remain silent."
units,unit_brasshollow_whitegauge_datum_breach_cannons,Datum Breach-Cannons,content/units.json,Shared battle move/release/hit/rout/cast/status cues,body_humanoid;weapon_siege;ability_harry;ability_volley,"Proposed shared bank; verify actual art, body and weapon before generation. No bespoke voice line per unit. All passive abilities may remain silent."
units,unit_veilmourn_dreamwake_foganchor_colossi,Foganchor Colossi,content/units.json,Shared battle move/release/hit/rout/cast/status cues,body_spectral;ability_hookline;ability_fog_screen,"Proposed shared bank; verify actual art, body and weapon before generation. No bespoke voice line per unit. All passive abilities may remain silent."
units,unit_neutral_cindervane_censerwings,Cindervane Censerwings,content/units.json,Shared battle move/release/hit/rout/cast/status cues,body_insect;ability_harry;ability_volley,"Proposed shared bank; verify actual art, body and weapon before generation. No bespoke voice line per unit. All passive abilities may remain silent."
units,unit_neutral_fenmirror_gallowshells,Fenmirror Gallowshells,content/units.json,Shared battle move/release/hit/rout/cast/status cues,body_amphibian;ability_brace;ability_shielding,"Proposed shared bank; verify actual art, body and weapon before generation. No bespoke voice line per unit. All passive abilities may remain silent."
units,unit_neutral_prismwake_raylings,Prismwake Raylings,content/units.json,Shared battle move/release/hit/rout/cast/status cues,body_ray;ability_harry;ability_volley,"Proposed shared bank; verify actual art, body and weapon before generation. No bespoke voice line per unit. All passive abilities may remain silent."
units,unit_neutral_rootcrown_knotstags,Rootcrown Knotstags,content/units.json,Shared battle move/release/hit/rout/cast/status cues,body_antlered;ability_reach;ability_shielding,"Proposed shared bank; verify actual art, body and weapon before generation. No bespoke voice line per unit. All passive abilities may remain silent."
units,unit_neutral_gaugecoil_orewyrms,Gaugecoil Orewyrms,content/units.json,Shared battle move/release/hit/rout/cast/status cues,body_machine;ability_brace;ability_reach,"Proposed shared bank; verify actual art, body and weapon before generation. No bespoke voice line per unit. All passive abilities may remain silent."
units,unit_neutral_gloambell_wake_mantas,Gloambell Wake-Mantas,content/units.json,Shared battle move/release/hit/rout/cast/status cues,body_ray;ability_harry;ability_volley,"Proposed shared bank; verify actual art, body and weapon before generation. No bespoke voice line per unit. All passive abilities may remain silent."
spells,spell_waystride,Waystride,content/spells.json,audio_placeholder_spell_school_soft,magic_beacon_cast;magic_beacon_field_march,Preserve seven exact spell identities; share school/effect banks for the rest. Proposed mappings require runtime implementation.
spells,spell_cinder_burst,Cinder Burst,content/spells.json,audio_spell_cinder_burst plus generic event cues,replace_audio_spell_cinder_burst;magic_furnace_cast;magic_furnace_impact,Preserve seven exact spell identities; share school/effect banks for the rest. Proposed mappings require runtime implementation.
spells,spell_stone_veil,Stone Veil,content/spells.json,Generic battle cast/hit/status; shared Command Ward only for effect resolution,magic_furnace_cast;magic_furnace_ward;magic_furnace_expire,Preserve seven exact spell identities; share school/effect banks for the rest. Proposed mappings require runtime implementation.
spells,spell_quickmarch_hymn,Quickmarch Hymn,content/spells.json,Generic battle cast/hit/status; shared Command Ward only for effect resolution,magic_beacon_cast;magic_beacon_haste;magic_beacon_expire,Preserve seven exact spell identities; share school/effect banks for the rest. Proposed mappings require runtime implementation.
spells,spell_trailglyph,Trailglyph,content/spells.json,audio_placeholder_spell_school_soft,magic_beacon_cast;magic_beacon_field_march,Preserve seven exact spell identities; share school/effect banks for the rest. Proposed mappings require runtime implementation.
spells,spell_beacon_path,Beacon Path,content/spells.json,audio_placeholder_spell_school_soft,magic_beacon_cast;magic_beacon_field_march,Preserve seven exact spell identities; share school/effect banks for the rest. Proposed mappings require runtime implementation.
spells,spell_rootway_tangle,Rootway Tangle,content/spells.json,audio_placeholder_spell_school_soft,magic_root_cast;magic_root_field_march,Preserve seven exact spell identities; share school/effect banks for the rest. Proposed mappings require runtime implementation.
spells,spell_fogline_drift,Fogline Drift,content/spells.json,audio_placeholder_spell_school_soft,magic_veil_cast;magic_veil_field_march,Preserve seven exact spell identities; share school/effect banks for the rest. Proposed mappings require runtime implementation.
spells,spell_survey_chain,Survey Chain,content/spells.json,audio_placeholder_spell_school_soft,magic_old_measure_cast;magic_old_measure_field_reveal,Preserve seven exact spell identities; share school/effect banks for the rest. Proposed mappings require runtime implementation.
spells,spell_coal_rain,Coal Rain,content/spells.json,audio_spell_coal_rain plus generic event cues,replace_audio_spell_coal_rain;magic_mire_cast;magic_mire_impact,Preserve seven exact spell identities; share school/effect banks for the rest. Proposed mappings require runtime implementation.
spells,spell_bulwark_litany,Bulwark Litany,content/spells.json,Generic battle cast/hit/status; shared Command Ward only for effect resolution,magic_beacon_cast;magic_beacon_ward;magic_beacon_expire,Preserve seven exact spell identities; share school/effect banks for the rest. Proposed mappings require runtime implementation.
spells,spell_relay_drum,Relay Drum,content/spells.json,Generic battle cast/hit/status; shared Command Ward only for effect resolution,magic_mire_cast;magic_mire_haste;magic_mire_expire,Preserve seven exact spell identities; share school/effect banks for the rest. Proposed mappings require runtime implementation.
spells,spell_lantern_phalanx,Lantern Phalanx,content/spells.json,Generic battle cast/hit/status; shared Command Ward only for effect resolution,magic_beacon_cast;magic_beacon_empower;magic_beacon_expire,Preserve seven exact spell identities; share school/effect banks for the rest. Proposed mappings require runtime implementation.
spells,spell_bloodwake_drum,Bloodwake Drum,content/spells.json,Generic battle cast/hit/status; shared Command Ward only for effect resolution,magic_mire_cast;magic_mire_empower;magic_mire_expire,Preserve seven exact spell identities; share school/effect banks for the rest. Proposed mappings require runtime implementation.
spells,spell_prism_bastion,Prism Bastion,content/spells.json,audio_spell_prism_bastion plus generic event cues,replace_audio_spell_prism_bastion;magic_lens_cast;magic_lens_cleanse;magic_lens_expire,Preserve seven exact spell identities; share school/effect banks for the rest. Proposed mappings require runtime implementation.
spells,spell_resonant_chorus,Resonant Chorus,content/spells.json,audio_spell_resonant_chorus plus generic event cues,replace_audio_spell_resonant_chorus;magic_lens_cast;magic_lens_haste;magic_lens_expire,Preserve seven exact spell identities; share school/effect banks for the rest. Proposed mappings require runtime implementation.
spells,spell_sunlance_arc,Sunlance Arc,content/spells.json,audio_spell_sunlance_arc plus generic event cues,replace_audio_spell_sunlance_arc;magic_lens_cast;magic_lens_impact,Preserve seven exact spell identities; share school/effect banks for the rest. Proposed mappings require runtime implementation.
spells,spell_briar_bind,Briar Bind,content/spells.json,audio_spell_briar_bind plus generic event cues,replace_audio_spell_briar_bind;magic_root_cast;magic_root_bind,Preserve seven exact spell identities; share school/effect banks for the rest. Proposed mappings require runtime implementation.
spells,spell_graft_mend,Graft Mend,content/spells.json,audio_spell_graft_mend plus generic event cues,replace_audio_spell_graft_mend;magic_root_cast;magic_root_heal;magic_root_expire,Preserve seven exact spell identities; share school/effect banks for the rest. Proposed mappings require runtime implementation.
spells,spell_heat_rite,Heat Rite,content/spells.json,Generic battle cast/hit/status; shared Command Ward only for effect resolution,magic_furnace_cast;magic_furnace_empower;magic_furnace_expire,Preserve seven exact spell identities; share school/effect banks for the rest. Proposed mappings require runtime implementation.
spells,spell_pressure_clause,Pressure Clause,content/spells.json,Generic battle cast/hit/status; shared Command Ward only for effect resolution,magic_furnace_cast;magic_furnace_impact,Preserve seven exact spell identities; share school/effect banks for the rest. Proposed mappings require runtime implementation.
spells,spell_fogwake_step,Fogwake Step,content/spells.json,Generic battle cast/hit/status; shared Command Ward only for effect resolution,magic_veil_cast;magic_veil_haste;magic_veil_expire,Preserve seven exact spell identities; share school/effect banks for the rest. Proposed mappings require runtime implementation.
spells,spell_obituary_mark,Obituary Mark,content/spells.json,Generic battle cast/hit/status; shared Command Ward only for effect resolution,magic_veil_cast;magic_veil_impact,Preserve seven exact spell identities; share school/effect banks for the rest. Proposed mappings require runtime implementation.
spells,spell_beacon_roadward_signal_07,Roadward Signal,content/spells.json,Generic battle cast/hit/status; shared Command Ward only for effect resolution,magic_beacon_cast;magic_beacon_haste;magic_beacon_expire,Preserve seven exact spell identities; share school/effect banks for the rest. Proposed mappings require runtime implementation.
spells,spell_beacon_bell_ward_09,Bell Ward,content/spells.json,Generic battle cast/hit/status; shared Command Ward only for effect resolution,magic_beacon_cast;magic_beacon_ward;magic_beacon_expire,Preserve seven exact spell identities; share school/effect banks for the rest. Proposed mappings require runtime implementation.
spells,spell_beacon_column_charge_11,Column Charge,content/spells.json,Generic battle cast/hit/status; shared Command Ward only for effect resolution,magic_beacon_cast;magic_beacon_empower;magic_beacon_expire,Preserve seven exact spell identities; share school/effect banks for the rest. Proposed mappings require runtime implementation.
spells,spell_beacon_writ_lance_13,Writ Lance,content/spells.json,Generic battle cast/hit/status; shared Command Ward only for effect resolution,magic_beacon_cast;magic_beacon_impact,Preserve seven exact spell identities; share school/effect banks for the rest. Proposed mappings require runtime implementation.
spells,spell_beacon_waymark_road_15,Waymark Road,content/spells.json,audio_placeholder_spell_school_soft,magic_beacon_cast;magic_beacon_field_march,Preserve seven exact spell identities; share school/effect banks for the rest. Proposed mappings require runtime implementation.
spells,spell_beacon_lantern_oath_17,Lantern Oath,content/spells.json,Generic battle cast/hit/status; shared Command Ward only for effect resolution,magic_beacon_cast;magic_beacon_cleanse;magic_beacon_expire,Preserve seven exact spell identities; share school/effect banks for the rest. Proposed mappings require runtime implementation.
spells,spell_beacon_crown_signal_19,Crown Signal,content/spells.json,Generic battle cast/hit/status; shared Command Ward only for effect resolution,magic_beacon_cast;magic_beacon_haste;magic_beacon_expire,Preserve seven exact spell identities; share school/effect banks for the rest. Proposed mappings require runtime implementation.
spells,spell_beacon_dawn_ward_21,Dawn Ward,content/spells.json,Generic battle cast/hit/status; shared Command Ward only for effect resolution,magic_beacon_cast;magic_beacon_ward;magic_beacon_expire,Preserve seven exact spell identities; share school/effect banks for the rest. Proposed mappings require runtime implementation.
spells,spell_beacon_roadward_charge_23,Roadward Charge,content/spells.json,Generic battle cast/hit/status; shared Command Ward only for effect resolution,magic_beacon_cast;magic_beacon_empower;magic_beacon_expire,Preserve seven exact spell identities; share school/effect banks for the rest. Proposed mappings require runtime implementation.
spells,spell_beacon_bell_lance_25,Bell Lance,content/spells.json,Generic battle cast/hit/status; shared Command Ward only for effect resolution,magic_beacon_cast;magic_beacon_impact,Preserve seven exact spell identities; share school/effect banks for the rest. Proposed mappings require runtime implementation.
spells,spell_mire_silt_rot_04,Silt Rot,content/spells.json,Generic battle cast/hit/status; shared Command Ward only for effect resolution,magic_mire_cast;magic_mire_impact,Preserve seven exact spell identities; share school/effect banks for the rest. Proposed mappings require runtime implementation.
spells,spell_mire_dusk_drum_06,Dusk Drum,content/spells.json,Generic battle cast/hit/status; shared Command Ward only for effect resolution,magic_mire_cast;magic_mire_haste;magic_mire_expire,Preserve seven exact spell identities; share school/effect banks for the rest. Proposed mappings require runtime implementation.
spells,spell_mire_brine_frenzy_08,Brine Frenzy,content/spells.json,Generic battle cast/hit/status; shared Command Ward only for effect resolution,magic_mire_cast;magic_mire_empower;magic_mire_expire,Preserve seven exact spell identities; share school/effect banks for the rest. Proposed mappings require runtime implementation.
spells,spell_mire_leech_snare_10,Leech Snare,content/spells.json,Generic battle cast/hit/status; shared Command Ward only for effect resolution,magic_mire_cast;magic_mire_bind,Preserve seven exact spell identities; share school/effect banks for the rest. Proposed mappings require runtime implementation.
spells,spell_mire_flood_fenlight_12,Flood Fenlight,content/spells.json,audio_placeholder_spell_school_soft,magic_mire_cast;magic_mire_field_reveal,Preserve seven exact spell identities; share school/effect banks for the rest. Proposed mappings require runtime implementation.
spells,spell_mire_sluice_poultice_14,Sluice Poultice,content/spells.json,Generic battle cast/hit/status; shared Command Ward only for effect resolution,magic_mire_cast;magic_mire_heal;magic_mire_expire,Preserve seven exact spell identities; share school/effect banks for the rest. Proposed mappings require runtime implementation.
spells,spell_mire_lowtide_rot_16,Lowtide Rot,content/spells.json,Generic battle cast/hit/status; shared Command Ward only for effect resolution,magic_mire_cast;magic_mire_impact,Preserve seven exact spell identities; share school/effect banks for the rest. Proposed mappings require runtime implementation.
spells,spell_mire_bog_drum_18,Bog Drum,content/spells.json,Generic battle cast/hit/status; shared Command Ward only for effect resolution,magic_mire_cast;magic_mire_haste;magic_mire_expire,Preserve seven exact spell identities; share school/effect banks for the rest. Proposed mappings require runtime implementation.
spells,spell_mire_silt_frenzy_20,Silt Frenzy,content/spells.json,Generic battle cast/hit/status; shared Command Ward only for effect resolution,magic_mire_cast;magic_mire_empower;magic_mire_expire,Preserve seven exact spell identities; share school/effect banks for the rest. Proposed mappings require runtime implementation.
spells,spell_mire_dusk_snare_22,Dusk Snare,content/spells.json,Generic battle cast/hit/status; shared Command Ward only for effect resolution,magic_mire_cast;magic_mire_bind,Preserve seven exact spell identities; share school/effect banks for the rest. Proposed mappings require runtime implementation.
spells,spell_mire_brine_fenlight_24,Brine Fenlight,content/spells.json,audio_placeholder_spell_school_soft,magic_mire_cast;magic_mire_field_reveal,Preserve seven exact spell identities; share school/effect banks for the rest. Proposed mappings require runtime implementation.
spells,spell_mire_leech_poultice_26,Leech Poultice,content/spells.json,Generic battle cast/hit/status; shared Command Ward only for effect resolution,magic_mire_cast;magic_mire_heal;magic_mire_expire,Preserve seven exact spell identities; share school/effect banks for the rest. Proposed mappings require runtime implementation.
spells,spell_mire_flood_rot_28,Flood Rot,content/spells.json,Generic battle cast/hit/status; shared Command Ward only for effect resolution,magic_mire_cast;magic_mire_impact,Preserve seven exact spell identities; share school/effect banks for the rest. Proposed mappings require runtime implementation.
spells,spell_lens_mirror_prism_04,Mirror Prism,content/spells.json,Generic battle cast/hit/status; shared Command Ward only for effect resolution,magic_lens_cast;magic_lens_cleanse;magic_lens_expire,Preserve seven exact spell identities; share school/effect banks for the rest. Proposed mappings require runtime implementation.
spells,spell_lens_array_ray_06,Array Ray,content/spells.json,Generic battle cast/hit/status; shared Command Ward only for effect resolution,magic_lens_cast;magic_lens_impact,Preserve seven exact spell identities; share school/effect banks for the rest. Proposed mappings require runtime implementation.
spells,spell_lens_glass_facet_08,Glass Facet,content/spells.json,Generic battle cast/hit/status; shared Command Ward only for effect resolution,magic_lens_cast;magic_lens_ward;magic_lens_expire,Preserve seven exact spell identities; share school/effect banks for the rest. Proposed mappings require runtime implementation.
spells,spell_lens_aurora_chorus_10,Aurora Chorus,content/spells.json,Generic battle cast/hit/status; shared Command Ward only for effect resolution,magic_lens_cast;magic_lens_haste;magic_lens_expire,Preserve seven exact spell identities; share school/effect banks for the rest. Proposed mappings require runtime implementation.
spells,spell_lens_starlens_survey_12,Starlens Survey,content/spells.json,audio_placeholder_spell_school_soft,magic_lens_cast;magic_lens_field_reveal,Preserve seven exact spell identities; share school/effect banks for the rest. Proposed mappings require runtime implementation.
spells,spell_lens_focus_array_14,Focus Array,content/spells.json,Generic battle cast/hit/status; shared Command Ward only for effect resolution,magic_lens_cast;magic_lens_empower;magic_lens_expire,Preserve seven exact spell identities; share school/effect banks for the rest. Proposed mappings require runtime implementation.
spells,spell_lens_crown_prism_16,Crown Prism,content/spells.json,Generic battle cast/hit/status; shared Command Ward only for effect resolution,magic_lens_cast;magic_lens_cleanse;magic_lens_expire,Preserve seven exact spell identities; share school/effect banks for the rest. Proposed mappings require runtime implementation.
spells,spell_lens_halo_ray_18,Halo Ray,content/spells.json,Generic battle cast/hit/status; shared Command Ward only for effect resolution,magic_lens_cast;magic_lens_impact,Preserve seven exact spell identities; share school/effect banks for the rest. Proposed mappings require runtime implementation.
spells,spell_lens_mirror_facet_20,Mirror Facet,content/spells.json,Generic battle cast/hit/status; shared Command Ward only for effect resolution,magic_lens_cast;magic_lens_ward;magic_lens_expire,Preserve seven exact spell identities; share school/effect banks for the rest. Proposed mappings require runtime implementation.
spells,spell_lens_array_chorus_22,Array Chorus,content/spells.json,Generic battle cast/hit/status; shared Command Ward only for effect resolution,magic_lens_cast;magic_lens_haste;magic_lens_expire,Preserve seven exact spell identities; share school/effect banks for the rest. Proposed mappings require runtime implementation.
spells,spell_lens_glass_survey_24,Glass Survey,content/spells.json,audio_placeholder_spell_school_soft,magic_lens_cast;magic_lens_field_reveal,Preserve seven exact spell identities; share school/effect banks for the rest. Proposed mappings require runtime implementation.
spells,spell_lens_aurora_array_26,Aurora Array,content/spells.json,Generic battle cast/hit/status; shared Command Ward only for effect resolution,magic_lens_cast;magic_lens_empower;magic_lens_expire,Preserve seven exact spell identities; share school/effect banks for the rest. Proposed mappings require runtime implementation.
spells,spell_lens_starlens_prism_28,Starlens Prism,content/spells.json,Generic battle cast/hit/status; shared Command Ward only for effect resolution,magic_lens_cast;magic_lens_cleanse;magic_lens_expire,Preserve seven exact spell identities; share school/effect banks for the rest. Proposed mappings require runtime implementation.
spells,spell_root_bloom_briar_04,Bloom Briar,content/spells.json,Generic battle cast/hit/status; shared Command Ward only for effect resolution,magic_root_cast;magic_root_bind,Preserve seven exact spell identities; share school/effect banks for the rest. Proposed mappings require runtime implementation.
spells,spell_root_canopy_graft_06,Canopy Graft,content/spells.json,Generic battle cast/hit/status; shared Command Ward only for effect resolution,magic_root_cast;magic_root_heal;magic_root_expire,Preserve seven exact spell identities; share school/effect banks for the rest. Proposed mappings require runtime implementation.
spells,spell_root_bark_bark_08,Bark Mantle,content/spells.json,Generic battle cast/hit/status; shared Command Ward only for effect resolution,magic_root_cast;magic_root_ward;magic_root_expire,Preserve seven exact spell identities; share school/effect banks for the rest. Proposed mappings require runtime implementation.
spells,spell_root_loam_thorn_10,Loam Thorn,content/spells.json,Generic battle cast/hit/status; shared Command Ward only for effect resolution,magic_root_cast;magic_root_impact,Preserve seven exact spell identities; share school/effect banks for the rest. Proposed mappings require runtime implementation.
spells,spell_root_green_rootway_12,Green Rootway,content/spells.json,audio_placeholder_spell_school_soft,magic_root_cast;magic_root_field_march,Preserve seven exact spell identities; share school/effect banks for the rest. Proposed mappings require runtime implementation.
spells,spell_root_branch_bloom_14,Branch Bloom,content/spells.json,Generic battle cast/hit/status; shared Command Ward only for effect resolution,magic_root_cast;magic_root_empower;magic_root_expire,Preserve seven exact spell identities; share school/effect banks for the rest. Proposed mappings require runtime implementation.
spells,spell_root_wild_briar_16,Wild Briar,content/spells.json,Generic battle cast/hit/status; shared Command Ward only for effect resolution,magic_root_cast;magic_root_bind,Preserve seven exact spell identities; share school/effect banks for the rest. Proposed mappings require runtime implementation.
spells,spell_root_graft_graft_18,Graft Ward,content/spells.json,Generic battle cast/hit/status; shared Command Ward only for effect resolution,magic_root_cast;magic_root_heal;magic_root_expire,Preserve seven exact spell identities; share school/effect banks for the rest. Proposed mappings require runtime implementation.
spells,spell_root_bloom_bark_20,Bloom Bark,content/spells.json,Generic battle cast/hit/status; shared Command Ward only for effect resolution,magic_root_cast;magic_root_ward;magic_root_expire,Preserve seven exact spell identities; share school/effect banks for the rest. Proposed mappings require runtime implementation.
spells,spell_root_canopy_thorn_22,Canopy Thorn,content/spells.json,Generic battle cast/hit/status; shared Command Ward only for effect resolution,magic_root_cast;magic_root_impact,Preserve seven exact spell identities; share school/effect banks for the rest. Proposed mappings require runtime implementation.
spells,spell_root_bark_rootway_24,Bark Rootway,content/spells.json,audio_placeholder_spell_school_soft,magic_root_cast;magic_root_field_march,Preserve seven exact spell identities; share school/effect banks for the rest. Proposed mappings require runtime implementation.
spells,spell_root_loam_bloom_26,Loam Bloom,content/spells.json,Generic battle cast/hit/status; shared Command Ward only for effect resolution,magic_root_cast;magic_root_empower;magic_root_expire,Preserve seven exact spell identities; share school/effect banks for the rest. Proposed mappings require runtime implementation.
spells,spell_root_green_briar_28,Green Briar,content/spells.json,Generic battle cast/hit/status; shared Command Ward only for effect resolution,magic_root_cast;magic_root_bind,Preserve seven exact spell identities; share school/effect banks for the rest. Proposed mappings require runtime implementation.
spells,spell_furnace_rivet_clause_05,Rivet Clause,content/spells.json,Generic battle cast/hit/status; shared Command Ward only for effect resolution,magic_furnace_cast;magic_furnace_impact,Preserve seven exact spell identities; share school/effect banks for the rest. Proposed mappings require runtime implementation.
spells,spell_furnace_brass_rite_07,Brass Rite,content/spells.json,Generic battle cast/hit/status; shared Command Ward only for effect resolution,magic_furnace_cast;magic_furnace_empower;magic_furnace_expire,Preserve seven exact spell identities; share school/effect banks for the rest. Proposed mappings require runtime implementation.
spells,spell_furnace_ash_mantle_09,Ash Mantle,content/spells.json,Generic battle cast/hit/status; shared Command Ward only for effect resolution,magic_furnace_cast;magic_furnace_ward;magic_furnace_expire,Preserve seven exact spell identities; share school/effect banks for the rest. Proposed mappings require runtime implementation.
spells,spell_furnace_foundry_bellows_11,Foundry Bellows,content/spells.json,Generic battle cast/hit/status; shared Command Ward only for effect resolution,magic_furnace_cast;magic_furnace_haste;magic_furnace_expire,Preserve seven exact spell identities; share school/effect banks for the rest. Proposed mappings require runtime implementation.
spells,spell_furnace_hammer_rail_13,Hammer Rail,content/spells.json,audio_placeholder_spell_school_soft,magic_furnace_cast;magic_furnace_field_march,Preserve seven exact spell identities; share school/effect banks for the rest. Proposed mappings require runtime implementation.
spells,spell_furnace_slag_clamp_15,Slag Clamp,content/spells.json,Generic battle cast/hit/status; shared Command Ward only for effect resolution,magic_furnace_cast;magic_furnace_bind,Preserve seven exact spell identities; share school/effect banks for the rest. Proposed mappings require runtime implementation.
spells,spell_furnace_coal_clause_17,Coal Clause,content/spells.json,Generic battle cast/hit/status; shared Command Ward only for effect resolution,magic_furnace_cast;magic_furnace_impact,Preserve seven exact spell identities; share school/effect banks for the rest. Proposed mappings require runtime implementation.
spells,spell_furnace_kiln_rite_19,Kiln Rite,content/spells.json,Generic battle cast/hit/status; shared Command Ward only for effect resolution,magic_furnace_cast;magic_furnace_empower;magic_furnace_expire,Preserve seven exact spell identities; share school/effect banks for the rest. Proposed mappings require runtime implementation.
spells,spell_furnace_rivet_mantle_21,Rivet Mantle,content/spells.json,Generic battle cast/hit/status; shared Command Ward only for effect resolution,magic_furnace_cast;magic_furnace_ward;magic_furnace_expire,Preserve seven exact spell identities; share school/effect banks for the rest. Proposed mappings require runtime implementation.
spells,spell_furnace_brass_bellows_23,Brass Bellows,content/spells.json,Generic battle cast/hit/status; shared Command Ward only for effect resolution,magic_furnace_cast;magic_furnace_haste;magic_furnace_expire,Preserve seven exact spell identities; share school/effect banks for the rest. Proposed mappings require runtime implementation.
spells,spell_furnace_ash_rail_25,Ash Rail,content/spells.json,audio_placeholder_spell_school_soft,magic_furnace_cast;magic_furnace_field_march,Preserve seven exact spell identities; share school/effect banks for the rest. Proposed mappings require runtime implementation.
spells,spell_furnace_foundry_clamp_27,Foundry Clamp,content/spells.json,Generic battle cast/hit/status; shared Command Ward only for effect resolution,magic_furnace_cast;magic_furnace_bind,Preserve seven exact spell identities; share school/effect banks for the rest. Proposed mappings require runtime implementation.
spells,spell_veil_mourning_mark_04,Mourning Mark,content/spells.json,Generic battle cast/hit/status; shared Command Ward only for effect resolution,magic_veil_cast;magic_veil_impact,Preserve seven exact spell identities; share school/effect banks for the rest. Proposed mappings require runtime implementation.
spells,spell_veil_salt_step_06,Salt Step,content/spells.json,Generic battle cast/hit/status; shared Command Ward only for effect resolution,magic_veil_cast;magic_veil_haste;magic_veil_expire,Preserve seven exact spell identities; share school/effect banks for the rest. Proposed mappings require runtime implementation.
spells,spell_veil_tide_fogbind_08,Tide Fogbind,content/spells.json,Generic battle cast/hit/status; shared Command Ward only for effect resolution,magic_veil_cast;magic_veil_bind,Preserve seven exact spell identities; share school/effect banks for the rest. Proposed mappings require runtime implementation.
spells,spell_veil_mist_shroud_10,Mist Shroud,content/spells.json,Generic battle cast/hit/status; shared Command Ward only for effect resolution,magic_veil_cast;magic_veil_ward;magic_veil_expire,Preserve seven exact spell identities; share school/effect banks for the rest. Proposed mappings require runtime implementation.
spells,spell_veil_moon_drift_12,Moon Drift,content/spells.json,audio_placeholder_spell_school_soft,magic_veil_cast;magic_veil_field_march,Preserve seven exact spell identities; share school/effect banks for the rest. Proposed mappings require runtime implementation.
spells,spell_veil_wraith_duel_14,Wraith Duel,content/spells.json,Generic battle cast/hit/status; shared Command Ward only for effect resolution,magic_veil_cast;magic_veil_empower;magic_veil_expire,Preserve seven exact spell identities; share school/effect banks for the rest. Proposed mappings require runtime implementation.
spells,spell_veil_lantern_mark_16,Lantern Mark,content/spells.json,Generic battle cast/hit/status; shared Command Ward only for effect resolution,magic_veil_cast;magic_veil_impact,Preserve seven exact spell identities; share school/effect banks for the rest. Proposed mappings require runtime implementation.
spells,spell_veil_obituary_step_18,Obituary Step,content/spells.json,Generic battle cast/hit/status; shared Command Ward only for effect resolution,magic_veil_cast;magic_veil_haste;magic_veil_expire,Preserve seven exact spell identities; share school/effect banks for the rest. Proposed mappings require runtime implementation.
spells,spell_veil_mourning_fogbind_20,Mourning Fogbind,content/spells.json,Generic battle cast/hit/status; shared Command Ward only for effect resolution,magic_veil_cast;magic_veil_bind,Preserve seven exact spell identities; share school/effect banks for the rest. Proposed mappings require runtime implementation.
spells,spell_veil_salt_shroud_22,Salt Shroud,content/spells.json,Generic battle cast/hit/status; shared Command Ward only for effect resolution,magic_veil_cast;magic_veil_ward;magic_veil_expire,Preserve seven exact spell identities; share school/effect banks for the rest. Proposed mappings require runtime implementation.
spells,spell_veil_tide_drift_24,Tide Drift,content/spells.json,audio_placeholder_spell_school_soft,magic_veil_cast;magic_veil_field_march,Preserve seven exact spell identities; share school/effect banks for the rest. Proposed mappings require runtime implementation.
spells,spell_veil_mist_duel_26,Mist Duel,content/spells.json,Generic battle cast/hit/status; shared Command Ward only for effect resolution,magic_veil_cast;magic_veil_empower;magic_veil_expire,Preserve seven exact spell identities; share school/effect banks for the rest. Proposed mappings require runtime implementation.
spells,spell_veil_moon_mark_28,Moon Mark,content/spells.json,Generic battle cast/hit/status; shared Command Ward only for effect resolution,magic_veil_cast;magic_veil_impact,Preserve seven exact spell identities; share school/effect banks for the rest. Proposed mappings require runtime implementation.
spells,spell_old_measure_survey_survey_02,Survey Ring,content/spells.json,audio_placeholder_spell_school_soft,magic_old_measure_cast;magic_old_measure_field_reveal,Preserve seven exact spell identities; share school/effect banks for the rest. Proposed mappings require runtime implementation.
spells,spell_old_measure_tally_axiom_04,Tally Axiom,content/spells.json,Generic battle cast/hit/status; shared Command Ward only for effect resolution,magic_old_measure_cast;magic_old_measure_ward;magic_old_measure_expire,Preserve seven exact spell identities; share school/effect banks for the rest. Proposed mappings require runtime implementation.
spells,spell_old_measure_compass_boundary_06,Compass Boundary,content/spells.json,Generic battle cast/hit/status; shared Command Ward only for effect resolution,magic_old_measure_cast;magic_old_measure_bind,Preserve seven exact spell identities; share school/effect banks for the rest. Proposed mappings require runtime implementation.
spells,spell_old_measure_marker_tally_08,Marker Tally,content/spells.json,Generic battle cast/hit/status; shared Command Ward only for effect resolution,magic_old_measure_cast;magic_old_measure_impact,Preserve seven exact spell identities; share school/effect banks for the rest. Proposed mappings require runtime implementation.
spells,spell_old_measure_index_correction_10,Index Correction,content/spells.json,Generic battle cast/hit/status; shared Command Ward only for effect resolution,magic_old_measure_cast;magic_old_measure_cleanse;magic_old_measure_expire,Preserve seven exact spell identities; share school/effect banks for the rest. Proposed mappings require runtime implementation.
spells,spell_old_measure_proof_pace_12,Proof Pace,content/spells.json,audio_placeholder_spell_school_soft,magic_old_measure_cast;magic_old_measure_field_march,Preserve seven exact spell identities; share school/effect banks for the rest. Proposed mappings require runtime implementation.
spells,spell_old_measure_count_survey_14,Count Survey,content/spells.json,audio_placeholder_spell_school_soft,magic_old_measure_cast;magic_old_measure_field_reveal,Preserve seven exact spell identities; share school/effect banks for the rest. Proposed mappings require runtime implementation.
spells,spell_old_measure_measure_axiom_16,Measure Axiom,content/spells.json,Generic battle cast/hit/status; shared Command Ward only for effect resolution,magic_old_measure_cast;magic_old_measure_ward;magic_old_measure_expire,Preserve seven exact spell identities; share school/effect banks for the rest. Proposed mappings require runtime implementation.
spells,spell_old_measure_survey_boundary_18,Survey Boundary,content/spells.json,Generic battle cast/hit/status; shared Command Ward only for effect resolution,magic_old_measure_cast;magic_old_measure_bind,Preserve seven exact spell identities; share school/effect banks for the rest. Proposed mappings require runtime implementation.
spells,spell_old_measure_tally_tally_20,Tally Verdict,content/spells.json,Generic battle cast/hit/status; shared Command Ward only for effect resolution,magic_old_measure_cast;magic_old_measure_impact,Preserve seven exact spell identities; share school/effect banks for the rest. Proposed mappings require runtime implementation.
spells,spell_old_measure_compass_correction_22,Compass Correction,content/spells.json,Generic battle cast/hit/status; shared Command Ward only for effect resolution,magic_old_measure_cast;magic_old_measure_cleanse;magic_old_measure_expire,Preserve seven exact spell identities; share school/effect banks for the rest. Proposed mappings require runtime implementation.
spells,spell_old_measure_marker_pace_24,Marker Pace,content/spells.json,audio_placeholder_spell_school_soft,magic_old_measure_cast;magic_old_measure_field_march,Preserve seven exact spell identities; share school/effect banks for the rest. Proposed mappings require runtime implementation.
spells,spell_old_measure_index_survey_26,Index Survey,content/spells.json,audio_placeholder_spell_school_soft,magic_old_measure_cast;magic_old_measure_field_reveal,Preserve seven exact spell identities; share school/effect banks for the rest. Proposed mappings require runtime implementation.
spells,spell_old_measure_proof_axiom_28,Proof Axiom,content/spells.json,Generic battle cast/hit/status; shared Command Ward only for effect resolution,magic_old_measure_cast;magic_old_measure_ward;magic_old_measure_expire,Preserve seven exact spell identities; share school/effect banks for the rest. Proposed mappings require runtime implementation.
spells,spell_old_measure_count_boundary_30,Count Boundary,content/spells.json,Generic battle cast/hit/status; shared Command Ward only for effect resolution,magic_old_measure_cast;magic_old_measure_bind,Preserve seven exact spell identities; share school/effect banks for the rest. Proposed mappings require runtime implementation.
spells,spell_beacon_lockfire_muster,Lockfire Muster,content/spells.json,Generic battle cast/hit/status; shared Command Ward only for effect resolution,magic_beacon_cast;magic_beacon_empower;magic_beacon_expire,Preserve seven exact spell identities; share school/effect banks for the rest. Proposed mappings require runtime implementation.
spells,spell_mire_moonfen_dragnet,Moonfen Dragnet,content/spells.json,Generic battle cast/hit/status; shared Command Ward only for effect resolution,magic_mire_cast;magic_mire_bind,Preserve seven exact spell identities; share school/effect banks for the rest. Proposed mappings require runtime implementation.
spells,spell_lens_seven_facet_refrain,Seven-Facet Refrain,content/spells.json,Generic battle cast/hit/status; shared Command Ward only for effect resolution,magic_lens_cast;magic_lens_cleanse;magic_lens_expire,Preserve seven exact spell identities; share school/effect banks for the rest. Proposed mappings require runtime implementation.
spells,spell_root_heartwood_renewal,Heartwood Renewal,content/spells.json,Generic battle cast/hit/status; shared Command Ward only for effect resolution,magic_root_cast;magic_root_heal;magic_root_expire,Preserve seven exact spell identities; share school/effect banks for the rest. Proposed mappings require runtime implementation.
spells,spell_furnace_redline_overdrive,Redline Overdrive,content/spells.json,Generic battle cast/hit/status; shared Command Ward only for effect resolution,magic_furnace_cast;magic_furnace_empower;magic_furnace_expire,Preserve seven exact spell identities; share school/effect banks for the rest. Proposed mappings require runtime implementation.
spells,spell_veil_drowned_bell_verdict,Drowned-Bell Verdict,content/spells.json,Generic battle cast/hit/status; shared Command Ward only for effect resolution,magic_veil_cast;magic_veil_impact,Preserve seven exact spell identities; share school/effect banks for the rest. Proposed mappings require runtime implementation.
spells,spell_old_measure_unbroken_meridian,Unbroken Meridian,content/spells.json,Generic battle cast/hit/status; shared Command Ward only for effect resolution,magic_old_measure_cast;magic_old_measure_ward;magic_old_measure_expire,Preserve seven exact spell identities; share school/effect banks for the rest. Proposed mappings require runtime implementation.
map_objects,object_waystone_cache,Waystone Cache,content/map_objects.json,Generic visit/capture/collect/guard/blocked/route gestures; no unique proximity bed,site_pickup,Reuse family bank; choose exact gate/portal/tool/material from description and art. Unspecified-family assignment is provisional.
map_objects,object_wood_wagon,Wood Wagon,content/map_objects.json,Generic visit/capture/collect/guard/blocked/route gestures; no unique proximity bed,site_pickup,Reuse family bank; choose exact gate/portal/tool/material from description and art. Unspecified-family assignment is provisional.
map_objects,object_roadward_lodge,Roadward Lodge,content/map_objects.json,Generic visit/capture/collect/guard/blocked/route gestures; no unique proximity bed,site_neutral_dwelling,Reuse family bank; choose exact gate/portal/tool/material from description and art. Unspecified-family assignment is provisional.
map_objects,object_fenhound_kennels,Fenhound Kennels,content/map_objects.json,Generic visit/capture/collect/guard/blocked/route gestures; no unique proximity bed,site_neutral_dwelling,Reuse family bank; choose exact gate/portal/tool/material from description and art. Unspecified-family assignment is provisional.
map_objects,object_cliffhawk_roost,Cliffhawk Roost,content/map_objects.json,Generic visit/capture/collect/guard/blocked/route gestures; no unique proximity bed,site_neutral_dwelling,Reuse family bank; choose exact gate/portal/tool/material from description and art. Unspecified-family assignment is provisional.
map_objects,object_reedbarge_mooring,Reedbarge Mooring,content/map_objects.json,Generic visit/capture/collect/guard/blocked/route gestures; no unique proximity bed,site_neutral_dwelling,Reuse family bank; choose exact gate/portal/tool/material from description and art. Unspecified-family assignment is provisional.
map_objects,object_glowcap_croft,Glowcap Croft,content/map_objects.json,Generic visit/capture/collect/guard/blocked/route gestures; no unique proximity bed,site_neutral_dwelling,Reuse family bank; choose exact gate/portal/tool/material from description and art. Unspecified-family assignment is provisional.
map_objects,object_dustjack_yard,Dustjack Yard,content/map_objects.json,Generic visit/capture/collect/guard/blocked/route gestures; no unique proximity bed,site_neutral_dwelling,Reuse family bank; choose exact gate/portal/tool/material from description and art. Unspecified-family assignment is provisional.
map_objects,object_cinder_kiln,Cinder Kiln,content/map_objects.json,Generic visit/capture/collect/guard/blocked/route gestures; no unique proximity bed,site_neutral_dwelling,Reuse family bank; choose exact gate/portal/tool/material from description and art. Unspecified-family assignment is provisional.
map_objects,object_frostbeacon_bothy,Frostbeacon Bothy,content/map_objects.json,Generic visit/capture/collect/guard/blocked/route gestures; no unique proximity bed,site_neutral_dwelling,Reuse family bank; choose exact gate/portal/tool/material from description and art. Unspecified-family assignment is provisional.
map_objects,object_orchard_levy,Orchard Levy Grounds,content/map_objects.json,Generic visit/capture/collect/guard/blocked/route gestures; no unique proximity bed,site_neutral_dwelling,Reuse family bank; choose exact gate/portal/tool/material from description and art. Unspecified-family assignment is provisional.
map_objects,object_bramble_hedge,Bramble Hedge,content/map_objects.json,Generic visit/capture/collect/guard/blocked/route gestures; no unique proximity bed,site_neutral_dwelling,Reuse family bank; choose exact gate/portal/tool/material from description and art. Unspecified-family assignment is provisional.
map_objects,object_tidepool_skiffyard,Tidepool Skiffyard,content/map_objects.json,Generic visit/capture/collect/guard/blocked/route gestures; no unique proximity bed,site_neutral_dwelling,Reuse family bank; choose exact gate/portal/tool/material from description and art. Unspecified-family assignment is provisional.
map_objects,object_switchback_hostel,Switchback Hostel,content/map_objects.json,Generic visit/capture/collect/guard/blocked/route gestures; no unique proximity bed,site_neutral_dwelling,Reuse family bank; choose exact gate/portal/tool/material from description and art. Unspecified-family assignment is provisional.
map_objects,object_saltpan_camp,Saltpan Camp,content/map_objects.json,Generic visit/capture/collect/guard/blocked/route gestures; no unique proximity bed,site_neutral_dwelling,Reuse family bank; choose exact gate/portal/tool/material from description and art. Unspecified-family assignment is provisional.
map_objects,object_crystal_sump,Crystal Sump,content/map_objects.json,Generic visit/capture/collect/guard/blocked/route gestures; no unique proximity bed,site_neutral_dwelling,Reuse family bank; choose exact gate/portal/tool/material from description and art. Unspecified-family assignment is provisional.
map_objects,object_icehook_trapper_lodge,Icehook Trapper Lodge,content/map_objects.json,Generic visit/capture/collect/guard/blocked/route gestures; no unique proximity bed,site_neutral_dwelling,Reuse family bank; choose exact gate/portal/tool/material from description and art. Unspecified-family assignment is provisional.
map_objects,object_obsidian_scar,Obsidian Scar Camp,content/map_objects.json,Generic visit/capture/collect/guard/blocked/route gestures; no unique proximity bed,site_neutral_dwelling,Reuse family bank; choose exact gate/portal/tool/material from description and art. Unspecified-family assignment is provisional.
map_objects,object_greenbranch_copse,Greenbranch Copse,content/map_objects.json,Generic visit/capture/collect/guard/blocked/route gestures; no unique proximity bed,site_neutral_dwelling,Reuse family bank; choose exact gate/portal/tool/material from description and art. Unspecified-family assignment is provisional.
map_objects,object_harbor_pilot_house,Harbor Pilot House,content/map_objects.json,Generic visit/capture/collect/guard/blocked/route gestures; no unique proximity bed,site_neutral_dwelling,Reuse family bank; choose exact gate/portal/tool/material from description and art. Unspecified-family assignment is provisional.
map_objects,object_kite_signal_eyrie,Kite Signal Eyrie,content/map_objects.json,Generic visit/capture/collect/guard/blocked/route gestures; no unique proximity bed,site_neutral_dwelling,Reuse family bank; choose exact gate/portal/tool/material from description and art. Unspecified-family assignment is provisional.
map_objects,object_lantern_warren,Lantern Warren,content/map_objects.json,Generic visit/capture/collect/guard/blocked/route gestures; no unique proximity bed,site_neutral_dwelling,Reuse family bank; choose exact gate/portal/tool/material from description and art. Unspecified-family assignment is provisional.
map_objects,object_bogbell_croft,Bogbell Croft,content/map_objects.json,Generic visit/capture/collect/guard/blocked/route gestures; no unique proximity bed,site_neutral_dwelling,Reuse family bank; choose exact gate/portal/tool/material from description and art. Unspecified-family assignment is provisional.
map_objects,object_milestone_arsenal,Milestone Arsenal,content/map_objects.json,Generic visit/capture/collect/guard/blocked/route gestures; no unique proximity bed,site_neutral_dwelling,Reuse family bank; choose exact gate/portal/tool/material from description and art. Unspecified-family assignment is provisional.
map_objects,object_frostwharf_house,Frostwharf House,content/map_objects.json,Generic visit/capture/collect/guard/blocked/route gestures; no unique proximity bed,site_neutral_dwelling,Reuse family bank; choose exact gate/portal/tool/material from description and art. Unspecified-family assignment is provisional.
map_objects,object_charcoal_burners,Charcoal Burners Camp,content/map_objects.json,Generic visit/capture/collect/guard/blocked/route gestures; no unique proximity bed,site_neutral_dwelling,Reuse family bank; choose exact gate/portal/tool/material from description and art. Unspecified-family assignment is provisional.
map_objects,object_basalt_gatehouse,Basalt Gatehouse,content/map_objects.json,Generic visit/capture/collect/guard/blocked/route gestures; no unique proximity bed,site_neutral_dwelling,Reuse family bank; choose exact gate/portal/tool/material from description and art. Unspecified-family assignment is provisional.
map_objects,object_brightwood_sawmill,Brightwood Sawmill,content/map_objects.json,Generic visit/capture/collect/guard/blocked/route gestures; no unique proximity bed,site_mine,Reuse family bank; choose exact gate/portal/tool/material from description and art. Unspecified-family assignment is provisional.
map_objects,object_ridge_quarry,Ridge Quarry,content/map_objects.json,Generic visit/capture/collect/guard/blocked/route gestures; no unique proximity bed,site_mine,Reuse family bank; choose exact gate/portal/tool/material from description and art. Unspecified-family assignment is provisional.
map_objects,object_marsh_peat_yard,Marsh Peat Yard,content/map_objects.json,Generic visit/capture/collect/guard/blocked/route gestures; no unique proximity bed,site_mine,Reuse family bank; choose exact gate/portal/tool/material from description and art. Unspecified-family assignment is provisional.
map_objects,object_watchtower_beacon,Watchtower Beacon,content/map_objects.json,Generic visit/capture/collect/guard/blocked/route gestures; no unique proximity bed,site_scouting_structure,Reuse family bank; choose exact gate/portal/tool/material from description and art. Unspecified-family assignment is provisional.
map_objects,object_mist_lighthouse,Mist Lighthouse,content/map_objects.json,Generic visit/capture/collect/guard/blocked/route gestures; no unique proximity bed,site_scouting_structure,Reuse family bank; choose exact gate/portal/tool/material from description and art. Unspecified-family assignment is provisional.
map_objects,object_repaired_ferry_stage,Repaired Ferry Stage,content/map_objects.json,Generic visit/capture/collect/guard/blocked/route gestures; no unique proximity bed,site_transit_object,Reuse family bank; choose exact gate/portal/tool/material from description and art. Unspecified-family assignment is provisional.
map_objects,object_rope_lift,Rope Lift,content/map_objects.json,Generic visit/capture/collect/guard/blocked/route gestures; no unique proximity bed,site_transit_object,Reuse family bank; choose exact gate/portal/tool/material from description and art. Unspecified-family assignment is provisional.
map_objects,object_wayfarer_infirmary,Wayfarer Infirmary,content/map_objects.json,Generic visit/capture/collect/guard/blocked/route gestures; no unique proximity bed,site_repeatable_service,Reuse family bank; choose exact gate/portal/tool/material from description and art. Unspecified-family assignment is provisional.
map_objects,object_market_caravanserai,Market Caravanserai,content/map_objects.json,Generic visit/capture/collect/guard/blocked/route gestures; no unique proximity bed,site_repeatable_service,Reuse family bank; choose exact gate/portal/tool/material from description and art. Unspecified-family assignment is provisional.
map_objects,object_bramble_wall,Bramble Wall,content/map_objects.json,Generic visit/capture/collect/guard/blocked/route gestures; no unique proximity bed,,"Silent by default; optional visible local ambience only, no sound per decorative placement."
map_objects,object_reef_line,Reef Line,content/map_objects.json,Generic visit/capture/collect/guard/blocked/route gestures; no unique proximity bed,,"Silent by default; optional visible local ambience only, no sound per decorative placement."
map_objects,object_ember_signal_brazier,Ember Signal Brazier,content/map_objects.json,Generic visit/capture/collect/guard/blocked/route gestures; no unique proximity bed,site_faction_landmark,Reuse family bank; choose exact gate/portal/tool/material from description and art. Unspecified-family assignment is provisional.
map_objects,object_bog_drum_totem,Bog Drum Totem,content/map_objects.json,Generic visit/capture/collect/guard/blocked/route gestures; no unique proximity bed,site_faction_landmark,Reuse family bank; choose exact gate/portal/tool/material from description and art. Unspecified-family assignment is provisional.
map_objects,object_prism_relay_lens,Prism Relay Lens,content/map_objects.json,Generic visit/capture/collect/guard/blocked/route gestures; no unique proximity bed,site_faction_landmark,Reuse family bank; choose exact gate/portal/tool/material from description and art. Unspecified-family assignment is provisional.
map_objects,object_neutral_encounter_river_pass_ghoul_grove_stack,River Pass Ghoul Grove Stack,content/map_objects.json,Generic visit/capture/collect/guard/blocked/route gestures; no unique proximity bed,replace_audio_placeholder_guard_warning;stinger_battle_enter,Reuse family bank; choose exact gate/portal/tool/material from description and art. Unspecified-family assignment is provisional.
map_objects,object_neutral_encounter_river_pass_hollow_mire_stack,River Pass Hollow Mire Stack,content/map_objects.json,Generic visit/capture/collect/guard/blocked/route gestures; no unique proximity bed,replace_audio_placeholder_guard_warning;stinger_battle_enter,Reuse family bank; choose exact gate/portal/tool/material from description and art. Unspecified-family assignment is provisional.
map_objects,object_neutral_encounter_ninefold_basalt_gatehouse_watch_stack,Ninefold Basalt Gatehouse Watch Stack,content/map_objects.json,Generic visit/capture/collect/guard/blocked/route gestures; no unique proximity bed,replace_audio_placeholder_guard_warning;stinger_battle_enter,Reuse family bank; choose exact gate/portal/tool/material from description and art. Unspecified-family assignment is provisional.
map_objects,object_neutral_encounter_river_pass_reed_totemists_stack,River Pass Reed Totemists Stack,content/map_objects.json,Generic visit/capture/collect/guard/blocked/route gestures; no unique proximity bed,replace_audio_placeholder_guard_warning;stinger_battle_enter,Reuse family bank; choose exact gate/portal/tool/material from description and art. Unspecified-family assignment is provisional.
map_objects,object_neutral_encounter_causeway_levee_cutters_stack,Causeway Levee Cutters Stack,content/map_objects.json,Generic visit/capture/collect/guard/blocked/route gestures; no unique proximity bed,replace_audio_placeholder_guard_warning;stinger_battle_enter,Reuse family bank; choose exact gate/portal/tool/material from description and art. Unspecified-family assignment is provisional.
map_objects,object_neutral_encounter_stonewake_reed_totemists_stack,Stonewake Reed Totemists Stack,content/map_objects.json,Generic visit/capture/collect/guard/blocked/route gestures; no unique proximity bed,replace_audio_placeholder_guard_warning;stinger_battle_enter,Reuse family bank; choose exact gate/portal/tool/material from description and art. Unspecified-family assignment is provisional.
map_objects,object_river_pebble_fan,River Pebble Fan,content/map_objects.json,Generic visit/capture/collect/guard/blocked/route gestures; no unique proximity bed,,"Silent by default; optional visible local ambience only, no sound per decorative placement."
map_objects,object_orchard_windfall,Orchard Windfall,content/map_objects.json,Generic visit/capture/collect/guard/blocked/route gestures; no unique proximity bed,,"Silent by default; optional visible local ambience only, no sound per decorative placement."
map_objects,object_moss_stitch_stones,Moss-Stitch Stones,content/map_objects.json,Generic visit/capture/collect/guard/blocked/route gestures; no unique proximity bed,,"Silent by default; optional visible local ambience only, no sound per decorative placement."
map_objects,object_reed_glimmer_mat,Reed Glimmer Mat,content/map_objects.json,Generic visit/capture/collect/guard/blocked/route gestures; no unique proximity bed,,"Silent by default; optional visible local ambience only, no sound per decorative placement."
map_objects,object_shell_drift,Shell Drift,content/map_objects.json,Generic visit/capture/collect/guard/blocked/route gestures; no unique proximity bed,,"Silent by default; optional visible local ambience only, no sound per decorative placement."
map_objects,object_scree_button_scatter,Scree Button Scatter,content/map_objects.json,Generic visit/capture/collect/guard/blocked/route gestures; no unique proximity bed,,"Silent by default; optional visible local ambience only, no sound per decorative placement."
map_objects,object_cinder_spark_scatter,Cinder Spark Scatter,content/map_objects.json,Generic visit/capture/collect/guard/blocked/route gestures; no unique proximity bed,,"Silent by default; optional visible local ambience only, no sound per decorative placement."
map_objects,object_glowcap_speckle,Glowcap Speckle,content/map_objects.json,Generic visit/capture/collect/guard/blocked/route gestures; no unique proximity bed,,"Silent by default; optional visible local ambience only, no sound per decorative placement."
map_objects,object_rime_grass_tufts,Rime Grass Tufts,content/map_objects.json,Generic visit/capture/collect/guard/blocked/route gestures; no unique proximity bed,,"Silent by default; optional visible local ambience only, no sound per decorative placement."
map_objects,object_prism_road_chips,Prism Road Chips,content/map_objects.json,Generic visit/capture/collect/guard/blocked/route gestures; no unique proximity bed,,"Silent by default; optional visible local ambience only, no sound per decorative placement."
map_objects,object_mudglass_splinters,Mudglass Splinters,content/map_objects.json,Generic visit/capture/collect/guard/blocked/route gestures; no unique proximity bed,,"Silent by default; optional visible local ambience only, no sound per decorative placement."
map_objects,object_pressure_rail_sleepers,Pressure Rail Sleepers,content/map_objects.json,Generic visit/capture/collect/guard/blocked/route gestures; no unique proximity bed,,"Silent by default; optional visible local ambience only, no sound per decorative placement."
map_objects,object_floodplain_levy_lip,Floodplain Levee Lip,content/map_objects.json,Generic visit/capture/collect/guard/blocked/route gestures; no unique proximity bed,,"Silent by default; optional visible local ambience only, no sound per decorative placement."
map_objects,object_living_root_lip,Living Root Lip,content/map_objects.json,Generic visit/capture/collect/guard/blocked/route gestures; no unique proximity bed,,"Silent by default; optional visible local ambience only, no sound per decorative placement."
map_objects,object_black_sail_ribs,Black-Sail Ribs,content/map_objects.json,Generic visit/capture/collect/guard/blocked/route gestures; no unique proximity bed,,"Silent by default; optional visible local ambience only, no sound per decorative placement."
map_objects,object_slate_switchback_teeth,Slate Switchback Teeth,content/map_objects.json,Generic visit/capture/collect/guard/blocked/route gestures; no unique proximity bed,,"Silent by default; optional visible local ambience only, no sound per decorative placement."
map_objects,object_slag_berm_low_wall,Slag Berm Low Wall,content/map_objects.json,Generic visit/capture/collect/guard/blocked/route gestures; no unique proximity bed,,"Silent by default; optional visible local ambience only, no sound per decorative placement."
map_objects,object_icefall_tooth_line,Icefall Tooth Line,content/map_objects.json,Generic visit/capture/collect/guard/blocked/route gestures; no unique proximity bed,,"Silent by default; optional visible local ambience only, no sound per decorative placement."
map_objects,object_quarry_block_spill,Quarry Block Spill,content/map_objects.json,Generic visit/capture/collect/guard/blocked/route gestures; no unique proximity bed,,"Silent by default; optional visible local ambience only, no sound per decorative placement."
map_objects,object_undergate_pipe_nest,Undergate Pipe Nest,content/map_objects.json,Generic visit/capture/collect/guard/blocked/route gestures; no unique proximity bed,,"Silent by default; optional visible local ambience only, no sound per decorative placement."
map_objects,object_ore_crates,Ore Crates,content/map_objects.json,Generic visit/capture/collect/guard/blocked/route gestures; no unique proximity bed,site_pickup,Reuse family bank; choose exact gate/portal/tool/material from description and art. Unspecified-family assignment is provisional.
map_objects,object_road_writ_purse,Road Writ Purse,content/map_objects.json,Generic visit/capture/collect/guard/blocked/route gestures; no unique proximity bed,site_pickup,Reuse family bank; choose exact gate/portal/tool/material from description and art. Unspecified-family assignment is provisional.
map_objects,object_split_wood_pile,Split Wood Pile,content/map_objects.json,Generic visit/capture/collect/guard/blocked/route gestures; no unique proximity bed,site_pickup,Reuse family bank; choose exact gate/portal/tool/material from description and art. Unspecified-family assignment is provisional.
map_objects,object_quarry_chip_hod,Quarry Chip Hod,content/map_objects.json,Generic visit/capture/collect/guard/blocked/route gestures; no unique proximity bed,site_pickup,Reuse family bank; choose exact gate/portal/tool/material from description and art. Unspecified-family assignment is provisional.
map_objects,object_payroll_casket,Payroll Casket,content/map_objects.json,Generic visit/capture/collect/guard/blocked/route gestures; no unique proximity bed,site_pickup,Reuse family bank; choose exact gate/portal/tool/material from description and art. Unspecified-family assignment is provisional.
map_objects,object_millroad_plank_stack,Millroad Plank Stack,content/map_objects.json,Generic visit/capture/collect/guard/blocked/route gestures; no unique proximity bed,site_pickup,Reuse family bank; choose exact gate/portal/tool/material from description and art. Unspecified-family assignment is provisional.
map_objects,object_aetherglass_splinter_lot,Aetherglass Splinter Lot,content/map_objects.json,Generic visit/capture/collect/guard/blocked/route gestures; no unique proximity bed,site_pickup,Reuse family bank; choose exact gate/portal/tool/material from description and art. Unspecified-family assignment is provisional.
map_objects,object_embergrain_sample_sack,Embergrain Sample Sack,content/map_objects.json,Generic visit/capture/collect/guard/blocked/route gestures; no unique proximity bed,site_pickup,Reuse family bank; choose exact gate/portal/tool/material from description and art. Unspecified-family assignment is provisional.
map_objects,object_peatwax_votive_bundle,Peatwax Votive Bundle,content/map_objects.json,Generic visit/capture/collect/guard/blocked/route gestures; no unique proximity bed,site_pickup,Reuse family bank; choose exact gate/portal/tool/material from description and art. Unspecified-family assignment is provisional.
map_objects,object_memory_salt_jar,Memory-Salt Jar,content/map_objects.json,Generic visit/capture/collect/guard/blocked/route gestures; no unique proximity bed,site_pickup,Reuse family bank; choose exact gate/portal/tool/material from description and art. Unspecified-family assignment is provisional.
map_objects,object_meadow_scrip_grass,Meadow Scrip Grass,content/map_objects.json,Generic visit/capture/collect/guard/blocked/route gestures; no unique proximity bed,,"Silent by default; optional visible local ambience only, no sound per decorative placement."
map_objects,object_floodplain_stone_specks,Floodplain Stone Specks,content/map_objects.json,Generic visit/capture/collect/guard/blocked/route gestures; no unique proximity bed,,"Silent by default; optional visible local ambience only, no sound per decorative placement."
map_objects,object_lockroad_wheel_ruts,Lockroad Wheel Ruts,content/map_objects.json,Generic visit/capture/collect/guard/blocked/route gestures; no unique proximity bed,,"Silent by default; optional visible local ambience only, no sound per decorative placement."
map_objects,object_orchard_leaf_litter,Orchard Leaf Litter,content/map_objects.json,Generic visit/capture/collect/guard/blocked/route gestures; no unique proximity bed,,"Silent by default; optional visible local ambience only, no sound per decorative placement."
map_objects,object_millrace_reed_sprigs,Millrace Reed Sprigs,content/map_objects.json,Generic visit/capture/collect/guard/blocked/route gestures; no unique proximity bed,,"Silent by default; optional visible local ambience only, no sound per decorative placement."
map_objects,object_low_fence_splinters,Low Fence Splinters,content/map_objects.json,Generic visit/capture/collect/guard/blocked/route gestures; no unique proximity bed,,"Silent by default; optional visible local ambience only, no sound per decorative placement."
map_objects,object_seed_husk_litter,Seed Husk Litter,content/map_objects.json,Generic visit/capture/collect/guard/blocked/route gestures; no unique proximity bed,,"Silent by default; optional visible local ambience only, no sound per decorative placement."
map_objects,object_pilgrim_moss_flecks,Pilgrim Moss Flecks,content/map_objects.json,Generic visit/capture/collect/guard/blocked/route gestures; no unique proximity bed,,"Silent by default; optional visible local ambience only, no sound per decorative placement."
map_objects,object_living_road_root_threads,Living Road Root Threads,content/map_objects.json,Generic visit/capture/collect/guard/blocked/route gestures; no unique proximity bed,,"Silent by default; optional visible local ambience only, no sound per decorative placement."
map_objects,object_fernshadow_tuft,Fernshadow Tuft,content/map_objects.json,Generic visit/capture/collect/guard/blocked/route gestures; no unique proximity bed,,"Silent by default; optional visible local ambience only, no sound per decorative placement."
map_objects,object_hollow_bark_chips,Hollow Bark Chips,content/map_objects.json,Generic visit/capture/collect/guard/blocked/route gestures; no unique proximity bed,,"Silent by default; optional visible local ambience only, no sound per decorative placement."
map_objects,object_green_shrine_petals,Green Shrine Petals,content/map_objects.json,Generic visit/capture/collect/guard/blocked/route gestures; no unique proximity bed,,"Silent by default; optional visible local ambience only, no sound per decorative placement."
map_objects,object_peat_cut_crumbs,Peat Cut Crumbs,content/map_objects.json,Generic visit/capture/collect/guard/blocked/route gestures; no unique proximity bed,,"Silent by default; optional visible local ambience only, no sound per decorative placement."
map_objects,object_reed_lace_wisps,Reed Lace Wisps,content/map_objects.json,Generic visit/capture/collect/guard/blocked/route gestures; no unique proximity bed,,"Silent by default; optional visible local ambience only, no sound per decorative placement."
map_objects,object_blackwater_foam_ring,Blackwater Foam Ring,content/map_objects.json,Generic visit/capture/collect/guard/blocked/route gestures; no unique proximity bed,,"Silent by default; optional visible local ambience only, no sound per decorative placement."
map_objects,object_drowned_post_splinters,Drowned Post Splinters,content/map_objects.json,Generic visit/capture/collect/guard/blocked/route gestures; no unique proximity bed,,"Silent by default; optional visible local ambience only, no sound per decorative placement."
map_objects,object_mudglass_dew_scatter,Mudglass Dew Scatter,content/map_objects.json,Generic visit/capture/collect/guard/blocked/route gestures; no unique proximity bed,,"Silent by default; optional visible local ambience only, no sound per decorative placement."
map_objects,object_causeway_straw_lines,Causeway Straw Lines,content/map_objects.json,Generic visit/capture/collect/guard/blocked/route gestures; no unique proximity bed,,"Silent by default; optional visible local ambience only, no sound per decorative placement."
map_objects,object_wind_shale_chips,Wind Shale Chips,content/map_objects.json,Generic visit/capture/collect/guard/blocked/route gestures; no unique proximity bed,,"Silent by default; optional visible local ambience only, no sound per decorative placement."
map_objects,object_cairn_lichen_flecks,Cairn Lichen Flecks,content/map_objects.json,Generic visit/capture/collect/guard/blocked/route gestures; no unique proximity bed,,"Silent by default; optional visible local ambience only, no sound per decorative placement."
map_objects,object_switchback_dust_tufts,Switchback Dust Tufts,content/map_objects.json,Generic visit/capture/collect/guard/blocked/route gestures; no unique proximity bed,,"Silent by default; optional visible local ambience only, no sound per decorative placement."
map_objects,object_stormgrass_knees,Stormgrass Knees,content/map_objects.json,Generic visit/capture/collect/guard/blocked/route gestures; no unique proximity bed,,"Silent by default; optional visible local ambience only, no sound per decorative placement."
map_objects,object_slate_ribbon_trail,Slate Ribbon Trail,content/map_objects.json,Generic visit/capture/collect/guard/blocked/route gestures; no unique proximity bed,,"Silent by default; optional visible local ambience only, no sound per decorative placement."
map_objects,object_ropepost_fiber_scraps,Ropepost Fiber Scraps,content/map_objects.json,Generic visit/capture/collect/guard/blocked/route gestures; no unique proximity bed,,"Silent by default; optional visible local ambience only, no sound per decorative placement."
map_objects,object_mirror_shell_pinches,Mirror Shell Pinches,content/map_objects.json,Generic visit/capture/collect/guard/blocked/route gestures; no unique proximity bed,,"Silent by default; optional visible local ambience only, no sound per decorative placement."
map_objects,object_tidewrack_ribbon,Tidewrack Ribbon,content/map_objects.json,Generic visit/capture/collect/guard/blocked/route gestures; no unique proximity bed,,"Silent by default; optional visible local ambience only, no sound per decorative placement."
map_objects,object_saltgrass_needle_line,Saltgrass Needle Line,content/map_objects.json,Generic visit/capture/collect/guard/blocked/route gestures; no unique proximity bed,,"Silent by default; optional visible local ambience only, no sound per decorative placement."
map_objects,object_bell_buoy_flake_drift,Bell Buoy Flake Drift,content/map_objects.json,Generic visit/capture/collect/guard/blocked/route gestures; no unique proximity bed,,"Silent by default; optional visible local ambience only, no sound per decorative placement."
map_objects,object_quay_sand_seams,Quay Sand Seams,content/map_objects.json,Generic visit/capture/collect/guard/blocked/route gestures; no unique proximity bed,,"Silent by default; optional visible local ambience only, no sound per decorative placement."
map_objects,object_foamglass_pebbles,Foamglass Pebbles,content/map_objects.json,Generic visit/capture/collect/guard/blocked/route gestures; no unique proximity bed,,"Silent by default; optional visible local ambience only, no sound per decorative placement."
map_objects,object_redstone_chip_scatter,Redstone Chip Scatter,content/map_objects.json,Generic visit/capture/collect/guard/blocked/route gestures; no unique proximity bed,,"Silent by default; optional visible local ambience only, no sound per decorative placement."
map_objects,object_dry_gully_dust_line,Dry Gully Dust Line,content/map_objects.json,Generic visit/capture/collect/guard/blocked/route gestures; no unique proximity bed,,"Silent by default; optional visible local ambience only, no sound per decorative placement."
map_objects,object_survey_stake_shavings,Survey Stake Shavings,content/map_objects.json,Generic visit/capture/collect/guard/blocked/route gestures; no unique proximity bed,,"Silent by default; optional visible local ambience only, no sound per decorative placement."
map_objects,object_thornseed_burrs,Thornseed Burrs,content/map_objects.json,Generic visit/capture/collect/guard/blocked/route gestures; no unique proximity bed,,"Silent by default; optional visible local ambience only, no sound per decorative placement."
map_objects,object_cracked_clay_lacing,Cracked Clay Lacing,content/map_objects.json,Generic visit/capture/collect/guard/blocked/route gestures; no unique proximity bed,,"Silent by default; optional visible local ambience only, no sound per decorative placement."
map_objects,object_sunbleached_axle_flakes,Sunbleached Axle Flakes,content/map_objects.json,Generic visit/capture/collect/guard/blocked/route gestures; no unique proximity bed,,"Silent by default; optional visible local ambience only, no sound per decorative placement."
map_objects,object_cinder_pin_scatter,Cinder Pin Scatter,content/map_objects.json,Generic visit/capture/collect/guard/blocked/route gestures; no unique proximity bed,,"Silent by default; optional visible local ambience only, no sound per decorative placement."
map_objects,object_emberglass_flecks,Emberglass Flecks,content/map_objects.json,Generic visit/capture/collect/guard/blocked/route gestures; no unique proximity bed,,"Silent by default; optional visible local ambience only, no sound per decorative placement."
map_objects,object_ash_pennant_threads,Ash Pennant Threads,content/map_objects.json,Generic visit/capture/collect/guard/blocked/route gestures; no unique proximity bed,,"Silent by default; optional visible local ambience only, no sound per decorative placement."
map_objects,object_cooled_rope_lava_veins,Cooled Rope-Lava Veins,content/map_objects.json,Generic visit/capture/collect/guard/blocked/route gestures; no unique proximity bed,,"Silent by default; optional visible local ambience only, no sound per decorative placement."
map_objects,object_furnace_soot_tufts,Furnace Soot Tufts,content/map_objects.json,Generic visit/capture/collect/guard/blocked/route gestures; no unique proximity bed,,"Silent by default; optional visible local ambience only, no sound per decorative placement."
map_objects,object_charbeam_char_flecks,Charbeam Char Flecks,content/map_objects.json,Generic visit/capture/collect/guard/blocked/route gestures; no unique proximity bed,,"Silent by default; optional visible local ambience only, no sound per decorative placement."
map_objects,object_glowcap_pinpricks,Glowcap Pinpricks,content/map_objects.json,Generic visit/capture/collect/guard/blocked/route gestures; no unique proximity bed,,"Silent by default; optional visible local ambience only, no sound per decorative placement."
map_objects,object_brass_rivet_scatter,Brass Rivet Scatter,content/map_objects.json,Generic visit/capture/collect/guard/blocked/route gestures; no unique proximity bed,,"Silent by default; optional visible local ambience only, no sound per decorative placement."
map_objects,object_railbed_dust_threads,Railbed Dust Threads,content/map_objects.json,Generic visit/capture/collect/guard/blocked/route gestures; no unique proximity bed,,"Silent by default; optional visible local ambience only, no sound per decorative placement."
map_objects,object_pumpstone_moss,Pumpstone Moss,content/map_objects.json,Generic visit/capture/collect/guard/blocked/route gestures; no unique proximity bed,,"Silent by default; optional visible local ambience only, no sound per decorative placement."
map_objects,object_quarry_chalk_rub,Quarry Chalk Rub,content/map_objects.json,Generic visit/capture/collect/guard/blocked/route gestures; no unique proximity bed,,"Silent by default; optional visible local ambience only, no sound per decorative placement."
map_objects,object_soot_banner_tatters,Soot Banner Tatters,content/map_objects.json,Generic visit/capture/collect/guard/blocked/route gestures; no unique proximity bed,,"Silent by default; optional visible local ambience only, no sound per decorative placement."
map_objects,object_rime_needle_scrub,Rime Needle Scrub,content/map_objects.json,Generic visit/capture/collect/guard/blocked/route gestures; no unique proximity bed,,"Silent by default; optional visible local ambience only, no sound per decorative placement."
map_objects,object_blue_ice_scale_chips,Blue Ice Scale Chips,content/map_objects.json,Generic visit/capture/collect/guard/blocked/route gestures; no unique proximity bed,,"Silent by default; optional visible local ambience only, no sound per decorative placement."
map_objects,object_snowpack_stone_crowns,Snowpack Stone Crowns,content/map_objects.json,Generic visit/capture/collect/guard/blocked/route gestures; no unique proximity bed,,"Silent by default; optional visible local ambience only, no sound per decorative placement."
map_objects,object_windbreak_bark_shavings,Windbreak Bark Shavings,content/map_objects.json,Generic visit/capture/collect/guard/blocked/route gestures; no unique proximity bed,,"Silent by default; optional visible local ambience only, no sound per decorative placement."
map_objects,object_sled_runner_scrape,Sled Runner Scrape,content/map_objects.json,Generic visit/capture/collect/guard/blocked/route gestures; no unique proximity bed,,"Silent by default; optional visible local ambience only, no sound per decorative placement."
map_objects,object_whitewood_needle_fall,Whitewood Needle Fall,content/map_objects.json,Generic visit/capture/collect/guard/blocked/route gestures; no unique proximity bed,,"Silent by default; optional visible local ambience only, no sound per decorative placement."
map_objects,object_roadside_lantern_gravel,Roadside Lantern Gravel,content/map_objects.json,Generic visit/capture/collect/guard/blocked/route gestures; no unique proximity bed,,"Silent by default; optional visible local ambience only, no sound per decorative placement."
map_objects,object_shore_reed_shell_mix,Shore Reed-Shell Mix,content/map_objects.json,Generic visit/capture/collect/guard/blocked/route gestures; no unique proximity bed,,"Silent by default; optional visible local ambience only, no sound per decorative placement."
map_objects,object_forest_ridge_moss_line,Forest-Ridge Moss Line,content/map_objects.json,Generic visit/capture/collect/guard/blocked/route gestures; no unique proximity bed,,"Silent by default; optional visible local ambience only, no sound per decorative placement."
map_objects,object_ash_badland_clinker_dust,Ash-Badland Clinker Dust,content/map_objects.json,Generic visit/capture/collect/guard/blocked/route gestures; no unique proximity bed,,"Silent by default; optional visible local ambience only, no sound per decorative placement."
map_objects,object_underway_ash_soot_trail,Underway Ash-Soot Trail,content/map_objects.json,Generic visit/capture/collect/guard/blocked/route gestures; no unique proximity bed,,"Silent by default; optional visible local ambience only, no sound per decorative placement."
map_objects,object_frost_coast_salt_rime,Frost-Coast Salt Rime,content/map_objects.json,Generic visit/capture/collect/guard/blocked/route gestures; no unique proximity bed,,"Silent by default; optional visible local ambience only, no sound per decorative placement."
map_objects,object_basin_river_stone_bar,Basin River Stone Bar,content/map_objects.json,Generic visit/capture/collect/guard/blocked/route gestures; no unique proximity bed,,"Silent by default; optional visible local ambience only, no sound per decorative placement."
map_objects,object_lockroad_shoulder_rail,Lockroad Shoulder Rail,content/map_objects.json,Generic visit/capture/collect/guard/blocked/route gestures; no unique proximity bed,,"Silent by default; optional visible local ambience only, no sound per decorative placement."
map_objects,object_millstone_ruin_block,Millstone Ruin Block,content/map_objects.json,Generic visit/capture/collect/guard/blocked/route gestures; no unique proximity bed,,"Silent by default; optional visible local ambience only, no sound per decorative placement."
map_objects,object_reed_fence_knot,Reed Fence Knot,content/map_objects.json,Generic visit/capture/collect/guard/blocked/route gestures; no unique proximity bed,,"Silent by default; optional visible local ambience only, no sound per decorative placement."
map_objects,object_waterlogged_arch_rubble,Waterlogged Arch Rubble,content/map_objects.json,Generic visit/capture/collect/guard/blocked/route gestures; no unique proximity bed,,"Silent by default; optional visible local ambience only, no sound per decorative placement."
map_objects,object_orchard_root_wall,Orchard Root Wall,content/map_objects.json,Generic visit/capture/collect/guard/blocked/route gestures; no unique proximity bed,,"Silent by default; optional visible local ambience only, no sound per decorative placement."
map_objects,object_floodplain_cut_bank,Floodplain Cut Bank,content/map_objects.json,Generic visit/capture/collect/guard/blocked/route gestures; no unique proximity bed,,"Silent by default; optional visible local ambience only, no sound per decorative placement."
map_objects,object_grafted_trunk_pair,Grafted Trunk Pair,content/map_objects.json,Generic visit/capture/collect/guard/blocked/route gestures; no unique proximity bed,,"Silent by default; optional visible local ambience only, no sound per decorative placement."
map_objects,object_elder_root_wall,Elder Root Wall,content/map_objects.json,Generic visit/capture/collect/guard/blocked/route gestures; no unique proximity bed,,"Silent by default; optional visible local ambience only, no sound per decorative placement."
map_objects,object_thorn_screen_bend,Thorn Screen Bend,content/map_objects.json,Generic visit/capture/collect/guard/blocked/route gestures; no unique proximity bed,,"Silent by default; optional visible local ambience only, no sound per decorative placement."
map_objects,object_hollow_stump_mass,Hollow Stump Mass,content/map_objects.json,Generic visit/capture/collect/guard/blocked/route gestures; no unique proximity bed,,"Silent by default; optional visible local ambience only, no sound per decorative placement."
map_objects,object_fallen_bough_gate,Fallen Bough Gate,content/map_objects.json,Generic visit/capture/collect/guard/blocked/route gestures; no unique proximity bed,,"Silent by default; optional visible local ambience only, no sound per decorative placement."
map_objects,object_greenway_root_lip,Greenway Root Lip,content/map_objects.json,Generic visit/capture/collect/guard/blocked/route gestures; no unique proximity bed,,"Silent by default; optional visible local ambience only, no sound per decorative placement."
map_objects,object_seed_husk_root_knot,Seed-Husk Root Knot,content/map_objects.json,Generic visit/capture/collect/guard/blocked/route gestures; no unique proximity bed,,"Silent by default; optional visible local ambience only, no sound per decorative placement."
map_objects,object_reed_island_choke,Reed Island Choke,content/map_objects.json,Generic visit/capture/collect/guard/blocked/route gestures; no unique proximity bed,,"Silent by default; optional visible local ambience only, no sound per decorative placement."
map_objects,object_blackwater_pool_rim,Blackwater Pool Rim,content/map_objects.json,Generic visit/capture/collect/guard/blocked/route gestures; no unique proximity bed,,"Silent by default; optional visible local ambience only, no sound per decorative placement."
map_objects,object_drum_island_stone_ring,Drum-Island Stone Ring,content/map_objects.json,Generic visit/capture/collect/guard/blocked/route gestures; no unique proximity bed,,"Silent by default; optional visible local ambience only, no sound per decorative placement."
map_objects,object_sunken_cart_ribs,Sunken Cart Ribs,content/map_objects.json,Generic visit/capture/collect/guard/blocked/route gestures; no unique proximity bed,,"Silent by default; optional visible local ambience only, no sound per decorative placement."
map_objects,object_peat_cut_wall,Peat Cut Wall,content/map_objects.json,Generic visit/capture/collect/guard/blocked/route gestures; no unique proximity bed,,"Silent by default; optional visible local ambience only, no sound per decorative placement."
map_objects,object_rotted_causeway_rib_edge,Rotted Causeway Rib Edge,content/map_objects.json,Generic visit/capture/collect/guard/blocked/route gestures; no unique proximity bed,,"Silent by default; optional visible local ambience only, no sound per decorative placement."
map_objects,object_bog_cypress_knee_wall,Bog Cypress Knee Wall,content/map_objects.json,Generic visit/capture/collect/guard/blocked/route gestures; no unique proximity bed,,"Silent by default; optional visible local ambience only, no sound per decorative placement."
map_objects,object_scree_boulder_fan,Scree Boulder Fan,content/map_objects.json,Generic visit/capture/collect/guard/blocked/route gestures; no unique proximity bed,,"Silent by default; optional visible local ambience only, no sound per decorative placement."
map_objects,object_cliff_lip_slate_line,Cliff-Lip Slate Line,content/map_objects.json,Generic visit/capture/collect/guard/blocked/route gestures; no unique proximity bed,,"Silent by default; optional visible local ambience only, no sound per decorative placement."
map_objects,object_ridge_tooth_column,Ridge Tooth Column,content/map_objects.json,Generic visit/capture/collect/guard/blocked/route gestures; no unique proximity bed,,"Silent by default; optional visible local ambience only, no sound per decorative placement."
map_objects,object_talus_pocket_mass,Talus Pocket Mass,content/map_objects.json,Generic visit/capture/collect/guard/blocked/route gestures; no unique proximity bed,,"Silent by default; optional visible local ambience only, no sound per decorative placement."
map_objects,object_switchback_rockfall,Switchback Rockfall,content/map_objects.json,Generic visit/capture/collect/guard/blocked/route gestures; no unique proximity bed,,"Silent by default; optional visible local ambience only, no sound per decorative placement."
map_objects,object_storm_cairn_wall,Storm Cairn Wall,content/map_objects.json,Generic visit/capture/collect/guard/blocked/route gestures; no unique proximity bed,,"Silent by default; optional visible local ambience only, no sound per decorative placement."
map_objects,object_slate_shelf_drop,Slate Shelf Drop,content/map_objects.json,Generic visit/capture/collect/guard/blocked/route gestures; no unique proximity bed,,"Silent by default; optional visible local ambience only, no sound per decorative placement."
map_objects,object_reef_shelf_shoulder,Reef Shelf Shoulder,content/map_objects.json,Generic visit/capture/collect/guard/blocked/route gestures; no unique proximity bed,,"Silent by default; optional visible local ambience only, no sound per decorative placement."
map_objects,object_wreck_rib_cage,Wreck Rib Cage,content/map_objects.json,Generic visit/capture/collect/guard/blocked/route gestures; no unique proximity bed,,"Silent by default; optional visible local ambience only, no sound per decorative placement."
map_objects,object_drowned_quay_corner,Drowned Quay Corner,content/map_objects.json,Generic visit/capture/collect/guard/blocked/route gestures; no unique proximity bed,,"Silent by default; optional visible local ambience only, no sound per decorative placement."
map_objects,object_tidepool_stone_barrier,Tidepool Stone Barrier,content/map_objects.json,Generic visit/capture/collect/guard/blocked/route gestures; no unique proximity bed,,"Silent by default; optional visible local ambience only, no sound per decorative placement."
map_objects,object_mirror_shoal_reef_line,Mirror Shoal Reef Line,content/map_objects.json,Generic visit/capture/collect/guard/blocked/route gestures; no unique proximity bed,,"Silent by default; optional visible local ambience only, no sound per decorative placement."
map_objects,object_black_sail_keel_spill,Black-Sail Keel Spill,content/map_objects.json,Generic visit/capture/collect/guard/blocked/route gestures; no unique proximity bed,,"Silent by default; optional visible local ambience only, no sound per decorative placement."
map_objects,object_obituary_vault_rubble,Obituary-Vault Rubble,content/map_objects.json,Generic visit/capture/collect/guard/blocked/route gestures; no unique proximity bed,,"Silent by default; optional visible local ambience only, no sound per decorative placement."
map_objects,object_redstone_fin_wall,Redstone Fin Wall,content/map_objects.json,Generic visit/capture/collect/guard/blocked/route gestures; no unique proximity bed,,"Silent by default; optional visible local ambience only, no sound per decorative placement."
map_objects,object_dry_gully_edge,Dry Gully Edge,content/map_objects.json,Generic visit/capture/collect/guard/blocked/route gestures; no unique proximity bed,,"Silent by default; optional visible local ambience only, no sound per decorative placement."
map_objects,object_thornbrush_choke,Thornbrush Choke,content/map_objects.json,Generic visit/capture/collect/guard/blocked/route gestures; no unique proximity bed,,"Silent by default; optional visible local ambience only, no sound per decorative placement."
map_objects,object_cracked_road_slab_shoulder,Cracked Road-Slab Shoulder,content/map_objects.json,Generic visit/capture/collect/guard/blocked/route gestures; no unique proximity bed,,"Silent by default; optional visible local ambience only, no sound per decorative placement."
map_objects,object_shardfall_rubble_wedge,Shardfall Rubble Wedge,content/map_objects.json,Generic visit/capture/collect/guard/blocked/route gestures; no unique proximity bed,,"Silent by default; optional visible local ambience only, no sound per decorative placement."
map_objects,object_sunken_axle_block,Sunken Axle Block,content/map_objects.json,Generic visit/capture/collect/guard/blocked/route gestures; no unique proximity bed,,"Silent by default; optional visible local ambience only, no sound per decorative placement."
map_objects,object_escarpment_tooth_line,Escarpment Tooth Line,content/map_objects.json,Generic visit/capture/collect/guard/blocked/route gestures; no unique proximity bed,,"Silent by default; optional visible local ambience only, no sound per decorative placement."
map_objects,object_slag_berm_crown,Slag Berm Crown,content/map_objects.json,Generic visit/capture/collect/guard/blocked/route gestures; no unique proximity bed,,"Silent by default; optional visible local ambience only, no sound per decorative placement."
map_objects,object_cooling_lava_rope_wall,Cooling Lava Rope Wall,content/map_objects.json,Generic visit/capture/collect/guard/blocked/route gestures; no unique proximity bed,,"Silent by default; optional visible local ambience only, no sound per decorative placement."
map_objects,object_furnace_scree_pile,Furnace Scree Pile,content/map_objects.json,Generic visit/capture/collect/guard/blocked/route gestures; no unique proximity bed,,"Silent by default; optional visible local ambience only, no sound per decorative placement."
map_objects,object_smoke_black_ruin_wall,Smoke-Black Ruin Wall,content/map_objects.json,Generic visit/capture/collect/guard/blocked/route gestures; no unique proximity bed,,"Silent by default; optional visible local ambience only, no sound per decorative placement."
map_objects,object_ember_crack_lip,Ember Crack Lip,content/map_objects.json,Generic visit/capture/collect/guard/blocked/route gestures; no unique proximity bed,,"Silent by default; optional visible local ambience only, no sound per decorative placement."
map_objects,object_heatglass_shard_block,Heatglass Shard Block,content/map_objects.json,Generic visit/capture/collect/guard/blocked/route gestures; no unique proximity bed,,"Silent by default; optional visible local ambience only, no sound per decorative placement."
map_objects,object_charred_beam_barrier,Charred Beam Barrier,content/map_objects.json,Generic visit/capture/collect/guard/blocked/route gestures; no unique proximity bed,,"Silent by default; optional visible local ambience only, no sound per decorative placement."
map_objects,object_quarry_chunk_spill,Quarry Chunk Spill,content/map_objects.json,Generic visit/capture/collect/guard/blocked/route gestures; no unique proximity bed,,"Silent by default; optional visible local ambience only, no sound per decorative placement."
map_objects,object_rail_embankment_lip,Rail Embankment Lip,content/map_objects.json,Generic visit/capture/collect/guard/blocked/route gestures; no unique proximity bed,,"Silent by default; optional visible local ambience only, no sound per decorative placement."
map_objects,object_brass_pipe_tangle,Brass Pipe Tangle,content/map_objects.json,Generic visit/capture/collect/guard/blocked/route gestures; no unique proximity bed,,"Silent by default; optional visible local ambience only, no sound per decorative placement."
map_objects,object_support_strut_collapse,Support Strut Collapse,content/map_objects.json,Generic visit/capture/collect/guard/blocked/route gestures; no unique proximity bed,,"Silent by default; optional visible local ambience only, no sound per decorative placement."
map_objects,object_mine_spoil_wall,Mine Spoil Wall,content/map_objects.json,Generic visit/capture/collect/guard/blocked/route gestures; no unique proximity bed,,"Silent by default; optional visible local ambience only, no sound per decorative placement."
map_objects,object_undergate_stone_plug,Undergate Stone Plug,content/map_objects.json,Generic visit/capture/collect/guard/blocked/route gestures; no unique proximity bed,,"Silent by default; optional visible local ambience only, no sound per decorative placement."
map_objects,object_pressure_rail_sleeper_edge,Pressure-Rail Sleeper Edge,content/map_objects.json,Generic visit/capture/collect/guard/blocked/route gestures; no unique proximity bed,,"Silent by default; optional visible local ambience only, no sound per decorative placement."
map_objects,object_blue_ice_block,Blue Ice Block,content/map_objects.json,Generic visit/capture/collect/guard/blocked/route gestures; no unique proximity bed,,"Silent by default; optional visible local ambience only, no sound per decorative placement."
map_objects,object_rime_fence_shoulder,Rime Fence Shoulder,content/map_objects.json,Generic visit/capture/collect/guard/blocked/route gestures; no unique proximity bed,,"Silent by default; optional visible local ambience only, no sound per decorative placement."
map_objects,object_sled_wreck_ribs,Sled Wreck Ribs,content/map_objects.json,Generic visit/capture/collect/guard/blocked/route gestures; no unique proximity bed,,"Silent by default; optional visible local ambience only, no sound per decorative placement."
map_objects,object_frozen_pool_shelf,Frozen Pool Shelf,content/map_objects.json,Generic visit/capture/collect/guard/blocked/route gestures; no unique proximity bed,,"Silent by default; optional visible local ambience only, no sound per decorative placement."
map_objects,object_whitewood_trunk_wall,Whitewood Trunk Wall,content/map_objects.json,Generic visit/capture/collect/guard/blocked/route gestures; no unique proximity bed,,"Silent by default; optional visible local ambience only, no sound per decorative placement."
map_objects,object_icefall_tooth_block,Icefall Tooth Block,content/map_objects.json,Generic visit/capture/collect/guard/blocked/route gestures; no unique proximity bed,,"Silent by default; optional visible local ambience only, no sound per decorative placement."
map_objects,object_snow_buried_stone_bar,Snow-Buried Stone Bar,content/map_objects.json,Generic visit/capture/collect/guard/blocked/route gestures; no unique proximity bed,,"Silent by default; optional visible local ambience only, no sound per decorative placement."
map_objects,object_forest_ridge_root_ledge,Forest-Ridge Root Ledge,content/map_objects.json,Generic visit/capture/collect/guard/blocked/route gestures; no unique proximity bed,,"Silent by default; optional visible local ambience only, no sound per decorative placement."
map_objects,object_mire_coast_reed_reef_edge,Mire-Coast Reed Reef Edge,content/map_objects.json,Generic visit/capture/collect/guard/blocked/route gestures; no unique proximity bed,,"Silent by default; optional visible local ambience only, no sound per decorative placement."
map_objects,object_ash_badland_slag_ridge,Ash-Badland Slag Ridge,content/map_objects.json,Generic visit/capture/collect/guard/blocked/route gestures; no unique proximity bed,,"Silent by default; optional visible local ambience only, no sound per decorative placement."
map_objects,object_underway_ash_rail_slag_bank,Underway-Ash Rail Slag Bank,content/map_objects.json,Generic visit/capture/collect/guard/blocked/route gestures; no unique proximity bed,,"Silent by default; optional visible local ambience only, no sound per decorative placement."
map_objects,object_grass_mire_cutwater_lip,Grass-Mire Cutwater Lip,content/map_objects.json,Generic visit/capture/collect/guard/blocked/route gestures; no unique proximity bed,,"Silent by default; optional visible local ambience only, no sound per decorative placement."
map_objects,object_highland_badland_ravine_lip,Highland-Badland Ravine Lip,content/map_objects.json,Generic visit/capture/collect/guard/blocked/route gestures; no unique proximity bed,,"Silent by default; optional visible local ambience only, no sound per decorative placement."
map_objects,object_coast_frost_ice_reef_shelf,Coast-Frost Ice Reef Shelf,content/map_objects.json,Generic visit/capture/collect/guard/blocked/route gestures; no unique proximity bed,,"Silent by default; optional visible local ambience only, no sound per decorative placement."
map_objects,object_grass_ridge_scree_apron,Grass-Ridge Scree Apron,content/map_objects.json,Generic visit/capture/collect/guard/blocked/route gestures; no unique proximity bed,,"Silent by default; optional visible local ambience only, no sound per decorative placement."
map_objects,object_grass_lockwall_flood_shelf,Lockwall Flood Shelf,content/map_objects.json,Generic visit/capture/collect/guard/blocked/route gestures; no unique proximity bed,,"Silent by default; optional visible local ambience only, no sound per decorative placement."
map_objects,object_grass_old_weir_shadow,Old Weir Shadow,content/map_objects.json,Generic visit/capture/collect/guard/blocked/route gestures; no unique proximity bed,,"Silent by default; optional visible local ambience only, no sound per decorative placement."
map_objects,object_grass_millstone_breach_field,Millstone Breach Field,content/map_objects.json,Generic visit/capture/collect/guard/blocked/route gestures; no unique proximity bed,,"Silent by default; optional visible local ambience only, no sound per decorative placement."
map_objects,object_grass_tollroad_embankment,Tollroad Embankment,content/map_objects.json,Generic visit/capture/collect/guard/blocked/route gestures; no unique proximity bed,,"Silent by default; optional visible local ambience only, no sound per decorative placement."
map_objects,object_forest_highland_root_shelf,Forest-Highland Root Shelf,content/map_objects.json,Generic visit/capture/collect/guard/blocked/route gestures; no unique proximity bed,,"Silent by default; optional visible local ambience only, no sound per decorative placement."
map_objects,object_forest_elder_root_overhang,Elder Root Overhang,content/map_objects.json,Generic visit/capture/collect/guard/blocked/route gestures; no unique proximity bed,,"Silent by default; optional visible local ambience only, no sound per decorative placement."
map_objects,object_forest_canopy_shadow_fall,Canopy Shadow Fall,content/map_objects.json,Generic visit/capture/collect/guard/blocked/route gestures; no unique proximity bed,,"Silent by default; optional visible local ambience only, no sound per decorative placement."
map_objects,object_forest_pilgrim_moss_stone_line,Pilgrim Moss Stone Line,content/map_objects.json,Generic visit/capture/collect/guard/blocked/route gestures; no unique proximity bed,,"Silent by default; optional visible local ambience only, no sound per decorative placement."
map_objects,object_forest_great_bough_deadfall,Great Bough Deadfall,content/map_objects.json,Generic visit/capture/collect/guard/blocked/route gestures; no unique proximity bed,,"Silent by default; optional visible local ambience only, no sound per decorative placement."
map_objects,object_mire_coast_reed_bed_shelf,Mire-Coast Reed Bed Shelf,content/map_objects.json,Generic visit/capture/collect/guard/blocked/route gestures; no unique proximity bed,,"Silent by default; optional visible local ambience only, no sound per decorative placement."
map_objects,object_mire_drowned_cypress_knee_wall,Drowned Cypress Knee Wall,content/map_objects.json,Generic visit/capture/collect/guard/blocked/route gestures; no unique proximity bed,,"Silent by default; optional visible local ambience only, no sound per decorative placement."
map_objects,object_mire_blackwater_fen_shelf,Blackwater Fen Shelf,content/map_objects.json,Generic visit/capture/collect/guard/blocked/route gestures; no unique proximity bed,,"Silent by default; optional visible local ambience only, no sound per decorative placement."
map_objects,object_mire_rotted_causeway_shadow,Rotted Causeway Shadow,content/map_objects.json,Generic visit/capture/collect/guard/blocked/route gestures; no unique proximity bed,,"Silent by default; optional visible local ambience only, no sound per decorative placement."
map_objects,object_mire_drum_island_reed_wall,Drum-Island Reed Wall,content/map_objects.json,Generic visit/capture/collect/guard/blocked/route gestures; no unique proximity bed,,"Silent by default; optional visible local ambience only, no sound per decorative placement."
map_objects,object_highland_cliff_band_weathercut,Weathercut Cliff Band,content/map_objects.json,Generic visit/capture/collect/guard/blocked/route gestures; no unique proximity bed,,"Silent by default; optional visible local ambience only, no sound per decorative placement."
map_objects,object_highland_scree_bowl,Highland Scree Bowl,content/map_objects.json,Generic visit/capture/collect/guard/blocked/route gestures; no unique proximity bed,,"Silent by default; optional visible local ambience only, no sound per decorative placement."
map_objects,object_highland_switchback_slate_overhang,Switchback Slate Overhang,content/map_objects.json,Generic visit/capture/collect/guard/blocked/route gestures; no unique proximity bed,,"Silent by default; optional visible local ambience only, no sound per decorative placement."
map_objects,object_highland_storm_cairn_shadow,Storm Cairn Shadow,content/map_objects.json,Generic visit/capture/collect/guard/blocked/route gestures; no unique proximity bed,,"Silent by default; optional visible local ambience only, no sound per decorative placement."
map_objects,object_highland_ridge_teeth_line,Ridge Teeth Line,content/map_objects.json,Generic visit/capture/collect/guard/blocked/route gestures; no unique proximity bed,,"Silent by default; optional visible local ambience only, no sound per decorative placement."
map_objects,object_coast_black_sail_wreck_field,Black-Sail Wreck Field,content/map_objects.json,Generic visit/capture/collect/guard/blocked/route gestures; no unique proximity bed,,"Silent by default; optional visible local ambience only, no sound per decorative placement."
map_objects,object_coast_mirror_salt_shore_shelf,Mirror-Salt Shore Shelf,content/map_objects.json,Generic visit/capture/collect/guard/blocked/route gestures; no unique proximity bed,,"Silent by default; optional visible local ambience only, no sound per decorative placement."
map_objects,object_coast_reef_ledge_overhang,Reef Ledge Overhang,content/map_objects.json,Generic visit/capture/collect/guard/blocked/route gestures; no unique proximity bed,,"Silent by default; optional visible local ambience only, no sound per decorative placement."
map_objects,object_coast_tidepool_glass_shadow,Tidepool Glass Shadow,content/map_objects.json,Generic visit/capture/collect/guard/blocked/route gestures; no unique proximity bed,,"Silent by default; optional visible local ambience only, no sound per decorative placement."
map_objects,object_coast_drowned_quay_blockline,Drowned Quay Blockline,content/map_objects.json,Generic visit/capture/collect/guard/blocked/route gestures; no unique proximity bed,,"Silent by default; optional visible local ambience only, no sound per decorative placement."
map_objects,object_badland_redstone_escarpment,Redstone Escarpment,content/map_objects.json,Generic visit/capture/collect/guard/blocked/route gestures; no unique proximity bed,,"Silent by default; optional visible local ambience only, no sound per decorative placement."
map_objects,object_badland_dry_gully_fan,Dry Gully Fan,content/map_objects.json,Generic visit/capture/collect/guard/blocked/route gestures; no unique proximity bed,,"Silent by default; optional visible local ambience only, no sound per decorative placement."
map_objects,object_badland_shardfall_rubble_wall,Shardfall Rubble Wall,content/map_objects.json,Generic visit/capture/collect/guard/blocked/route gestures; no unique proximity bed,,"Silent by default; optional visible local ambience only, no sound per decorative placement."
map_objects,object_badland_survey_stake_shadow,Survey Stake Shadow,content/map_objects.json,Generic visit/capture/collect/guard/blocked/route gestures; no unique proximity bed,,"Silent by default; optional visible local ambience only, no sound per decorative placement."
map_objects,object_badland_razorfin_wall,Razorfin Wall,content/map_objects.json,Generic visit/capture/collect/guard/blocked/route gestures; no unique proximity bed,,"Silent by default; optional visible local ambience only, no sound per decorative placement."
map_objects,object_ash_lava_slag_wall,Lava-Slag Wall,content/map_objects.json,Generic visit/capture/collect/guard/blocked/route gestures; no unique proximity bed,,"Silent by default; optional visible local ambience only, no sound per decorative placement."
map_objects,object_ash_badland_clinker_transition,Ash-Badland Clinker Transition,content/map_objects.json,Generic visit/capture/collect/guard/blocked/route gestures; no unique proximity bed,,"Silent by default; optional visible local ambience only, no sound per decorative placement."
map_objects,object_ash_furnace_scree_shelf,Furnace Scree Shelf,content/map_objects.json,Generic visit/capture/collect/guard/blocked/route gestures; no unique proximity bed,,"Silent by default; optional visible local ambience only, no sound per decorative placement."
map_objects,object_ash_heatglass_haze_sheet,Heatglass Haze Sheet,content/map_objects.json,Generic visit/capture/collect/guard/blocked/route gestures; no unique proximity bed,,"Silent by default; optional visible local ambience only, no sound per decorative placement."
map_objects,object_ash_obsidian_cooling_wall,Obsidian Cooling Wall,content/map_objects.json,Generic visit/capture/collect/guard/blocked/route gestures; no unique proximity bed,,"Silent by default; optional visible local ambience only, no sound per decorative placement."
map_objects,object_underway_brasspipe_cavern_wall,Brasspipe Cavern Wall,content/map_objects.json,Generic visit/capture/collect/guard/blocked/route gestures; no unique proximity bed,,"Silent by default; optional visible local ambience only, no sound per decorative placement."
map_objects,object_underway_quarry_spoil_curtain,Quarry Spoil Curtain,content/map_objects.json,Generic visit/capture/collect/guard/blocked/route gestures; no unique proximity bed,,"Silent by default; optional visible local ambience only, no sound per decorative placement."
map_objects,object_underway_pressure_rail_embankment,Pressure-Rail Embankment,content/map_objects.json,Generic visit/capture/collect/guard/blocked/route gestures; no unique proximity bed,,"Silent by default; optional visible local ambience only, no sound per decorative placement."
map_objects,object_underway_glowfungus_ceiling_shadow,Glowfungus Ceiling Shadow,content/map_objects.json,Generic visit/capture/collect/guard/blocked/route gestures; no unique proximity bed,,"Silent by default; optional visible local ambience only, no sound per decorative placement."
map_objects,object_underway_ash_slag_pipe_choke,Underway-Ash Slag Pipe Choke,content/map_objects.json,Generic visit/capture/collect/guard/blocked/route gestures; no unique proximity bed,,"Silent by default; optional visible local ambience only, no sound per decorative placement."
map_objects,object_frost_icefall_anchor,Frost March Icefall Anchor,content/map_objects.json,Generic visit/capture/collect/guard/blocked/route gestures; no unique proximity bed,,"Silent by default; optional visible local ambience only, no sound per decorative placement."
map_objects,object_frost_whitewood_trunk_shelf,Whitewood Trunk Shelf,content/map_objects.json,Generic visit/capture/collect/guard/blocked/route gestures; no unique proximity bed,,"Silent by default; optional visible local ambience only, no sound per decorative placement."
map_objects,object_frost_frozen_pool_lip,Frozen Pool Lip,content/map_objects.json,Generic visit/capture/collect/guard/blocked/route gestures; no unique proximity bed,,"Silent by default; optional visible local ambience only, no sound per decorative placement."
map_objects,object_frost_snowblind_drift_shadow,Snowblind Drift Shadow,content/map_objects.json,Generic visit/capture/collect/guard/blocked/route gestures; no unique proximity bed,,"Silent by default; optional visible local ambience only, no sound per decorative placement."
map_objects,object_frost_highland_rime_cliff_band,Frost-Highland Rime Cliff Band,content/map_objects.json,Generic visit/capture/collect/guard/blocked/route gestures; no unique proximity bed,,"Silent by default; optional visible local ambience only, no sound per decorative placement."
map_objects,object_grass_mire_cutwater_reed_shelf,Grass-Mire Cutwater Reed Shelf,content/map_objects.json,Generic visit/capture/collect/guard/blocked/route gestures; no unique proximity bed,,"Silent by default; optional visible local ambience only, no sound per decorative placement."
map_objects,object_coast_underway_sinkhole_quay,Coast-Underway Sinkhole Quay,content/map_objects.json,Generic visit/capture/collect/guard/blocked/route gestures; no unique proximity bed,,"Silent by default; optional visible local ambience only, no sound per decorative placement."
map_objects,object_forest_mire_root_reed_mat,Forest-Mire Root Reed Mat,content/map_objects.json,Generic visit/capture/collect/guard/blocked/route gestures; no unique proximity bed,,"Silent by default; optional visible local ambience only, no sound per decorative placement."
map_objects,object_greenbough_wood_yard,Greenbough Wood Yard,content/map_objects.json,Generic visit/capture/collect/guard/blocked/route gestures; no unique proximity bed,site_mine,Reuse family bank; choose exact gate/portal/tool/material from description and art. Unspecified-family assignment is provisional.
map_objects,object_floodplain_sluice_camp,Floodplain Sluice Camp,content/map_objects.json,Generic visit/capture/collect/guard/blocked/route gestures; no unique proximity bed,site_mine,Reuse family bank; choose exact gate/portal/tool/material from description and art. Unspecified-family assignment is provisional.
map_objects,object_ironstep_ore_pit,Ironstep Ore Pit,content/map_objects.json,Generic visit/capture/collect/guard/blocked/route gestures; no unique proximity bed,site_mine,Reuse family bank; choose exact gate/portal/tool/material from description and art. Unspecified-family assignment is provisional.
map_objects,object_reef_coin_assay,Reef Coin Assay,content/map_objects.json,Generic visit/capture/collect/guard/blocked/route gestures; no unique proximity bed,site_mine,Reuse family bank; choose exact gate/portal/tool/material from description and art. Unspecified-family assignment is provisional.
map_objects,object_cinder_ore_face,Cinder Ore Face,content/map_objects.json,Generic visit/capture/collect/guard/blocked/route gestures; no unique proximity bed,site_mine,Reuse family bank; choose exact gate/portal/tool/material from description and art. Unspecified-family assignment is provisional.
map_objects,object_frostwood_cutting_yard,Frostwood Cutting Yard,content/map_objects.json,Generic visit/capture/collect/guard/blocked/route gestures; no unique proximity bed,site_mine,Reuse family bank; choose exact gate/portal/tool/material from description and art. Unspecified-family assignment is provisional.
map_objects,object_aetherglass_lens_house,Aetherglass Lens House,content/map_objects.json,Generic visit/capture/collect/guard/blocked/route gestures; no unique proximity bed,site_staged_resource_front,Reuse family bank; choose exact gate/portal/tool/material from description and art. Unspecified-family assignment is provisional.
map_objects,object_sunfall_aetherglass_yard,Sunfall Aetherglass Yard,content/map_objects.json,Generic visit/capture/collect/guard/blocked/route gestures; no unique proximity bed,site_staged_resource_front,Reuse family bank; choose exact gate/portal/tool/material from description and art. Unspecified-family assignment is provisional.
map_objects,object_embergrain_warm_granary,Embergrain Warm Granary,content/map_objects.json,Generic visit/capture/collect/guard/blocked/route gestures; no unique proximity bed,site_staged_resource_front,Reuse family bank; choose exact gate/portal/tool/material from description and art. Unspecified-family assignment is provisional.
map_objects,object_charcoal_embergrain_store,Charcoal Embergrain Store,content/map_objects.json,Generic visit/capture/collect/guard/blocked/route gestures; no unique proximity bed,site_staged_resource_front,Reuse family bank; choose exact gate/portal/tool/material from description and art. Unspecified-family assignment is provisional.
map_objects,object_peatwax_reed_yard,Peatwax Reed Yard,content/map_objects.json,Generic visit/capture/collect/guard/blocked/route gestures; no unique proximity bed,site_staged_resource_front,Reuse family bank; choose exact gate/portal/tool/material from description and art. Unspecified-family assignment is provisional.
map_objects,object_verdant_graft_nursery,Verdant Graft Nursery,content/map_objects.json,Generic visit/capture/collect/guard/blocked/route gestures; no unique proximity bed,site_staged_resource_front,Reuse family bank; choose exact gate/portal/tool/material from description and art. Unspecified-family assignment is provisional.
map_objects,object_brass_scrip_mint,Brass Scrip Mint,content/map_objects.json,Generic visit/capture/collect/guard/blocked/route gestures; no unique proximity bed,site_staged_resource_front,Reuse family bank; choose exact gate/portal/tool/material from description and art. Unspecified-family assignment is provisional.
map_objects,object_underway_brass_scrip_press,Underway Brass Scrip Press,content/map_objects.json,Generic visit/capture/collect/guard/blocked/route gestures; no unique proximity bed,site_staged_resource_front,Reuse family bank; choose exact gate/portal/tool/material from description and art. Unspecified-family assignment is provisional.
map_objects,object_memory_salt_pan,Memory-Salt Pan,content/map_objects.json,Generic visit/capture/collect/guard/blocked/route gestures; no unique proximity bed,site_staged_resource_front,Reuse family bank; choose exact gate/portal/tool/material from description and art. Unspecified-family assignment is provisional.
map_objects,object_wind_press,Wind Press,content/map_objects.json,Generic visit/capture/collect/guard/blocked/route gestures; no unique proximity bed,site_support_producer,Reuse family bank; choose exact gate/portal/tool/material from description and art. Unspecified-family assignment is provisional.
map_objects,object_saw_chain,Saw Chain,content/map_objects.json,Generic visit/capture/collect/guard/blocked/route gestures; no unique proximity bed,site_support_producer,Reuse family bank; choose exact gate/portal/tool/material from description and art. Unspecified-family assignment is provisional.
map_objects,object_tide_kiln,Tide Kiln,content/map_objects.json,Generic visit/capture/collect/guard/blocked/route gestures; no unique proximity bed,site_support_producer,Reuse family bank; choose exact gate/portal/tool/material from description and art. Unspecified-family assignment is provisional.
map_objects,object_orchard_levy_post,Orchard Levy Post,content/map_objects.json,Generic visit/capture/collect/guard/blocked/route gestures; no unique proximity bed,site_support_producer,Reuse family bank; choose exact gate/portal/tool/material from description and art. Unspecified-family assignment is provisional.
map_objects,object_smelter_annex,Smelter Annex,content/map_objects.json,Generic visit/capture/collect/guard/blocked/route gestures; no unique proximity bed,site_support_producer,Reuse family bank; choose exact gate/portal/tool/material from description and art. Unspecified-family assignment is provisional.
map_objects,object_charter_countinghouse,Charter Countinghouse,content/map_objects.json,Generic visit/capture/collect/guard/blocked/route gestures; no unique proximity bed,site_support_producer,Reuse family bank; choose exact gate/portal/tool/material from description and art. Unspecified-family assignment is provisional.
map_objects,object_badlands_coin_sluice,Badlands Coin Sluice,content/map_objects.json,Generic visit/capture/collect/guard/blocked/route gestures; no unique proximity bed,site_mine,Reuse family bank; choose exact gate/portal/tool/material from description and art. Unspecified-family assignment is provisional.
map_objects,object_underway_ore_counterfort,Underway Ore Counterfort,content/map_objects.json,Generic visit/capture/collect/guard/blocked/route gestures; no unique proximity bed,site_mine,Reuse family bank; choose exact gate/portal/tool/material from description and art. Unspecified-family assignment is provisional.
map_objects,object_grassland_plank_grove,Grassland Plank Grove,content/map_objects.json,Generic visit/capture/collect/guard/blocked/route gestures; no unique proximity bed,site_mine,Reuse family bank; choose exact gate/portal/tool/material from description and art. Unspecified-family assignment is provisional.
map_objects,object_wayfarer_menders_tent,Wayfarer Menders Tent,content/map_objects.json,Generic visit/capture/collect/guard/blocked/route gestures; no unique proximity bed,site_repeatable_service,Reuse family bank; choose exact gate/portal/tool/material from description and art. Unspecified-family assignment is provisional.
map_objects,object_courier_change_post,Courier Change Post,content/map_objects.json,Generic visit/capture/collect/guard/blocked/route gestures; no unique proximity bed,site_repeatable_service,Reuse family bank; choose exact gate/portal/tool/material from description and art. Unspecified-family assignment is provisional.
map_objects,object_contract_scribe_booth,Contract Scribe Booth,content/map_objects.json,Generic visit/capture/collect/guard/blocked/route gestures; no unique proximity bed,site_repeatable_service,Reuse family bank; choose exact gate/portal/tool/material from description and art. Unspecified-family assignment is provisional.
map_objects,object_reedboat_supply_stand,Reedboat Supply Stand,content/map_objects.json,Generic visit/capture/collect/guard/blocked/route gestures; no unique proximity bed,site_repeatable_service,Reuse family bank; choose exact gate/portal/tool/material from description and art. Unspecified-family assignment is provisional.
map_objects,object_ash_cooler_kitchen,Ash Cooler Kitchen,content/map_objects.json,Generic visit/capture/collect/guard/blocked/route gestures; no unique proximity bed,site_repeatable_service,Reuse family bank; choose exact gate/portal/tool/material from description and art. Unspecified-family assignment is provisional.
map_objects,object_lens_calibration_cart,Lens Calibration Cart,content/map_objects.json,Generic visit/capture/collect/guard/blocked/route gestures; no unique proximity bed,site_repeatable_service,Reuse family bank; choose exact gate/portal/tool/material from description and art. Unspecified-family assignment is provisional.
map_objects,object_oath_ember_shrine,Oath Ember Shrine,content/map_objects.json,Generic visit/capture/collect/guard/blocked/route gestures; no unique proximity bed,site_shrine,Reuse family bank; choose exact gate/portal/tool/material from description and art. Unspecified-family assignment is provisional.
map_objects,object_reedscript_vow_shrine,Reedscript Vow Shrine,content/map_objects.json,Generic visit/capture/collect/guard/blocked/route gestures; no unique proximity bed,site_shrine,Reuse family bank; choose exact gate/portal/tool/material from description and art. Unspecified-family assignment is provisional.
map_objects,object_prism_measure_shrine,Prism Measure Shrine,content/map_objects.json,Generic visit/capture/collect/guard/blocked/route gestures; no unique proximity bed,site_shrine,Reuse family bank; choose exact gate/portal/tool/material from description and art. Unspecified-family assignment is provisional.
map_objects,object_root_accord_ring,Root Accord Ring,content/map_objects.json,Generic visit/capture/collect/guard/blocked/route gestures; no unique proximity bed,site_shrine,Reuse family bank; choose exact gate/portal/tool/material from description and art. Unspecified-family assignment is provisional.
map_objects,object_furnace_oath_marker,Furnace Oath Marker,content/map_objects.json,Generic visit/capture/collect/guard/blocked/route gestures; no unique proximity bed,site_shrine,Reuse family bank; choose exact gate/portal/tool/material from description and art. Unspecified-family assignment is provisional.
map_objects,object_tide_bell_shrine,Tide Bell Shrine,content/map_objects.json,Generic visit/capture/collect/guard/blocked/route gestures; no unique proximity bed,site_shrine,Reuse family bank; choose exact gate/portal/tool/material from description and art. Unspecified-family assignment is provisional.
map_objects,object_hilltop_signal_nest,Hilltop Signal Nest,content/map_objects.json,Generic visit/capture/collect/guard/blocked/route gestures; no unique proximity bed,site_scouting_structure,Reuse family bank; choose exact gate/portal/tool/material from description and art. Unspecified-family assignment is provisional.
map_objects,object_marsh_listener_post,Marsh Listener Post,content/map_objects.json,Generic visit/capture/collect/guard/blocked/route gestures; no unique proximity bed,site_scouting_structure,Reuse family bank; choose exact gate/portal/tool/material from description and art. Unspecified-family assignment is provisional.
map_objects,object_prism_survey_frame,Prism Survey Frame,content/map_objects.json,Generic visit/capture/collect/guard/blocked/route gestures; no unique proximity bed,site_scouting_structure,Reuse family bank; choose exact gate/portal/tool/material from description and art. Unspecified-family assignment is provisional.
map_objects,object_underway_echo_well,Underway Echo Well,content/map_objects.json,Generic visit/capture/collect/guard/blocked/route gestures; no unique proximity bed,site_scouting_structure,Reuse family bank; choose exact gate/portal/tool/material from description and art. Unspecified-family assignment is provisional.
map_objects,object_coast_bell_watch,Coast Bell Watch,content/map_objects.json,Generic visit/capture/collect/guard/blocked/route gestures; no unique proximity bed,site_scouting_structure,Reuse family bank; choose exact gate/portal/tool/material from description and art. Unspecified-family assignment is provisional.
map_objects,object_mile_writ_sign,Mile Writ Sign,content/map_objects.json,Generic visit/capture/collect/guard/blocked/route gestures; no unique proximity bed,site_sign_waypoint,Reuse family bank; choose exact gate/portal/tool/material from description and art. Unspecified-family assignment is provisional.
map_objects,object_reed_knot_waypost,Reed Knot Waypost,content/map_objects.json,Generic visit/capture/collect/guard/blocked/route gestures; no unique proximity bed,site_sign_waypoint,Reuse family bank; choose exact gate/portal/tool/material from description and art. Unspecified-family assignment is provisional.
map_objects,object_switchback_cairn,Switchback Cairn,content/map_objects.json,Generic visit/capture/collect/guard/blocked/route gestures; no unique proximity bed,site_sign_waypoint,Reuse family bank; choose exact gate/portal/tool/material from description and art. Unspecified-family assignment is provisional.
map_objects,object_ash_road_marker,Ash Road Marker,content/map_objects.json,Generic visit/capture/collect/guard/blocked/route gestures; no unique proximity bed,site_sign_waypoint,Reuse family bank; choose exact gate/portal/tool/material from description and art. Unspecified-family assignment is provisional.
map_objects,object_underway_chalk_index,Underway Chalk Index,content/map_objects.json,Generic visit/capture/collect/guard/blocked/route gestures; no unique proximity bed,site_sign_waypoint,Reuse family bank; choose exact gate/portal/tool/material from description and art. Unspecified-family assignment is provisional.
map_objects,object_toll_chain_court,Toll Chain Court,content/map_objects.json,Generic visit/capture/collect/guard/blocked/route gestures; no unique proximity bed,site_transit_object,Reuse family bank; choose exact gate/portal/tool/material from description and art. Unspecified-family assignment is provisional.
map_objects,object_root_lease_gate,Root Lease Gate,content/map_objects.json,Generic visit/capture/collect/guard/blocked/route gestures; no unique proximity bed,site_transit_object,Reuse family bank; choose exact gate/portal/tool/material from description and art. Unspecified-family assignment is provisional.
map_objects,object_pressure_rail_stop,Pressure Rail Stop,content/map_objects.json,Generic visit/capture/collect/guard/blocked/route gestures; no unique proximity bed,site_transit_object,Reuse family bank; choose exact gate/portal/tool/material from description and art. Unspecified-family assignment is provisional.
map_objects,object_campaign_muster_seal,Campaign Muster Seal,content/map_objects.json,Generic visit/capture/collect/guard/blocked/route gestures; no unique proximity bed,site_scenario_objective,Reuse family bank; choose exact gate/portal/tool/material from description and art. Unspecified-family assignment is provisional.
map_objects,object_broken_accord_marker,Broken Accord Marker,content/map_objects.json,Generic visit/capture/collect/guard/blocked/route gestures; no unique proximity bed,site_scenario_objective,Reuse family bank; choose exact gate/portal/tool/material from description and art. Unspecified-family assignment is provisional.
map_objects,object_scenario_witness_stone,Scenario Witness Stone,content/map_objects.json,Generic visit/capture/collect/guard/blocked/route gestures; no unique proximity bed,site_scenario_objective,Reuse family bank; choose exact gate/portal/tool/material from description and art. Unspecified-family assignment is provisional.
map_objects,object_root_pass_arch,Root Pass Arch,content/map_objects.json,Generic visit/capture/collect/guard/blocked/route gestures; no unique proximity bed,site_transit_object,Reuse family bank; choose exact gate/portal/tool/material from description and art. Unspecified-family assignment is provisional.
map_objects,object_pressure_rail_switch,Pressure Rail Switch,content/map_objects.json,Generic visit/capture/collect/guard/blocked/route gestures; no unique proximity bed,site_transit_object,Reuse family bank; choose exact gate/portal/tool/material from description and art. Unspecified-family assignment is provisional.
map_objects,object_mirror_stair_turn,Mirror Stair Turn,content/map_objects.json,Generic visit/capture/collect/guard/blocked/route gestures; no unique proximity bed,site_transit_object,Reuse family bank; choose exact gate/portal/tool/material from description and art. Unspecified-family assignment is provisional.
map_objects,object_basalt_undergate,Basalt Undergate,content/map_objects.json,Generic visit/capture/collect/guard/blocked/route gestures; no unique proximity bed,site_transit_object,Reuse family bank; choose exact gate/portal/tool/material from description and art. Unspecified-family assignment is provisional.
map_objects,object_ridge_wind_chute,Ridge Wind Chute,content/map_objects.json,Generic visit/capture/collect/guard/blocked/route gestures; no unique proximity bed,site_transit_object,Reuse family bank; choose exact gate/portal/tool/material from description and art. Unspecified-family assignment is provisional.
map_objects,object_slipgate_mirror,Slipgate Mirror,content/map_objects.json,Generic visit/capture/collect/guard/blocked/route gestures; no unique proximity bed,site_transit_object,Reuse family bank; choose exact gate/portal/tool/material from description and art. Unspecified-family assignment is provisional.
map_objects,object_spillway_drop_marker,Spillway Drop Marker,content/map_objects.json,Generic visit/capture/collect/guard/blocked/route gestures; no unique proximity bed,site_transit_object,Reuse family bank; choose exact gate/portal/tool/material from description and art. Unspecified-family assignment is provisional.
map_objects,object_tide_bore_marker,Tide Bore Marker,content/map_objects.json,Generic visit/capture/collect/guard/blocked/route gestures; no unique proximity bed,site_transit_object,Reuse family bank; choose exact gate/portal/tool/material from description and art. Unspecified-family assignment is provisional.
map_objects,object_charter_bar_gate,Charter Bar Gate,content/map_objects.json,Generic visit/capture/collect/guard/blocked/route gestures; no unique proximity bed,site_transit_object,Reuse family bank; choose exact gate/portal/tool/material from description and art. Unspecified-family assignment is provisional.
map_objects,object_thorn_seal_gate,Thorn Seal Gate,content/map_objects.json,Generic visit/capture/collect/guard/blocked/route gestures; no unique proximity bed,site_transit_object,Reuse family bank; choose exact gate/portal/tool/material from description and art. Unspecified-family assignment is provisional.
map_objects,object_brass_toll_arch,Brass Toll Arch,content/map_objects.json,Generic visit/capture/collect/guard/blocked/route gestures; no unique proximity bed,site_transit_object,Reuse family bank; choose exact gate/portal/tool/material from description and art. Unspecified-family assignment is provisional.
map_objects,object_reef_chain_boom,Reef Chain Boom,content/map_objects.json,Generic visit/capture/collect/guard/blocked/route gestures; no unique proximity bed,site_transit_object,Reuse family bank; choose exact gate/portal/tool/material from description and art. Unspecified-family assignment is provisional.
map_objects,object_frost_toll_bar,Frost Toll Bar,content/map_objects.json,Generic visit/capture/collect/guard/blocked/route gestures; no unique proximity bed,site_transit_object,Reuse family bank; choose exact gate/portal/tool/material from description and art. Unspecified-family assignment is provisional.
map_objects,object_ash_sluice_lock,Ash Sluice Lock,content/map_objects.json,Generic visit/capture/collect/guard/blocked/route gestures; no unique proximity bed,site_transit_object,Reuse family bank; choose exact gate/portal/tool/material from description and art. Unspecified-family assignment is provisional.
map_objects,object_veil_skiffyard,Veil Skiffyard,content/map_objects.json,Generic visit/capture/collect/guard/blocked/route gestures; no unique proximity bed,site_transit_object,Reuse family bank; choose exact gate/portal/tool/material from description and art. Unspecified-family assignment is provisional.
map_objects,object_harbor_pilot_post,Harbor Pilot Post,content/map_objects.json,Generic visit/capture/collect/guard/blocked/route gestures; no unique proximity bed,site_transit_object,Reuse family bank; choose exact gate/portal/tool/material from description and art. Unspecified-family assignment is provisional.
map_objects,object_bell_buoy_station,Bell Buoy Station,content/map_objects.json,Generic visit/capture/collect/guard/blocked/route gestures; no unique proximity bed,site_transit_object,Reuse family bank; choose exact gate/portal/tool/material from description and art. Unspecified-family assignment is provisional.
map_objects,object_wreck_quay,Wreck Quay,content/map_objects.json,Generic visit/capture/collect/guard/blocked/route gestures; no unique proximity bed,site_transit_object,Reuse family bank; choose exact gate/portal/tool/material from description and art. Unspecified-family assignment is provisional.
map_objects,object_tide_chain_mooring,Tide Chain Mooring,content/map_objects.json,Generic visit/capture/collect/guard/blocked/route gestures; no unique proximity bed,site_transit_object,Reuse family bank; choose exact gate/portal/tool/material from description and art. Unspecified-family assignment is provisional.
map_objects,object_marsh_skiff_shelf,Marsh Skiff Shelf,content/map_objects.json,Generic visit/capture/collect/guard/blocked/route gestures; no unique proximity bed,site_transit_object,Reuse family bank; choose exact gate/portal/tool/material from description and art. Unspecified-family assignment is provisional.
map_objects,object_mileward_route_post,Mileward Route Post,content/map_objects.json,Generic visit/capture/collect/guard/blocked/route gestures; no unique proximity bed,site_transit_object,Reuse family bank; choose exact gate/portal/tool/material from description and art. Unspecified-family assignment is provisional.
map_objects,object_road_oath_stone,Road Oath Stone,content/map_objects.json,Generic visit/capture/collect/guard/blocked/route gestures; no unique proximity bed,site_transit_object,Reuse family bank; choose exact gate/portal/tool/material from description and art. Unspecified-family assignment is provisional.
map_objects,object_salt_skirmisher_pier,Salt Skirmisher Pier,content/map_objects.json,Generic visit/capture/collect/guard/blocked/route gestures; no unique proximity bed,site_neutral_dwelling,Reuse family bank; choose exact gate/portal/tool/material from description and art. Unspecified-family assignment is provisional.
map_objects,object_rootwatch_hollow,Rootwatch Hollow,content/map_objects.json,Generic visit/capture/collect/guard/blocked/route gestures; no unique proximity bed,site_neutral_dwelling,Reuse family bank; choose exact gate/portal/tool/material from description and art. Unspecified-family assignment is provisional.
map_objects,object_ember_cart_yard,Ember Cart Yard,content/map_objects.json,Generic visit/capture/collect/guard/blocked/route gestures; no unique proximity bed,site_neutral_dwelling,Reuse family bank; choose exact gate/portal/tool/material from description and art. Unspecified-family assignment is provisional.
map_objects,object_prism_outrider_post,Prism Outrider Post,content/map_objects.json,Generic visit/capture/collect/guard/blocked/route gestures; no unique proximity bed,site_neutral_dwelling,Reuse family bank; choose exact gate/portal/tool/material from description and art. Unspecified-family assignment is provisional.
map_objects,object_storm_rook_eyrie,Storm Rook Eyrie,content/map_objects.json,Generic visit/capture/collect/guard/blocked/route gestures; no unique proximity bed,site_neutral_dwelling,Reuse family bank; choose exact gate/portal/tool/material from description and art. Unspecified-family assignment is provisional.
map_objects,object_mirror_bound_barracks,Mirror-Bound Barracks,content/map_objects.json,Generic visit/capture/collect/guard/blocked/route gestures; no unique proximity bed,site_neutral_dwelling,Reuse family bank; choose exact gate/portal/tool/material from description and art. Unspecified-family assignment is provisional.
map_objects,object_furnace_oath_yard,Furnace Oath Yard,content/map_objects.json,Generic visit/capture/collect/guard/blocked/route gestures; no unique proximity bed,site_neutral_dwelling,Reuse family bank; choose exact gate/portal/tool/material from description and art. Unspecified-family assignment is provisional.
map_objects,object_drowned_crown_hall,Drowned Crown Hall,content/map_objects.json,Generic visit/capture/collect/guard/blocked/route gestures; no unique proximity bed,site_neutral_dwelling,Reuse family bank; choose exact gate/portal/tool/material from description and art. Unspecified-family assignment is provisional.
map_objects,object_barrow_vault,Barrow Vault,content/map_objects.json,Generic visit/capture/collect/guard/blocked/route gestures; no unique proximity bed,site_guarded_reward_site,Reuse family bank; choose exact gate/portal/tool/material from description and art. Unspecified-family assignment is provisional.
map_objects,object_toll_ruin,Toll Ruin,content/map_objects.json,Generic visit/capture/collect/guard/blocked/route gestures; no unique proximity bed,site_guarded_reward_site,Reuse family bank; choose exact gate/portal/tool/material from description and art. Unspecified-family assignment is provisional.
map_objects,object_wreck_locker,Wreck Locker,content/map_objects.json,Generic visit/capture/collect/guard/blocked/route gestures; no unique proximity bed,site_guarded_reward_site,Reuse family bank; choose exact gate/portal/tool/material from description and art. Unspecified-family assignment is provisional.
map_objects,object_amber_reliquary,Amber Reliquary,content/map_objects.json,Generic visit/capture/collect/guard/blocked/route gestures; no unique proximity bed,site_guarded_reward_site,Reuse family bank; choose exact gate/portal/tool/material from description and art. Unspecified-family assignment is provisional.
map_objects,object_slag_purse_vault,Slag Purse Vault,content/map_objects.json,Generic visit/capture/collect/guard/blocked/route gestures; no unique proximity bed,site_guarded_reward_site,Reuse family bank; choose exact gate/portal/tool/material from description and art. Unspecified-family assignment is provisional.
map_objects,object_old_orchard_crypt,Old Orchard Crypt,content/map_objects.json,Generic visit/capture/collect/guard/blocked/route gestures; no unique proximity bed,site_guarded_reward_site,Reuse family bank; choose exact gate/portal/tool/material from description and art. Unspecified-family assignment is provisional.
map_objects,object_moss_oath_cache,Moss Oath Cache,content/map_objects.json,Generic visit/capture/collect/guard/blocked/route gestures; no unique proximity bed,site_guarded_reward_site,Reuse family bank; choose exact gate/portal/tool/material from description and art. Unspecified-family assignment is provisional.
map_objects,object_frost_tithe_cellar,Frost Tithe Cellar,content/map_objects.json,Generic visit/capture/collect/guard/blocked/route gestures; no unique proximity bed,site_guarded_reward_site,Reuse family bank; choose exact gate/portal/tool/material from description and art. Unspecified-family assignment is provisional.
map_objects,object_drowned_reliquary,Drowned Reliquary,content/map_objects.json,Generic visit/capture/collect/guard/blocked/route gestures; no unique proximity bed,site_guarded_reward_site,Reuse family bank; choose exact gate/portal/tool/material from description and art. Unspecified-family assignment is provisional.
map_objects,object_mirror_archive,Mirror Archive,content/map_objects.json,Generic visit/capture/collect/guard/blocked/route gestures; no unique proximity bed,site_guarded_reward_site,Reuse family bank; choose exact gate/portal/tool/material from description and art. Unspecified-family assignment is provisional.
map_objects,object_furnace_vault,Furnace Vault,content/map_objects.json,Generic visit/capture/collect/guard/blocked/route gestures; no unique proximity bed,site_guarded_reward_site,Reuse family bank; choose exact gate/portal/tool/material from description and art. Unspecified-family assignment is provisional.
map_objects,object_thorn_crown_hollow,Thorn Crown Hollow,content/map_objects.json,Generic visit/capture/collect/guard/blocked/route gestures; no unique proximity bed,site_guarded_reward_site,Reuse family bank; choose exact gate/portal/tool/material from description and art. Unspecified-family assignment is provisional.
map_objects,object_storm_bell_wreck,Storm-Bell Wreck,content/map_objects.json,Generic visit/capture/collect/guard/blocked/route gestures; no unique proximity bed,site_guarded_reward_site,Reuse family bank; choose exact gate/portal/tool/material from description and art. Unspecified-family assignment is provisional.
map_objects,object_prism_ossuary,Prism Ossuary,content/map_objects.json,Generic visit/capture/collect/guard/blocked/route gestures; no unique proximity bed,site_guarded_reward_site,Reuse family bank; choose exact gate/portal/tool/material from description and art. Unspecified-family assignment is provisional.
map_objects,object_basalt_oath_tomb,Basalt Oath Tomb,content/map_objects.json,Generic visit/capture/collect/guard/blocked/route gestures; no unique proximity bed,site_guarded_reward_site,Reuse family bank; choose exact gate/portal/tool/material from description and art. Unspecified-family assignment is provisional.
map_objects,object_lantern_crown_nave,Lantern Crown Nave,content/map_objects.json,Generic visit/capture/collect/guard/blocked/route gestures; no unique proximity bed,site_guarded_reward_site,Reuse family bank; choose exact gate/portal/tool/material from description and art. Unspecified-family assignment is provisional.
map_objects,object_sealed_muster_fort,Sealed Muster Fort,content/map_objects.json,Generic visit/capture/collect/guard/blocked/route gestures; no unique proximity bed,site_guarded_reward_site,Reuse family bank; choose exact gate/portal/tool/material from description and art. Unspecified-family assignment is provisional.
map_objects,object_hive_of_reeds,Hive of Reeds,content/map_objects.json,Generic visit/capture/collect/guard/blocked/route gestures; no unique proximity bed,site_guarded_reward_site,Reuse family bank; choose exact gate/portal/tool/material from description and art. Unspecified-family assignment is provisional.
map_objects,object_glassbound_eyrie,Glassbound Eyrie,content/map_objects.json,Generic visit/capture/collect/guard/blocked/route gestures; no unique proximity bed,site_guarded_reward_site,Reuse family bank; choose exact gate/portal/tool/material from description and art. Unspecified-family assignment is provisional.
map_objects,object_rust_choir_foundry,Rust Choir Foundry,content/map_objects.json,Generic visit/capture/collect/guard/blocked/route gestures; no unique proximity bed,site_guarded_reward_site,Reuse family bank; choose exact gate/portal/tool/material from description and art. Unspecified-family assignment is provisional.
map_objects,object_salt_wight_convoy,Salt-Wight Convoy,content/map_objects.json,Generic visit/capture/collect/guard/blocked/route gestures; no unique proximity bed,site_guarded_reward_site,Reuse family bank; choose exact gate/portal/tool/material from description and art. Unspecified-family assignment is provisional.
map_objects,object_kiln_chain_redoubt,Kiln Chain Redoubt,content/map_objects.json,Generic visit/capture/collect/guard/blocked/route gestures; no unique proximity bed,site_guarded_reward_site,Reuse family bank; choose exact gate/portal/tool/material from description and art. Unspecified-family assignment is provisional.
map_objects,object_rootwarden_stockade,Rootwarden Stockade,content/map_objects.json,Generic visit/capture/collect/guard/blocked/route gestures; no unique proximity bed,site_guarded_reward_site,Reuse family bank; choose exact gate/portal/tool/material from description and art. Unspecified-family assignment is provisional.
map_objects,object_brasswake_depot,Brasswake Depot,content/map_objects.json,Generic visit/capture/collect/guard/blocked/route gestures; no unique proximity bed,site_guarded_reward_site,Reuse family bank; choose exact gate/portal/tool/material from description and art. Unspecified-family assignment is provisional.
map_objects,object_bridge_bastion,Bridge Bastion,content/map_objects.json,Generic visit/capture/collect/guard/blocked/route gestures; no unique proximity bed,site_guarded_reward_site,Reuse family bank; choose exact gate/portal/tool/material from description and art. Unspecified-family assignment is provisional.
map_objects,object_chainboom_fort,Chainboom Fort,content/map_objects.json,Generic visit/capture/collect/guard/blocked/route gestures; no unique proximity bed,site_guarded_reward_site,Reuse family bank; choose exact gate/portal/tool/material from description and art. Unspecified-family assignment is provisional.
map_objects,object_railblock_camp,Railblock Camp,content/map_objects.json,Generic visit/capture/collect/guard/blocked/route gestures; no unique proximity bed,site_guarded_reward_site,Reuse family bank; choose exact gate/portal/tool/material from description and art. Unspecified-family assignment is provisional.
map_objects,object_rootgate_den,Rootgate Den,content/map_objects.json,Generic visit/capture/collect/guard/blocked/route gestures; no unique proximity bed,site_guarded_reward_site,Reuse family bank; choose exact gate/portal/tool/material from description and art. Unspecified-family assignment is provisional.
map_objects,object_fog_quay_ambush,Fog Quay Ambush,content/map_objects.json,Generic visit/capture/collect/guard/blocked/route gestures; no unique proximity bed,site_guarded_reward_site,Reuse family bank; choose exact gate/portal/tool/material from description and art. Unspecified-family assignment is provisional.
map_objects,object_mirror_toll_causeway,Mirror Toll Causeway,content/map_objects.json,Generic visit/capture/collect/guard/blocked/route gestures; no unique proximity bed,site_guarded_reward_site,Reuse family bank; choose exact gate/portal/tool/material from description and art. Unspecified-family assignment is provisional.
map_objects,object_ashbarb_roadblock,Ashbarb Roadblock,content/map_objects.json,Generic visit/capture/collect/guard/blocked/route gestures; no unique proximity bed,site_guarded_reward_site,Reuse family bank; choose exact gate/portal/tool/material from description and art. Unspecified-family assignment is provisional.
map_objects,object_frostford_hold,Frostford Hold,content/map_objects.json,Generic visit/capture/collect/guard/blocked/route gestures; no unique proximity bed,site_guarded_reward_site,Reuse family bank; choose exact gate/portal/tool/material from description and art. Unspecified-family assignment is provisional.
map_objects,object_thornwake_graft_arch,Thornwake Graft Arch,content/map_objects.json,Generic visit/capture/collect/guard/blocked/route gestures; no unique proximity bed,site_faction_landmark,Reuse family bank; choose exact gate/portal/tool/material from description and art. Unspecified-family assignment is provisional.
map_objects,object_brasshollow_gauge_shrine,Brasshollow Gauge Shrine,content/map_objects.json,Generic visit/capture/collect/guard/blocked/route gestures; no unique proximity bed,site_faction_landmark,Reuse family bank; choose exact gate/portal/tool/material from description and art. Unspecified-family assignment is provisional.
map_objects,object_veilmourn_bell_mast,Veilmourn Bell Mast,content/map_objects.json,Generic visit/capture/collect/guard/blocked/route gestures; no unique proximity bed,site_faction_landmark,Reuse family bank; choose exact gate/portal/tool/material from description and art. Unspecified-family assignment is provisional.
map_objects,object_granary_lock_exchange,Granary Lock Exchange,content/map_objects.json,Generic visit/capture/collect/guard/blocked/route gestures; no unique proximity bed,site_faction_landmark,Reuse family bank; choose exact gate/portal/tool/material from description and art. Unspecified-family assignment is provisional.
map_objects,object_blackwater_shrine_marker,Blackwater Shrine Marker,content/map_objects.json,Generic visit/capture/collect/guard/blocked/route gestures; no unique proximity bed,site_faction_landmark,Reuse family bank; choose exact gate/portal/tool/material from description and art. Unspecified-family assignment is provisional.
map_objects,object_prism_yard_standard,Prism Yard Standard,content/map_objects.json,Generic visit/capture/collect/guard/blocked/route gestures; no unique proximity bed,site_faction_landmark,Reuse family bank; choose exact gate/portal/tool/material from description and art. Unspecified-family assignment is provisional.
map_objects,object_broken_treaty_stone,Broken Treaty Stone,content/map_objects.json,Generic visit/capture/collect/guard/blocked/route gestures; no unique proximity bed,site_scenario_objective,Reuse family bank; choose exact gate/portal/tool/material from description and art. Unspecified-family assignment is provisional.
map_objects,object_sealed_causeway_lever,Sealed Causeway Lever,content/map_objects.json,Generic visit/capture/collect/guard/blocked/route gestures; no unique proximity bed,site_scenario_objective,Reuse family bank; choose exact gate/portal/tool/material from description and art. Unspecified-family assignment is provisional.
map_objects,object_mirror_anchor_frame,Mirror Anchor Frame,content/map_objects.json,Generic visit/capture/collect/guard/blocked/route gestures; no unique proximity bed,site_scenario_objective,Reuse family bank; choose exact gate/portal/tool/material from description and art. Unspecified-family assignment is provisional.
map_objects,object_crownless_standard,Crownless Standard,content/map_objects.json,Generic visit/capture/collect/guard/blocked/route gestures; no unique proximity bed,site_scenario_objective,Reuse family bank; choose exact gate/portal/tool/material from description and art. Unspecified-family assignment is provisional.
map_objects,object_drowned_toll_bell,Drowned Toll Bell,content/map_objects.json,Generic visit/capture/collect/guard/blocked/route gestures; no unique proximity bed,site_scenario_objective,Reuse family bank; choose exact gate/portal/tool/material from description and art. Unspecified-family assignment is provisional.
map_objects,object_orchard_writ_seal,Orchard Writ Seal,content/map_objects.json,Generic visit/capture/collect/guard/blocked/route gestures; no unique proximity bed,site_scenario_objective,Reuse family bank; choose exact gate/portal/tool/material from description and art. Unspecified-family assignment is provisional.
map_objects,object_brass_oath_wheel,Brass Oath Wheel,content/map_objects.json,Generic visit/capture/collect/guard/blocked/route gestures; no unique proximity bed,site_scenario_objective,Reuse family bank; choose exact gate/portal/tool/material from description and art. Unspecified-family assignment is provisional.
map_objects,object_burned_signal_brazier,Burned Signal Brazier,content/map_objects.json,Generic visit/capture/collect/guard/blocked/route gestures; no unique proximity bed,site_scenario_objective,Reuse family bank; choose exact gate/portal/tool/material from description and art. Unspecified-family assignment is provisional.
map_objects,object_repaired_ferry_stage_claimed,Claimed Ferry Stage,content/map_objects.json,Generic visit/capture/collect/guard/blocked/route gestures; no unique proximity bed,site_scenario_objective,Reuse family bank; choose exact gate/portal/tool/material from description and art. Unspecified-family assignment is provisional.
map_objects,object_claimed_quarry_head,Claimed Quarry Head,content/map_objects.json,Generic visit/capture/collect/guard/blocked/route gestures; no unique proximity bed,site_scenario_objective,Reuse family bank; choose exact gate/portal/tool/material from description and art. Unspecified-family assignment is provisional.
map_objects,object_withered_rootgate_marker,Withered Rootgate Marker,content/map_objects.json,Generic visit/capture/collect/guard/blocked/route gestures; no unique proximity bed,site_scenario_objective,Reuse family bank; choose exact gate/portal/tool/material from description and art. Unspecified-family assignment is provisional.
map_objects,object_cinderwake_fold,Cinderwake Fold,content/map_objects.json,Generic visit/capture/collect/guard/blocked/route gestures; no unique proximity bed,site_neutral_dwelling,Reuse family bank; choose exact gate/portal/tool/material from description and art. Unspecified-family assignment is provisional.
map_objects,object_tideglass_roost,Tideglass Roost,content/map_objects.json,Generic visit/capture/collect/guard/blocked/route gestures; no unique proximity bed,site_neutral_dwelling,Reuse family bank; choose exact gate/portal/tool/material from description and art. Unspecified-family assignment is provisional.
map_objects,object_galehorn_windfold,Galehorn Windfold,content/map_objects.json,Generic visit/capture/collect/guard/blocked/route gestures; no unique proximity bed,site_neutral_dwelling,Reuse family bank; choose exact gate/portal/tool/material from description and art. Unspecified-family assignment is provisional.
map_objects,object_sunscale_lantern_conservatory,Sunscale Lantern Conservatory,content/map_objects.json,Generic visit/capture/collect/guard/blocked/route gestures; no unique proximity bed,site_neutral_dwelling,Reuse family bank; choose exact gate/portal/tool/material from description and art. Unspecified-family assignment is provisional.
map_objects,object_rimebell_whitewake_eyrie,Rimebell Whitewake Eyrie,content/map_objects.json,Generic visit/capture/collect/guard/blocked/route gestures; no unique proximity bed,site_neutral_dwelling,Reuse family bank; choose exact gate/portal/tool/material from description and art. Unspecified-family assignment is provisional.
map_objects,object_deepforge_seventh_vault,Deepforge Seventh Vault,content/map_objects.json,Generic visit/capture/collect/guard/blocked/route gestures; no unique proximity bed,site_neutral_dwelling,Reuse family bank; choose exact gate/portal/tool/material from description and art. Unspecified-family assignment is provisional.
map_objects,object_ashcrown_cinderfold,Ashcrown Cinderfold,content/map_objects.json,Generic visit/capture/collect/guard/blocked/route gestures; no unique proximity bed,site_neutral_dwelling,Reuse family bank; choose exact gate/portal/tool/material from description and art. Unspecified-family assignment is provisional.
map_objects,object_miremoon_crownmere,Miremoon Crownmere,content/map_objects.json,Generic visit/capture/collect/guard/blocked/route gestures; no unique proximity bed,site_neutral_dwelling,Reuse family bank; choose exact gate/portal/tool/material from description and art. Unspecified-family assignment is provisional.
map_objects,object_noonshard_prism_aviary,Noonshard Prism Aviary,content/map_objects.json,Generic visit/capture/collect/guard/blocked/route gestures; no unique proximity bed,site_neutral_dwelling,Reuse family bank; choose exact gate/portal/tool/material from description and art. Unspecified-family assignment is provisional.
map_objects,object_rootvault_heartwood_hollow,Rootvault Heartwood Hollow,content/map_objects.json,Generic visit/capture/collect/guard/blocked/route gestures; no unique proximity bed,site_neutral_dwelling,Reuse family bank; choose exact gate/portal/tool/material from description and art. Unspecified-family assignment is provisional.
map_objects,object_quenchbell_pressure_den,Quenchbell Pressure Den,content/map_objects.json,Generic visit/capture/collect/guard/blocked/route gestures; no unique proximity bed,site_neutral_dwelling,Reuse family bank; choose exact gate/portal/tool/material from description and art. Unspecified-family assignment is provisional.
map_objects,object_saltwake_belldeep,Saltwake Belldeep,content/map_objects.json,Generic visit/capture/collect/guard/blocked/route gestures; no unique proximity bed,site_neutral_dwelling,Reuse family bank; choose exact gate/portal/tool/material from description and art. Unspecified-family assignment is provisional.
map_objects,object_stormseal_powder_wharf,Stormseal Powder Wharf,content/map_objects.json,Generic visit/capture/collect/guard/blocked/route gestures; no unique proximity bed,site_neutral_dwelling,Reuse family bank; choose exact gate/portal/tool/material from description and art. Unspecified-family assignment is provisional.
map_objects,object_moonwax_reed_circle,Moonwax Reed Circle,content/map_objects.json,Generic visit/capture/collect/guard/blocked/route gestures; no unique proximity bed,site_neutral_dwelling,Reuse family bank; choose exact gate/portal/tool/material from description and art. Unspecified-family assignment is provisional.
map_objects,object_facet_vigil,Facet Vigil,content/map_objects.json,Generic visit/capture/collect/guard/blocked/route gestures; no unique proximity bed,site_neutral_dwelling,Reuse family bank; choose exact gate/portal/tool/material from description and art. Unspecified-family assignment is provisional.
map_objects,object_heartseed_bolt_grove,Heartseed Bolt Grove,content/map_objects.json,Generic visit/capture/collect/guard/blocked/route gestures; no unique proximity bed,site_neutral_dwelling,Reuse family bank; choose exact gate/portal/tool/material from description and art. Unspecified-family assignment is provisional.
map_objects,object_blackbell_assay_watch,Blackbell Assay Watch,content/map_objects.json,Generic visit/capture/collect/guard/blocked/route gestures; no unique proximity bed,site_neutral_dwelling,Reuse family bank; choose exact gate/portal/tool/material from description and art. Unspecified-family assignment is provisional.
map_objects,object_last_memory_mooring,Last-Memory Mooring,content/map_objects.json,Generic visit/capture/collect/guard/blocked/route gestures; no unique proximity bed,site_neutral_dwelling,Reuse family bank; choose exact gate/portal/tool/material from description and art. Unspecified-family assignment is provisional.
map_objects,object_brambleback_hedgecourt,Brambleback Hedgecourt,content/map_objects.json,Generic visit/capture/collect/guard/blocked/route gestures; no unique proximity bed,site_neutral_dwelling,Reuse family bank; choose exact gate/portal/tool/material from description and art. Unspecified-family assignment is provisional.
map_objects,object_mireglass_bellfen,Mireglass Bellfen,content/map_objects.json,Generic visit/capture/collect/guard/blocked/route gestures; no unique proximity bed,site_neutral_dwelling,Reuse family bank; choose exact gate/portal/tool/material from description and art. Unspecified-family assignment is provisional.
map_objects,object_windcairn_wayhouse,Windcairn Wayhouse,content/map_objects.json,Generic visit/capture/collect/guard/blocked/route gestures; no unique proximity bed,site_neutral_dwelling,Reuse family bank; choose exact gate/portal/tool/material from description and art. Unspecified-family assignment is provisional.
map_objects,object_sapwhistle_greenward,Sapwhistle Greenward,content/map_objects.json,Generic visit/capture/collect/guard/blocked/route gestures; no unique proximity bed,site_neutral_dwelling,Reuse family bank; choose exact gate/portal/tool/material from description and art. Unspecified-family assignment is provisional.
map_objects,object_scarshield_breakyard,Scarshield Breakyard,content/map_objects.json,Generic visit/capture/collect/guard/blocked/route gestures; no unique proximity bed,site_neutral_dwelling,Reuse family bank; choose exact gate/portal/tool/material from description and art. Unspecified-family assignment is provisional.
map_objects,object_flaremast_pilotage,Flaremast Pilotage,content/map_objects.json,Generic visit/capture/collect/guard/blocked/route gestures; no unique proximity bed,site_neutral_dwelling,Reuse family bank; choose exact gate/portal/tool/material from description and art. Unspecified-family assignment is provisional.
map_objects,object_ash_charter_rollhouse,Ash-Charter Rollhouse,content/map_objects.json,Generic visit/capture/collect/guard/blocked/route gestures; no unique proximity bed,site_neutral_dwelling,Reuse family bank; choose exact gate/portal/tool/material from description and art. Unspecified-family assignment is provisional.
map_objects,object_gorefen_chain_ring,Gorefen Chain Ring,content/map_objects.json,Generic visit/capture/collect/guard/blocked/route gestures; no unique proximity bed,site_neutral_dwelling,Reuse family bank; choose exact gate/portal/tool/material from description and art. Unspecified-family assignment is provisional.
map_objects,object_mirror_daybreak_drill_prism,Mirror-Daybreak Drill Prism,content/map_objects.json,Generic visit/capture/collect/guard/blocked/route gestures; no unique proximity bed,site_neutral_dwelling,Reuse family bank; choose exact gate/portal/tool/material from description and art. Unspecified-family assignment is provisional.
map_objects,object_five_bough_veteran_grove,Five-Bough Veteran Grove,content/map_objects.json,Generic visit/capture/collect/guard/blocked/route gestures; no unique proximity bed,site_neutral_dwelling,Reuse family bank; choose exact gate/portal/tool/material from description and art. Unspecified-family assignment is provisional.
map_objects,object_three_gauge_chapter_foundry,Three-Gauge Chapter Foundry,content/map_objects.json,Generic visit/capture/collect/guard/blocked/route gestures; no unique proximity bed,site_neutral_dwelling,Reuse family bank; choose exact gate/portal/tool/material from description and art. Unspecified-family assignment is provisional.
map_objects,object_fog_keel_lastwatch_mooring,Fog-Keel Lastwatch Mooring,content/map_objects.json,Generic visit/capture/collect/guard/blocked/route gestures; no unique proximity bed,site_neutral_dwelling,Reuse family bank; choose exact gate/portal/tool/material from description and art. Unspecified-family assignment is provisional.
map_objects,object_cindervane_updraft_roost,Censerwing Updraft Roost,content/map_objects.json,Generic visit/capture/collect/guard/blocked/route gestures; no unique proximity bed,site_neutral_dwelling,Reuse family bank; choose exact gate/portal/tool/material from description and art. Unspecified-family assignment is provisional.
map_objects,object_fenmirror_shell_basin,Fenmirror Shell Basin,content/map_objects.json,Generic visit/capture/collect/guard/blocked/route gestures; no unique proximity bed,site_neutral_dwelling,Reuse family bank; choose exact gate/portal/tool/material from description and art. Unspecified-family assignment is provisional.
map_objects,object_prismwake_refraction_shelf,Prismwake Refraction Shelf,content/map_objects.json,Generic visit/capture/collect/guard/blocked/route gestures; no unique proximity bed,site_neutral_dwelling,Reuse family bank; choose exact gate/portal/tool/material from description and art. Unspecified-family assignment is provisional.
map_objects,object_knotstag_root_court,Knotstag Root-Court,content/map_objects.json,Generic visit/capture/collect/guard/blocked/route gestures; no unique proximity bed,site_neutral_dwelling,Reuse family bank; choose exact gate/portal/tool/material from description and art. Unspecified-family assignment is provisional.
map_objects,object_gaugecoil_pressure_burrow,Gaugecoil Pressure Burrow,content/map_objects.json,Generic visit/capture/collect/guard/blocked/route gestures; no unique proximity bed,site_neutral_dwelling,Reuse family bank; choose exact gate/portal/tool/material from description and art. Unspecified-family assignment is provisional.
map_objects,object_gloambell_sounding_deep,Gloambell Sounding Deep,content/map_objects.json,Generic visit/capture/collect/guard/blocked/route gestures; no unique proximity bed,site_neutral_dwelling,Reuse family bank; choose exact gate/portal/tool/material from description and art. Unspecified-family assignment is provisional.
resource_sites,site_waystone_cache,Waystone Cache,content/resource_sites.json,Generic visit/capture/collect/guard/blocked/route gestures; no unique proximity bed,site_pickup,Reuse family bank; choose exact gate/portal/tool/material from description and art. Unspecified-family assignment is provisional.
resource_sites,site_beacon_path_scroll,Beacon Path Scroll,content/resource_sites.json,Generic visit/capture/collect/guard/blocked/route gestures; no unique proximity bed,site_pickup,Reuse family bank; choose exact gate/portal/tool/material from description and art. Unspecified-family assignment is provisional.
resource_sites,site_wood_wagon,Wood Wagon,content/resource_sites.json,Generic visit/capture/collect/guard/blocked/route gestures; no unique proximity bed,site_pickup,Reuse family bank; choose exact gate/portal/tool/material from description and art. Unspecified-family assignment is provisional.
resource_sites,site_ore_crates,Ore Crates,content/resource_sites.json,Generic visit/capture/collect/guard/blocked/route gestures; no unique proximity bed,site_pickup,Reuse family bank; choose exact gate/portal/tool/material from description and art. Unspecified-family assignment is provisional.
resource_sites,site_scout_shrine,Shrine of the Turning Star,content/resource_sites.json,Generic visit/capture/collect/guard/blocked/route gestures; no unique proximity bed,site_pickup,Reuse family bank; choose exact gate/portal/tool/material from description and art. Unspecified-family assignment is provisional.
resource_sites,site_free_company_yard,Free Company Yard,content/resource_sites.json,Generic visit/capture/collect/guard/blocked/route gestures; no unique proximity bed,site_neutral_dwelling,Reuse family bank; choose exact gate/portal/tool/material from description and art. Unspecified-family assignment is provisional.
resource_sites,site_riverwatch_free_company_yard,Riverwatch Free Company Yard,content/resource_sites.json,Generic visit/capture/collect/guard/blocked/route gestures; no unique proximity bed,site_neutral_dwelling,Reuse family bank; choose exact gate/portal/tool/material from description and art. Unspecified-family assignment is provisional.
resource_sites,site_fenhound_kennels,Fenhound Kennels,content/resource_sites.json,Generic visit/capture/collect/guard/blocked/route gestures; no unique proximity bed,site_neutral_dwelling,Reuse family bank; choose exact gate/portal/tool/material from description and art. Unspecified-family assignment is provisional.
resource_sites,site_cliffhawk_roost,Cliffhawk Roost,content/resource_sites.json,Generic visit/capture/collect/guard/blocked/route gestures; no unique proximity bed,site_neutral_dwelling,Reuse family bank; choose exact gate/portal/tool/material from description and art. Unspecified-family assignment is provisional.
resource_sites,site_reedbarge_mooring,Reedbarge Mooring,content/resource_sites.json,Generic visit/capture/collect/guard/blocked/route gestures; no unique proximity bed,site_neutral_dwelling,Reuse family bank; choose exact gate/portal/tool/material from description and art. Unspecified-family assignment is provisional.
resource_sites,site_glowcap_croft,Glowcap Croft,content/resource_sites.json,Generic visit/capture/collect/guard/blocked/route gestures; no unique proximity bed,site_neutral_dwelling,Reuse family bank; choose exact gate/portal/tool/material from description and art. Unspecified-family assignment is provisional.
resource_sites,site_dustjack_yard,Dustjack Yard,content/resource_sites.json,Generic visit/capture/collect/guard/blocked/route gestures; no unique proximity bed,site_neutral_dwelling,Reuse family bank; choose exact gate/portal/tool/material from description and art. Unspecified-family assignment is provisional.
resource_sites,site_cinder_kiln,Cinder Kiln,content/resource_sites.json,Generic visit/capture/collect/guard/blocked/route gestures; no unique proximity bed,site_neutral_dwelling,Reuse family bank; choose exact gate/portal/tool/material from description and art. Unspecified-family assignment is provisional.
resource_sites,site_frostbeacon_bothy,Frostbeacon Bothy,content/resource_sites.json,Generic visit/capture/collect/guard/blocked/route gestures; no unique proximity bed,site_neutral_dwelling,Reuse family bank; choose exact gate/portal/tool/material from description and art. Unspecified-family assignment is provisional.
resource_sites,site_orchard_levy,Orchard Levy Grounds,content/resource_sites.json,Generic visit/capture/collect/guard/blocked/route gestures; no unique proximity bed,site_neutral_dwelling,Reuse family bank; choose exact gate/portal/tool/material from description and art. Unspecified-family assignment is provisional.
resource_sites,site_bramble_hedge,Bramble Hedge,content/resource_sites.json,Generic visit/capture/collect/guard/blocked/route gestures; no unique proximity bed,site_neutral_dwelling,Reuse family bank; choose exact gate/portal/tool/material from description and art. Unspecified-family assignment is provisional.
resource_sites,site_tidepool_skiffyard,Tidepool Skiffyard,content/resource_sites.json,Generic visit/capture/collect/guard/blocked/route gestures; no unique proximity bed,site_neutral_dwelling,Reuse family bank; choose exact gate/portal/tool/material from description and art. Unspecified-family assignment is provisional.
resource_sites,site_switchback_hostel,Switchback Hostel,content/resource_sites.json,Generic visit/capture/collect/guard/blocked/route gestures; no unique proximity bed,site_neutral_dwelling,Reuse family bank; choose exact gate/portal/tool/material from description and art. Unspecified-family assignment is provisional.
resource_sites,site_saltpan_camp,Saltpan Camp,content/resource_sites.json,Generic visit/capture/collect/guard/blocked/route gestures; no unique proximity bed,site_neutral_dwelling,Reuse family bank; choose exact gate/portal/tool/material from description and art. Unspecified-family assignment is provisional.
resource_sites,site_crystal_sump,Crystal Sump,content/resource_sites.json,Generic visit/capture/collect/guard/blocked/route gestures; no unique proximity bed,site_neutral_dwelling,Reuse family bank; choose exact gate/portal/tool/material from description and art. Unspecified-family assignment is provisional.
resource_sites,site_icehook_trapper_lodge,Icehook Trapper Lodge,content/resource_sites.json,Generic visit/capture/collect/guard/blocked/route gestures; no unique proximity bed,site_neutral_dwelling,Reuse family bank; choose exact gate/portal/tool/material from description and art. Unspecified-family assignment is provisional.
resource_sites,site_obsidian_scar,Obsidian Scar Camp,content/resource_sites.json,Generic visit/capture/collect/guard/blocked/route gestures; no unique proximity bed,site_neutral_dwelling,Reuse family bank; choose exact gate/portal/tool/material from description and art. Unspecified-family assignment is provisional.
resource_sites,site_greenbranch_copse,Greenbranch Copse,content/resource_sites.json,Generic visit/capture/collect/guard/blocked/route gestures; no unique proximity bed,site_neutral_dwelling,Reuse family bank; choose exact gate/portal/tool/material from description and art. Unspecified-family assignment is provisional.
resource_sites,site_harbor_pilot_house,Harbor Pilot House,content/resource_sites.json,Generic visit/capture/collect/guard/blocked/route gestures; no unique proximity bed,site_neutral_dwelling,Reuse family bank; choose exact gate/portal/tool/material from description and art. Unspecified-family assignment is provisional.
resource_sites,site_kite_signal_eyrie,Kite Signal Eyrie,content/resource_sites.json,Generic visit/capture/collect/guard/blocked/route gestures; no unique proximity bed,site_neutral_dwelling,Reuse family bank; choose exact gate/portal/tool/material from description and art. Unspecified-family assignment is provisional.
resource_sites,site_lantern_warren,Lantern Warren,content/resource_sites.json,Generic visit/capture/collect/guard/blocked/route gestures; no unique proximity bed,site_neutral_dwelling,Reuse family bank; choose exact gate/portal/tool/material from description and art. Unspecified-family assignment is provisional.
resource_sites,site_bogbell_croft,Bogbell Croft,content/resource_sites.json,Generic visit/capture/collect/guard/blocked/route gestures; no unique proximity bed,site_neutral_dwelling,Reuse family bank; choose exact gate/portal/tool/material from description and art. Unspecified-family assignment is provisional.
resource_sites,site_milestone_arsenal,Milestone Arsenal,content/resource_sites.json,Generic visit/capture/collect/guard/blocked/route gestures; no unique proximity bed,site_neutral_dwelling,Reuse family bank; choose exact gate/portal/tool/material from description and art. Unspecified-family assignment is provisional.
resource_sites,site_frostwharf_house,Frostwharf House,content/resource_sites.json,Generic visit/capture/collect/guard/blocked/route gestures; no unique proximity bed,site_neutral_dwelling,Reuse family bank; choose exact gate/portal/tool/material from description and art. Unspecified-family assignment is provisional.
resource_sites,site_charcoal_burners,Charcoal Burners Camp,content/resource_sites.json,Generic visit/capture/collect/guard/blocked/route gestures; no unique proximity bed,site_neutral_dwelling,Reuse family bank; choose exact gate/portal/tool/material from description and art. Unspecified-family assignment is provisional.
resource_sites,site_basalt_gatehouse,Basalt Gatehouse,content/resource_sites.json,Generic visit/capture/collect/guard/blocked/route gestures; no unique proximity bed,site_neutral_dwelling,Reuse family bank; choose exact gate/portal/tool/material from description and art. Unspecified-family assignment is provisional.
resource_sites,site_lens_house,Lens House Barracks,content/resource_sites.json,Generic visit/capture/collect/guard/blocked/route gestures; no unique proximity bed,site_neutral_dwelling,Reuse family bank; choose exact gate/portal/tool/material from description and art. Unspecified-family assignment is provisional.
resource_sites,site_ember_signal_post,Ember Signal Post,content/resource_sites.json,Generic visit/capture/collect/guard/blocked/route gestures; no unique proximity bed,site_faction_outpost,Reuse family bank; choose exact gate/portal/tool/material from description and art. Unspecified-family assignment is provisional.
resource_sites,site_bog_drum_outpost,Bog Drum Outpost,content/resource_sites.json,Generic visit/capture/collect/guard/blocked/route gestures; no unique proximity bed,site_faction_outpost,Reuse family bank; choose exact gate/portal/tool/material from description and art. Unspecified-family assignment is provisional.
resource_sites,site_prism_watch_relay,Prism Watch Relay,content/resource_sites.json,Generic visit/capture/collect/guard/blocked/route gestures; no unique proximity bed,site_faction_outpost,Reuse family bank; choose exact gate/portal/tool/material from description and art. Unspecified-family assignment is provisional.
resource_sites,site_roadside_sanctum,Roadside Sanctum,content/resource_sites.json,Generic visit/capture/collect/guard/blocked/route gestures; no unique proximity bed,site_frontier_shrine,Reuse family bank; choose exact gate/portal/tool/material from description and art. Unspecified-family assignment is provisional.
resource_sites,site_reedscript_shrine,Reedscript Shrine,content/resource_sites.json,Generic visit/capture/collect/guard/blocked/route gestures; no unique proximity bed,site_frontier_shrine,Reuse family bank; choose exact gate/portal/tool/material from description and art. Unspecified-family assignment is provisional.
resource_sites,site_starlens_sanctum,Starlens Sanctum,content/resource_sites.json,Generic visit/capture/collect/guard/blocked/route gestures; no unique proximity bed,site_frontier_shrine,Reuse family bank; choose exact gate/portal/tool/material from description and art. Unspecified-family assignment is provisional.
resource_sites,site_old_measure_marker,Old Measure Marker,content/resource_sites.json,Generic visit/capture/collect/guard/blocked/route gestures; no unique proximity bed,site_frontier_shrine,Reuse family bank; choose exact gate/portal/tool/material from description and art. Unspecified-family assignment is provisional.
resource_sites,site_rootway_marker,Rootway Marker,content/resource_sites.json,Generic visit/capture/collect/guard/blocked/route gestures; no unique proximity bed,site_frontier_shrine,Reuse family bank; choose exact gate/portal/tool/material from description and art. Unspecified-family assignment is provisional.
resource_sites,site_fogline_marker,Fogline Marker,content/resource_sites.json,Generic visit/capture/collect/guard/blocked/route gestures; no unique proximity bed,site_frontier_shrine,Reuse family bank; choose exact gate/portal/tool/material from description and art. Unspecified-family assignment is provisional.
resource_sites,site_brightwood_sawmill,Brightwood Sawmill,content/resource_sites.json,Generic visit/capture/collect/guard/blocked/route gestures; no unique proximity bed,site_mine,Reuse family bank; choose exact gate/portal/tool/material from description and art. Unspecified-family assignment is provisional.
resource_sites,site_ridge_quarry,Ridge Quarry,content/resource_sites.json,Generic visit/capture/collect/guard/blocked/route gestures; no unique proximity bed,site_mine,Reuse family bank; choose exact gate/portal/tool/material from description and art. Unspecified-family assignment is provisional.
resource_sites,site_marsh_peat_yard,Marsh Peat Yard,content/resource_sites.json,Generic visit/capture/collect/guard/blocked/route gestures; no unique proximity bed,site_mine,Reuse family bank; choose exact gate/portal/tool/material from description and art. Unspecified-family assignment is provisional.
resource_sites,site_watchtower_beacon,Watchtower Beacon,content/resource_sites.json,Generic visit/capture/collect/guard/blocked/route gestures; no unique proximity bed,site_scouting_structure,Reuse family bank; choose exact gate/portal/tool/material from description and art. Unspecified-family assignment is provisional.
resource_sites,site_mist_lighthouse,Mist Lighthouse,content/resource_sites.json,Generic visit/capture/collect/guard/blocked/route gestures; no unique proximity bed,site_scouting_structure,Reuse family bank; choose exact gate/portal/tool/material from description and art. Unspecified-family assignment is provisional.
resource_sites,site_repaired_ferry_stage,Repaired Ferry Stage,content/resource_sites.json,Generic visit/capture/collect/guard/blocked/route gestures; no unique proximity bed,site_transit_object,Reuse family bank; choose exact gate/portal/tool/material from description and art. Unspecified-family assignment is provisional.
resource_sites,site_rope_lift,Rope Lift,content/resource_sites.json,Generic visit/capture/collect/guard/blocked/route gestures; no unique proximity bed,site_transit_object,Reuse family bank; choose exact gate/portal/tool/material from description and art. Unspecified-family assignment is provisional.
resource_sites,site_wayfarer_infirmary,Wayfarer Infirmary,content/resource_sites.json,Generic visit/capture/collect/guard/blocked/route gestures; no unique proximity bed,site_repeatable_service,Reuse family bank; choose exact gate/portal/tool/material from description and art. Unspecified-family assignment is provisional.
resource_sites,site_market_caravanserai,Market Caravanserai,content/resource_sites.json,Generic visit/capture/collect/guard/blocked/route gestures; no unique proximity bed,site_repeatable_service,Reuse family bank; choose exact gate/portal/tool/material from description and art. Unspecified-family assignment is provisional.
resource_sites,site_road_writ_purse,Road Writ Purse,content/resource_sites.json,Generic visit/capture/collect/guard/blocked/route gestures; no unique proximity bed,site_pickup,Reuse family bank; choose exact gate/portal/tool/material from description and art. Unspecified-family assignment is provisional.
resource_sites,site_split_wood_pile,Split Wood Pile,content/resource_sites.json,Generic visit/capture/collect/guard/blocked/route gestures; no unique proximity bed,site_pickup,Reuse family bank; choose exact gate/portal/tool/material from description and art. Unspecified-family assignment is provisional.
resource_sites,site_quarry_chip_hod,Quarry Chip Hod,content/resource_sites.json,Generic visit/capture/collect/guard/blocked/route gestures; no unique proximity bed,site_pickup,Reuse family bank; choose exact gate/portal/tool/material from description and art. Unspecified-family assignment is provisional.
resource_sites,site_payroll_casket,Payroll Casket,content/resource_sites.json,Generic visit/capture/collect/guard/blocked/route gestures; no unique proximity bed,site_pickup,Reuse family bank; choose exact gate/portal/tool/material from description and art. Unspecified-family assignment is provisional.
resource_sites,site_millroad_plank_stack,Millroad Plank Stack,content/resource_sites.json,Generic visit/capture/collect/guard/blocked/route gestures; no unique proximity bed,site_pickup,Reuse family bank; choose exact gate/portal/tool/material from description and art. Unspecified-family assignment is provisional.
resource_sites,site_greenbough_wood_yard,Greenbough Wood Yard,content/resource_sites.json,Generic visit/capture/collect/guard/blocked/route gestures; no unique proximity bed,site_mine,Reuse family bank; choose exact gate/portal/tool/material from description and art. Unspecified-family assignment is provisional.
resource_sites,site_floodplain_sluice_camp,Floodplain Sluice Camp,content/resource_sites.json,Generic visit/capture/collect/guard/blocked/route gestures; no unique proximity bed,site_mine,Reuse family bank; choose exact gate/portal/tool/material from description and art. Unspecified-family assignment is provisional.
resource_sites,site_ironstep_ore_pit,Ironstep Ore Pit,content/resource_sites.json,Generic visit/capture/collect/guard/blocked/route gestures; no unique proximity bed,site_mine,Reuse family bank; choose exact gate/portal/tool/material from description and art. Unspecified-family assignment is provisional.
resource_sites,site_reef_coin_assay,Reef Coin Assay,content/resource_sites.json,Generic visit/capture/collect/guard/blocked/route gestures; no unique proximity bed,site_mine,Reuse family bank; choose exact gate/portal/tool/material from description and art. Unspecified-family assignment is provisional.
resource_sites,site_cinder_ore_face,Cinder Ore Face,content/resource_sites.json,Generic visit/capture/collect/guard/blocked/route gestures; no unique proximity bed,site_mine,Reuse family bank; choose exact gate/portal/tool/material from description and art. Unspecified-family assignment is provisional.
resource_sites,site_frostwood_cutting_yard,Frostwood Cutting Yard,content/resource_sites.json,Generic visit/capture/collect/guard/blocked/route gestures; no unique proximity bed,site_mine,Reuse family bank; choose exact gate/portal/tool/material from description and art. Unspecified-family assignment is provisional.
resource_sites,site_aetherglass_lens_house,Aetherglass Lens House,content/resource_sites.json,Generic visit/capture/collect/guard/blocked/route gestures; no unique proximity bed,site_staged_resource_front,Reuse family bank; choose exact gate/portal/tool/material from description and art. Unspecified-family assignment is provisional.
resource_sites,site_sunfall_aetherglass_yard,Sunfall Aetherglass Yard,content/resource_sites.json,Generic visit/capture/collect/guard/blocked/route gestures; no unique proximity bed,site_staged_resource_front,Reuse family bank; choose exact gate/portal/tool/material from description and art. Unspecified-family assignment is provisional.
resource_sites,site_embergrain_warm_granary,Embergrain Warm Granary,content/resource_sites.json,Generic visit/capture/collect/guard/blocked/route gestures; no unique proximity bed,site_staged_resource_front,Reuse family bank; choose exact gate/portal/tool/material from description and art. Unspecified-family assignment is provisional.
resource_sites,site_charcoal_embergrain_store,Charcoal Embergrain Store,content/resource_sites.json,Generic visit/capture/collect/guard/blocked/route gestures; no unique proximity bed,site_staged_resource_front,Reuse family bank; choose exact gate/portal/tool/material from description and art. Unspecified-family assignment is provisional.
resource_sites,site_peatwax_reed_yard,Peatwax Reed Yard,content/resource_sites.json,Generic visit/capture/collect/guard/blocked/route gestures; no unique proximity bed,site_staged_resource_front,Reuse family bank; choose exact gate/portal/tool/material from description and art. Unspecified-family assignment is provisional.
resource_sites,site_verdant_graft_nursery,Verdant Graft Nursery,content/resource_sites.json,Generic visit/capture/collect/guard/blocked/route gestures; no unique proximity bed,site_staged_resource_front,Reuse family bank; choose exact gate/portal/tool/material from description and art. Unspecified-family assignment is provisional.
resource_sites,site_brass_scrip_mint,Brass Scrip Mint,content/resource_sites.json,Generic visit/capture/collect/guard/blocked/route gestures; no unique proximity bed,site_staged_resource_front,Reuse family bank; choose exact gate/portal/tool/material from description and art. Unspecified-family assignment is provisional.
resource_sites,site_underway_brass_scrip_press,Underway Brass Scrip Press,content/resource_sites.json,Generic visit/capture/collect/guard/blocked/route gestures; no unique proximity bed,site_staged_resource_front,Reuse family bank; choose exact gate/portal/tool/material from description and art. Unspecified-family assignment is provisional.
resource_sites,site_memory_salt_pan,Memory-Salt Pan,content/resource_sites.json,Generic visit/capture/collect/guard/blocked/route gestures; no unique proximity bed,site_staged_resource_front,Reuse family bank; choose exact gate/portal/tool/material from description and art. Unspecified-family assignment is provisional.
resource_sites,site_wind_press,Wind Press,content/resource_sites.json,Generic visit/capture/collect/guard/blocked/route gestures; no unique proximity bed,site_support_producer,Reuse family bank; choose exact gate/portal/tool/material from description and art. Unspecified-family assignment is provisional.
resource_sites,site_saw_chain,Saw Chain,content/resource_sites.json,Generic visit/capture/collect/guard/blocked/route gestures; no unique proximity bed,site_support_producer,Reuse family bank; choose exact gate/portal/tool/material from description and art. Unspecified-family assignment is provisional.
resource_sites,site_tide_kiln,Tide Kiln,content/resource_sites.json,Generic visit/capture/collect/guard/blocked/route gestures; no unique proximity bed,site_support_producer,Reuse family bank; choose exact gate/portal/tool/material from description and art. Unspecified-family assignment is provisional.
resource_sites,site_orchard_levy_post,Orchard Levy Post,content/resource_sites.json,Generic visit/capture/collect/guard/blocked/route gestures; no unique proximity bed,site_support_producer,Reuse family bank; choose exact gate/portal/tool/material from description and art. Unspecified-family assignment is provisional.
resource_sites,site_smelter_annex,Smelter Annex,content/resource_sites.json,Generic visit/capture/collect/guard/blocked/route gestures; no unique proximity bed,site_support_producer,Reuse family bank; choose exact gate/portal/tool/material from description and art. Unspecified-family assignment is provisional.
resource_sites,site_charter_countinghouse,Charter Countinghouse,content/resource_sites.json,Generic visit/capture/collect/guard/blocked/route gestures; no unique proximity bed,site_support_producer,Reuse family bank; choose exact gate/portal/tool/material from description and art. Unspecified-family assignment is provisional.
resource_sites,site_badlands_coin_sluice,Badlands Coin Sluice,content/resource_sites.json,Generic visit/capture/collect/guard/blocked/route gestures; no unique proximity bed,site_mine,Reuse family bank; choose exact gate/portal/tool/material from description and art. Unspecified-family assignment is provisional.
resource_sites,site_underway_ore_counterfort,Underway Ore Counterfort,content/resource_sites.json,Generic visit/capture/collect/guard/blocked/route gestures; no unique proximity bed,site_mine,Reuse family bank; choose exact gate/portal/tool/material from description and art. Unspecified-family assignment is provisional.
resource_sites,site_grassland_plank_grove,Grassland Plank Grove,content/resource_sites.json,Generic visit/capture/collect/guard/blocked/route gestures; no unique proximity bed,site_mine,Reuse family bank; choose exact gate/portal/tool/material from description and art. Unspecified-family assignment is provisional.
resource_sites,site_wayfarer_menders_tent,Wayfarer Menders Tent,content/resource_sites.json,Generic visit/capture/collect/guard/blocked/route gestures; no unique proximity bed,site_repeatable_service,Reuse family bank; choose exact gate/portal/tool/material from description and art. Unspecified-family assignment is provisional.
resource_sites,site_courier_change_post,Courier Change Post,content/resource_sites.json,Generic visit/capture/collect/guard/blocked/route gestures; no unique proximity bed,site_repeatable_service,Reuse family bank; choose exact gate/portal/tool/material from description and art. Unspecified-family assignment is provisional.
resource_sites,site_contract_scribe_booth,Contract Scribe Booth,content/resource_sites.json,Generic visit/capture/collect/guard/blocked/route gestures; no unique proximity bed,site_repeatable_service,Reuse family bank; choose exact gate/portal/tool/material from description and art. Unspecified-family assignment is provisional.
resource_sites,site_reedboat_supply_stand,Reedboat Supply Stand,content/resource_sites.json,Generic visit/capture/collect/guard/blocked/route gestures; no unique proximity bed,site_repeatable_service,Reuse family bank; choose exact gate/portal/tool/material from description and art. Unspecified-family assignment is provisional.
resource_sites,site_ash_cooler_kitchen,Ash Cooler Kitchen,content/resource_sites.json,Generic visit/capture/collect/guard/blocked/route gestures; no unique proximity bed,site_repeatable_service,Reuse family bank; choose exact gate/portal/tool/material from description and art. Unspecified-family assignment is provisional.
resource_sites,site_lens_calibration_cart,Lens Calibration Cart,content/resource_sites.json,Generic visit/capture/collect/guard/blocked/route gestures; no unique proximity bed,site_repeatable_service,Reuse family bank; choose exact gate/portal/tool/material from description and art. Unspecified-family assignment is provisional.
resource_sites,site_oath_ember_shrine,Oath Ember Shrine,content/resource_sites.json,Generic visit/capture/collect/guard/blocked/route gestures; no unique proximity bed,site_shrine,Reuse family bank; choose exact gate/portal/tool/material from description and art. Unspecified-family assignment is provisional.
resource_sites,site_reedscript_vow_shrine,Reedscript Vow Shrine,content/resource_sites.json,Generic visit/capture/collect/guard/blocked/route gestures; no unique proximity bed,site_shrine,Reuse family bank; choose exact gate/portal/tool/material from description and art. Unspecified-family assignment is provisional.
resource_sites,site_prism_measure_shrine,Prism Measure Shrine,content/resource_sites.json,Generic visit/capture/collect/guard/blocked/route gestures; no unique proximity bed,site_shrine,Reuse family bank; choose exact gate/portal/tool/material from description and art. Unspecified-family assignment is provisional.
resource_sites,site_root_accord_ring,Root Accord Ring,content/resource_sites.json,Generic visit/capture/collect/guard/blocked/route gestures; no unique proximity bed,site_shrine,Reuse family bank; choose exact gate/portal/tool/material from description and art. Unspecified-family assignment is provisional.
resource_sites,site_furnace_oath_marker,Furnace Oath Marker,content/resource_sites.json,Generic visit/capture/collect/guard/blocked/route gestures; no unique proximity bed,site_shrine,Reuse family bank; choose exact gate/portal/tool/material from description and art. Unspecified-family assignment is provisional.
resource_sites,site_tide_bell_shrine,Tide Bell Shrine,content/resource_sites.json,Generic visit/capture/collect/guard/blocked/route gestures; no unique proximity bed,site_shrine,Reuse family bank; choose exact gate/portal/tool/material from description and art. Unspecified-family assignment is provisional.
resource_sites,site_hilltop_signal_nest,Hilltop Signal Nest,content/resource_sites.json,Generic visit/capture/collect/guard/blocked/route gestures; no unique proximity bed,site_scouting_structure,Reuse family bank; choose exact gate/portal/tool/material from description and art. Unspecified-family assignment is provisional.
resource_sites,site_marsh_listener_post,Marsh Listener Post,content/resource_sites.json,Generic visit/capture/collect/guard/blocked/route gestures; no unique proximity bed,site_scouting_structure,Reuse family bank; choose exact gate/portal/tool/material from description and art. Unspecified-family assignment is provisional.
resource_sites,site_prism_survey_frame,Prism Survey Frame,content/resource_sites.json,Generic visit/capture/collect/guard/blocked/route gestures; no unique proximity bed,site_scouting_structure,Reuse family bank; choose exact gate/portal/tool/material from description and art. Unspecified-family assignment is provisional.
resource_sites,site_underway_echo_well,Underway Echo Well,content/resource_sites.json,Generic visit/capture/collect/guard/blocked/route gestures; no unique proximity bed,site_scouting_structure,Reuse family bank; choose exact gate/portal/tool/material from description and art. Unspecified-family assignment is provisional.
resource_sites,site_coast_bell_watch,Coast Bell Watch,content/resource_sites.json,Generic visit/capture/collect/guard/blocked/route gestures; no unique proximity bed,site_scouting_structure,Reuse family bank; choose exact gate/portal/tool/material from description and art. Unspecified-family assignment is provisional.
resource_sites,site_mile_writ_sign,Mile Writ Sign,content/resource_sites.json,Generic visit/capture/collect/guard/blocked/route gestures; no unique proximity bed,site_sign_waypoint,Reuse family bank; choose exact gate/portal/tool/material from description and art. Unspecified-family assignment is provisional.
resource_sites,site_reed_knot_waypost,Reed Knot Waypost,content/resource_sites.json,Generic visit/capture/collect/guard/blocked/route gestures; no unique proximity bed,site_sign_waypoint,Reuse family bank; choose exact gate/portal/tool/material from description and art. Unspecified-family assignment is provisional.
resource_sites,site_switchback_cairn,Switchback Cairn,content/resource_sites.json,Generic visit/capture/collect/guard/blocked/route gestures; no unique proximity bed,site_sign_waypoint,Reuse family bank; choose exact gate/portal/tool/material from description and art. Unspecified-family assignment is provisional.
resource_sites,site_ash_road_marker,Ash Road Marker,content/resource_sites.json,Generic visit/capture/collect/guard/blocked/route gestures; no unique proximity bed,site_sign_waypoint,Reuse family bank; choose exact gate/portal/tool/material from description and art. Unspecified-family assignment is provisional.
resource_sites,site_underway_chalk_index,Underway Chalk Index,content/resource_sites.json,Generic visit/capture/collect/guard/blocked/route gestures; no unique proximity bed,site_sign_waypoint,Reuse family bank; choose exact gate/portal/tool/material from description and art. Unspecified-family assignment is provisional.
resource_sites,site_toll_chain_court,Toll Chain Court,content/resource_sites.json,Generic visit/capture/collect/guard/blocked/route gestures; no unique proximity bed,site_transit_object,Reuse family bank; choose exact gate/portal/tool/material from description and art. Unspecified-family assignment is provisional.
resource_sites,site_root_lease_gate,Root Lease Gate,content/resource_sites.json,Generic visit/capture/collect/guard/blocked/route gestures; no unique proximity bed,site_transit_object,Reuse family bank; choose exact gate/portal/tool/material from description and art. Unspecified-family assignment is provisional.
resource_sites,site_pressure_rail_stop,Pressure Rail Stop,content/resource_sites.json,Generic visit/capture/collect/guard/blocked/route gestures; no unique proximity bed,site_transit_object,Reuse family bank; choose exact gate/portal/tool/material from description and art. Unspecified-family assignment is provisional.
resource_sites,site_campaign_muster_seal,Campaign Muster Seal,content/resource_sites.json,Generic visit/capture/collect/guard/blocked/route gestures; no unique proximity bed,site_scenario_objective,Reuse family bank; choose exact gate/portal/tool/material from description and art. Unspecified-family assignment is provisional.
resource_sites,site_broken_accord_marker,Broken Accord Marker,content/resource_sites.json,Generic visit/capture/collect/guard/blocked/route gestures; no unique proximity bed,site_scenario_objective,Reuse family bank; choose exact gate/portal/tool/material from description and art. Unspecified-family assignment is provisional.
resource_sites,site_scenario_witness_stone,Scenario Witness Stone,content/resource_sites.json,Generic visit/capture/collect/guard/blocked/route gestures; no unique proximity bed,site_scenario_objective,Reuse family bank; choose exact gate/portal/tool/material from description and art. Unspecified-family assignment is provisional.
resource_sites,site_root_pass_arch,Root Pass Arch,content/resource_sites.json,Generic visit/capture/collect/guard/blocked/route gestures; no unique proximity bed,site_transit_object,Reuse family bank; choose exact gate/portal/tool/material from description and art. Unspecified-family assignment is provisional.
resource_sites,site_pressure_rail_switch,Pressure Rail Switch,content/resource_sites.json,Generic visit/capture/collect/guard/blocked/route gestures; no unique proximity bed,site_transit_object,Reuse family bank; choose exact gate/portal/tool/material from description and art. Unspecified-family assignment is provisional.
resource_sites,site_mirror_stair_turn,Mirror Stair Turn,content/resource_sites.json,Generic visit/capture/collect/guard/blocked/route gestures; no unique proximity bed,site_transit_object,Reuse family bank; choose exact gate/portal/tool/material from description and art. Unspecified-family assignment is provisional.
resource_sites,site_basalt_undergate,Basalt Undergate,content/resource_sites.json,Generic visit/capture/collect/guard/blocked/route gestures; no unique proximity bed,site_transit_object,Reuse family bank; choose exact gate/portal/tool/material from description and art. Unspecified-family assignment is provisional.
resource_sites,site_ridge_wind_chute,Ridge Wind Chute,content/resource_sites.json,Generic visit/capture/collect/guard/blocked/route gestures; no unique proximity bed,site_transit_object,Reuse family bank; choose exact gate/portal/tool/material from description and art. Unspecified-family assignment is provisional.
resource_sites,site_slipgate_mirror,Slipgate Mirror,content/resource_sites.json,Generic visit/capture/collect/guard/blocked/route gestures; no unique proximity bed,site_transit_object,Reuse family bank; choose exact gate/portal/tool/material from description and art. Unspecified-family assignment is provisional.
resource_sites,site_spillway_drop_marker,Spillway Drop Marker,content/resource_sites.json,Generic visit/capture/collect/guard/blocked/route gestures; no unique proximity bed,site_transit_object,Reuse family bank; choose exact gate/portal/tool/material from description and art. Unspecified-family assignment is provisional.
resource_sites,site_tide_bore_marker,Tide Bore Marker,content/resource_sites.json,Generic visit/capture/collect/guard/blocked/route gestures; no unique proximity bed,site_transit_object,Reuse family bank; choose exact gate/portal/tool/material from description and art. Unspecified-family assignment is provisional.
resource_sites,site_charter_bar_gate,Charter Bar Gate,content/resource_sites.json,Generic visit/capture/collect/guard/blocked/route gestures; no unique proximity bed,site_transit_object,Reuse family bank; choose exact gate/portal/tool/material from description and art. Unspecified-family assignment is provisional.
resource_sites,site_thorn_seal_gate,Thorn Seal Gate,content/resource_sites.json,Generic visit/capture/collect/guard/blocked/route gestures; no unique proximity bed,site_transit_object,Reuse family bank; choose exact gate/portal/tool/material from description and art. Unspecified-family assignment is provisional.
resource_sites,site_brass_toll_arch,Brass Toll Arch,content/resource_sites.json,Generic visit/capture/collect/guard/blocked/route gestures; no unique proximity bed,site_transit_object,Reuse family bank; choose exact gate/portal/tool/material from description and art. Unspecified-family assignment is provisional.
resource_sites,site_reef_chain_boom,Reef Chain Boom,content/resource_sites.json,Generic visit/capture/collect/guard/blocked/route gestures; no unique proximity bed,site_transit_object,Reuse family bank; choose exact gate/portal/tool/material from description and art. Unspecified-family assignment is provisional.
resource_sites,site_frost_toll_bar,Frost Toll Bar,content/resource_sites.json,Generic visit/capture/collect/guard/blocked/route gestures; no unique proximity bed,site_transit_object,Reuse family bank; choose exact gate/portal/tool/material from description and art. Unspecified-family assignment is provisional.
resource_sites,site_ash_sluice_lock,Ash Sluice Lock,content/resource_sites.json,Generic visit/capture/collect/guard/blocked/route gestures; no unique proximity bed,site_transit_object,Reuse family bank; choose exact gate/portal/tool/material from description and art. Unspecified-family assignment is provisional.
resource_sites,site_veil_skiffyard,Veil Skiffyard,content/resource_sites.json,Generic visit/capture/collect/guard/blocked/route gestures; no unique proximity bed,site_transit_object,Reuse family bank; choose exact gate/portal/tool/material from description and art. Unspecified-family assignment is provisional.
resource_sites,site_harbor_pilot_post,Harbor Pilot Post,content/resource_sites.json,Generic visit/capture/collect/guard/blocked/route gestures; no unique proximity bed,site_transit_object,Reuse family bank; choose exact gate/portal/tool/material from description and art. Unspecified-family assignment is provisional.
resource_sites,site_bell_buoy_station,Bell Buoy Station,content/resource_sites.json,Generic visit/capture/collect/guard/blocked/route gestures; no unique proximity bed,site_transit_object,Reuse family bank; choose exact gate/portal/tool/material from description and art. Unspecified-family assignment is provisional.
resource_sites,site_wreck_quay,Wreck Quay,content/resource_sites.json,Generic visit/capture/collect/guard/blocked/route gestures; no unique proximity bed,site_transit_object,Reuse family bank; choose exact gate/portal/tool/material from description and art. Unspecified-family assignment is provisional.
resource_sites,site_tide_chain_mooring,Tide Chain Mooring,content/resource_sites.json,Generic visit/capture/collect/guard/blocked/route gestures; no unique proximity bed,site_transit_object,Reuse family bank; choose exact gate/portal/tool/material from description and art. Unspecified-family assignment is provisional.
resource_sites,site_marsh_skiff_shelf,Marsh Skiff Shelf,content/resource_sites.json,Generic visit/capture/collect/guard/blocked/route gestures; no unique proximity bed,site_transit_object,Reuse family bank; choose exact gate/portal/tool/material from description and art. Unspecified-family assignment is provisional.
resource_sites,site_mileward_route_post,Mileward Route Post,content/resource_sites.json,Generic visit/capture/collect/guard/blocked/route gestures; no unique proximity bed,site_transit_object,Reuse family bank; choose exact gate/portal/tool/material from description and art. Unspecified-family assignment is provisional.
resource_sites,site_road_oath_stone,Road Oath Stone,content/resource_sites.json,Generic visit/capture/collect/guard/blocked/route gestures; no unique proximity bed,site_transit_object,Reuse family bank; choose exact gate/portal/tool/material from description and art. Unspecified-family assignment is provisional.
resource_sites,site_salt_skirmisher_pier,Salt Skirmisher Pier,content/resource_sites.json,Generic visit/capture/collect/guard/blocked/route gestures; no unique proximity bed,site_neutral_dwelling,Reuse family bank; choose exact gate/portal/tool/material from description and art. Unspecified-family assignment is provisional.
resource_sites,site_rootwatch_hollow,Rootwatch Hollow,content/resource_sites.json,Generic visit/capture/collect/guard/blocked/route gestures; no unique proximity bed,site_neutral_dwelling,Reuse family bank; choose exact gate/portal/tool/material from description and art. Unspecified-family assignment is provisional.
resource_sites,site_ember_cart_yard,Ember Cart Yard,content/resource_sites.json,Generic visit/capture/collect/guard/blocked/route gestures; no unique proximity bed,site_neutral_dwelling,Reuse family bank; choose exact gate/portal/tool/material from description and art. Unspecified-family assignment is provisional.
resource_sites,site_prism_outrider_post,Prism Outrider Post,content/resource_sites.json,Generic visit/capture/collect/guard/blocked/route gestures; no unique proximity bed,site_neutral_dwelling,Reuse family bank; choose exact gate/portal/tool/material from description and art. Unspecified-family assignment is provisional.
resource_sites,site_storm_rook_eyrie,Storm Rook Eyrie,content/resource_sites.json,Generic visit/capture/collect/guard/blocked/route gestures; no unique proximity bed,site_neutral_dwelling,Reuse family bank; choose exact gate/portal/tool/material from description and art. Unspecified-family assignment is provisional.
resource_sites,site_mirror_bound_barracks,Mirror-Bound Barracks,content/resource_sites.json,Generic visit/capture/collect/guard/blocked/route gestures; no unique proximity bed,site_neutral_dwelling,Reuse family bank; choose exact gate/portal/tool/material from description and art. Unspecified-family assignment is provisional.
resource_sites,site_furnace_oath_yard,Furnace Oath Yard,content/resource_sites.json,Generic visit/capture/collect/guard/blocked/route gestures; no unique proximity bed,site_neutral_dwelling,Reuse family bank; choose exact gate/portal/tool/material from description and art. Unspecified-family assignment is provisional.
resource_sites,site_drowned_crown_hall,Drowned Crown Hall,content/resource_sites.json,Generic visit/capture/collect/guard/blocked/route gestures; no unique proximity bed,site_neutral_dwelling,Reuse family bank; choose exact gate/portal/tool/material from description and art. Unspecified-family assignment is provisional.
resource_sites,site_barrow_vault,Barrow Vault,content/resource_sites.json,Generic visit/capture/collect/guard/blocked/route gestures; no unique proximity bed,site_guarded_reward_site,Reuse family bank; choose exact gate/portal/tool/material from description and art. Unspecified-family assignment is provisional.
resource_sites,site_toll_ruin,Toll Ruin,content/resource_sites.json,Generic visit/capture/collect/guard/blocked/route gestures; no unique proximity bed,site_guarded_reward_site,Reuse family bank; choose exact gate/portal/tool/material from description and art. Unspecified-family assignment is provisional.
resource_sites,site_wreck_locker,Wreck Locker,content/resource_sites.json,Generic visit/capture/collect/guard/blocked/route gestures; no unique proximity bed,site_guarded_reward_site,Reuse family bank; choose exact gate/portal/tool/material from description and art. Unspecified-family assignment is provisional.
resource_sites,site_amber_reliquary,Amber Reliquary,content/resource_sites.json,Generic visit/capture/collect/guard/blocked/route gestures; no unique proximity bed,site_guarded_reward_site,Reuse family bank; choose exact gate/portal/tool/material from description and art. Unspecified-family assignment is provisional.
resource_sites,site_slag_purse_vault,Slag Purse Vault,content/resource_sites.json,Generic visit/capture/collect/guard/blocked/route gestures; no unique proximity bed,site_guarded_reward_site,Reuse family bank; choose exact gate/portal/tool/material from description and art. Unspecified-family assignment is provisional.
resource_sites,site_old_orchard_crypt,Old Orchard Crypt,content/resource_sites.json,Generic visit/capture/collect/guard/blocked/route gestures; no unique proximity bed,site_guarded_reward_site,Reuse family bank; choose exact gate/portal/tool/material from description and art. Unspecified-family assignment is provisional.
resource_sites,site_moss_oath_cache,Moss Oath Cache,content/resource_sites.json,Generic visit/capture/collect/guard/blocked/route gestures; no unique proximity bed,site_guarded_reward_site,Reuse family bank; choose exact gate/portal/tool/material from description and art. Unspecified-family assignment is provisional.
resource_sites,site_frost_tithe_cellar,Frost Tithe Cellar,content/resource_sites.json,Generic visit/capture/collect/guard/blocked/route gestures; no unique proximity bed,site_guarded_reward_site,Reuse family bank; choose exact gate/portal/tool/material from description and art. Unspecified-family assignment is provisional.
resource_sites,site_drowned_reliquary,Drowned Reliquary,content/resource_sites.json,Generic visit/capture/collect/guard/blocked/route gestures; no unique proximity bed,site_guarded_reward_site,Reuse family bank; choose exact gate/portal/tool/material from description and art. Unspecified-family assignment is provisional.
resource_sites,site_mirror_archive,Mirror Archive,content/resource_sites.json,Generic visit/capture/collect/guard/blocked/route gestures; no unique proximity bed,site_guarded_reward_site,Reuse family bank; choose exact gate/portal/tool/material from description and art. Unspecified-family assignment is provisional.
resource_sites,site_furnace_vault,Furnace Vault,content/resource_sites.json,Generic visit/capture/collect/guard/blocked/route gestures; no unique proximity bed,site_guarded_reward_site,Reuse family bank; choose exact gate/portal/tool/material from description and art. Unspecified-family assignment is provisional.
resource_sites,site_thorn_crown_hollow,Thorn Crown Hollow,content/resource_sites.json,Generic visit/capture/collect/guard/blocked/route gestures; no unique proximity bed,site_guarded_reward_site,Reuse family bank; choose exact gate/portal/tool/material from description and art. Unspecified-family assignment is provisional.
resource_sites,site_storm_bell_wreck,Storm-Bell Wreck,content/resource_sites.json,Generic visit/capture/collect/guard/blocked/route gestures; no unique proximity bed,site_guarded_reward_site,Reuse family bank; choose exact gate/portal/tool/material from description and art. Unspecified-family assignment is provisional.
resource_sites,site_prism_ossuary,Prism Ossuary,content/resource_sites.json,Generic visit/capture/collect/guard/blocked/route gestures; no unique proximity bed,site_guarded_reward_site,Reuse family bank; choose exact gate/portal/tool/material from description and art. Unspecified-family assignment is provisional.
resource_sites,site_basalt_oath_tomb,Basalt Oath Tomb,content/resource_sites.json,Generic visit/capture/collect/guard/blocked/route gestures; no unique proximity bed,site_guarded_reward_site,Reuse family bank; choose exact gate/portal/tool/material from description and art. Unspecified-family assignment is provisional.
resource_sites,site_lantern_crown_nave,Lantern Crown Nave,content/resource_sites.json,Generic visit/capture/collect/guard/blocked/route gestures; no unique proximity bed,site_guarded_reward_site,Reuse family bank; choose exact gate/portal/tool/material from description and art. Unspecified-family assignment is provisional.
resource_sites,site_sealed_muster_fort,Sealed Muster Fort,content/resource_sites.json,Generic visit/capture/collect/guard/blocked/route gestures; no unique proximity bed,site_guarded_reward_site,Reuse family bank; choose exact gate/portal/tool/material from description and art. Unspecified-family assignment is provisional.
resource_sites,site_hive_of_reeds,Hive of Reeds,content/resource_sites.json,Generic visit/capture/collect/guard/blocked/route gestures; no unique proximity bed,site_guarded_reward_site,Reuse family bank; choose exact gate/portal/tool/material from description and art. Unspecified-family assignment is provisional.
resource_sites,site_glassbound_eyrie,Glassbound Eyrie,content/resource_sites.json,Generic visit/capture/collect/guard/blocked/route gestures; no unique proximity bed,site_guarded_reward_site,Reuse family bank; choose exact gate/portal/tool/material from description and art. Unspecified-family assignment is provisional.
resource_sites,site_rust_choir_foundry,Rust Choir Foundry,content/resource_sites.json,Generic visit/capture/collect/guard/blocked/route gestures; no unique proximity bed,site_guarded_reward_site,Reuse family bank; choose exact gate/portal/tool/material from description and art. Unspecified-family assignment is provisional.
resource_sites,site_salt_wight_convoy,Salt-Wight Convoy,content/resource_sites.json,Generic visit/capture/collect/guard/blocked/route gestures; no unique proximity bed,site_guarded_reward_site,Reuse family bank; choose exact gate/portal/tool/material from description and art. Unspecified-family assignment is provisional.
resource_sites,site_kiln_chain_redoubt,Kiln Chain Redoubt,content/resource_sites.json,Generic visit/capture/collect/guard/blocked/route gestures; no unique proximity bed,site_guarded_reward_site,Reuse family bank; choose exact gate/portal/tool/material from description and art. Unspecified-family assignment is provisional.
resource_sites,site_rootwarden_stockade,Rootwarden Stockade,content/resource_sites.json,Generic visit/capture/collect/guard/blocked/route gestures; no unique proximity bed,site_guarded_reward_site,Reuse family bank; choose exact gate/portal/tool/material from description and art. Unspecified-family assignment is provisional.
resource_sites,site_brasswake_depot,Brasswake Depot,content/resource_sites.json,Generic visit/capture/collect/guard/blocked/route gestures; no unique proximity bed,site_guarded_reward_site,Reuse family bank; choose exact gate/portal/tool/material from description and art. Unspecified-family assignment is provisional.
resource_sites,site_bridge_bastion,Bridge Bastion,content/resource_sites.json,Generic visit/capture/collect/guard/blocked/route gestures; no unique proximity bed,site_guarded_reward_site,Reuse family bank; choose exact gate/portal/tool/material from description and art. Unspecified-family assignment is provisional.
resource_sites,site_chainboom_fort,Chainboom Fort,content/resource_sites.json,Generic visit/capture/collect/guard/blocked/route gestures; no unique proximity bed,site_guarded_reward_site,Reuse family bank; choose exact gate/portal/tool/material from description and art. Unspecified-family assignment is provisional.
resource_sites,site_railblock_camp,Railblock Camp,content/resource_sites.json,Generic visit/capture/collect/guard/blocked/route gestures; no unique proximity bed,site_guarded_reward_site,Reuse family bank; choose exact gate/portal/tool/material from description and art. Unspecified-family assignment is provisional.
resource_sites,site_rootgate_den,Rootgate Den,content/resource_sites.json,Generic visit/capture/collect/guard/blocked/route gestures; no unique proximity bed,site_guarded_reward_site,Reuse family bank; choose exact gate/portal/tool/material from description and art. Unspecified-family assignment is provisional.
resource_sites,site_fog_quay_ambush,Fog Quay Ambush,content/resource_sites.json,Generic visit/capture/collect/guard/blocked/route gestures; no unique proximity bed,site_guarded_reward_site,Reuse family bank; choose exact gate/portal/tool/material from description and art. Unspecified-family assignment is provisional.
resource_sites,site_mirror_toll_causeway,Mirror Toll Causeway,content/resource_sites.json,Generic visit/capture/collect/guard/blocked/route gestures; no unique proximity bed,site_guarded_reward_site,Reuse family bank; choose exact gate/portal/tool/material from description and art. Unspecified-family assignment is provisional.
resource_sites,site_ashbarb_roadblock,Ashbarb Roadblock,content/resource_sites.json,Generic visit/capture/collect/guard/blocked/route gestures; no unique proximity bed,site_guarded_reward_site,Reuse family bank; choose exact gate/portal/tool/material from description and art. Unspecified-family assignment is provisional.
resource_sites,site_frostford_hold,Frostford Hold,content/resource_sites.json,Generic visit/capture/collect/guard/blocked/route gestures; no unique proximity bed,site_guarded_reward_site,Reuse family bank; choose exact gate/portal/tool/material from description and art. Unspecified-family assignment is provisional.
resource_sites,site_ember_signal_brazier,Ember Signal Brazier,content/resource_sites.json,Generic visit/capture/collect/guard/blocked/route gestures; no unique proximity bed,site_faction_landmark,Reuse family bank; choose exact gate/portal/tool/material from description and art. Unspecified-family assignment is provisional.
resource_sites,site_bog_drum_totem,Bog Drum Totem,content/resource_sites.json,Generic visit/capture/collect/guard/blocked/route gestures; no unique proximity bed,site_faction_landmark,Reuse family bank; choose exact gate/portal/tool/material from description and art. Unspecified-family assignment is provisional.
resource_sites,site_prism_relay_lens,Prism Relay Lens,content/resource_sites.json,Generic visit/capture/collect/guard/blocked/route gestures; no unique proximity bed,site_faction_landmark,Reuse family bank; choose exact gate/portal/tool/material from description and art. Unspecified-family assignment is provisional.
resource_sites,site_thornwake_graft_arch,Thornwake Graft Arch,content/resource_sites.json,Generic visit/capture/collect/guard/blocked/route gestures; no unique proximity bed,site_faction_landmark,Reuse family bank; choose exact gate/portal/tool/material from description and art. Unspecified-family assignment is provisional.
resource_sites,site_brasshollow_gauge_shrine,Brasshollow Gauge Shrine,content/resource_sites.json,Generic visit/capture/collect/guard/blocked/route gestures; no unique proximity bed,site_faction_landmark,Reuse family bank; choose exact gate/portal/tool/material from description and art. Unspecified-family assignment is provisional.
resource_sites,site_veilmourn_bell_mast,Veilmourn Bell Mast,content/resource_sites.json,Generic visit/capture/collect/guard/blocked/route gestures; no unique proximity bed,site_faction_landmark,Reuse family bank; choose exact gate/portal/tool/material from description and art. Unspecified-family assignment is provisional.
resource_sites,site_granary_lock_exchange,Granary Lock Exchange,content/resource_sites.json,Generic visit/capture/collect/guard/blocked/route gestures; no unique proximity bed,site_faction_landmark,Reuse family bank; choose exact gate/portal/tool/material from description and art. Unspecified-family assignment is provisional.
resource_sites,site_blackwater_shrine_marker,Blackwater Shrine Marker,content/resource_sites.json,Generic visit/capture/collect/guard/blocked/route gestures; no unique proximity bed,site_faction_landmark,Reuse family bank; choose exact gate/portal/tool/material from description and art. Unspecified-family assignment is provisional.
resource_sites,site_prism_yard_standard,Prism Yard Standard,content/resource_sites.json,Generic visit/capture/collect/guard/blocked/route gestures; no unique proximity bed,site_faction_landmark,Reuse family bank; choose exact gate/portal/tool/material from description and art. Unspecified-family assignment is provisional.
resource_sites,site_broken_treaty_stone,Broken Treaty Stone,content/resource_sites.json,Generic visit/capture/collect/guard/blocked/route gestures; no unique proximity bed,site_scenario_objective,Reuse family bank; choose exact gate/portal/tool/material from description and art. Unspecified-family assignment is provisional.
resource_sites,site_sealed_causeway_lever,Sealed Causeway Lever,content/resource_sites.json,Generic visit/capture/collect/guard/blocked/route gestures; no unique proximity bed,site_scenario_objective,Reuse family bank; choose exact gate/portal/tool/material from description and art. Unspecified-family assignment is provisional.
resource_sites,site_mirror_anchor_frame,Mirror Anchor Frame,content/resource_sites.json,Generic visit/capture/collect/guard/blocked/route gestures; no unique proximity bed,site_scenario_objective,Reuse family bank; choose exact gate/portal/tool/material from description and art. Unspecified-family assignment is provisional.
resource_sites,site_crownless_standard,Crownless Standard,content/resource_sites.json,Generic visit/capture/collect/guard/blocked/route gestures; no unique proximity bed,site_scenario_objective,Reuse family bank; choose exact gate/portal/tool/material from description and art. Unspecified-family assignment is provisional.
resource_sites,site_drowned_toll_bell,Drowned Toll Bell,content/resource_sites.json,Generic visit/capture/collect/guard/blocked/route gestures; no unique proximity bed,site_scenario_objective,Reuse family bank; choose exact gate/portal/tool/material from description and art. Unspecified-family assignment is provisional.
resource_sites,site_orchard_writ_seal,Orchard Writ Seal,content/resource_sites.json,Generic visit/capture/collect/guard/blocked/route gestures; no unique proximity bed,site_scenario_objective,Reuse family bank; choose exact gate/portal/tool/material from description and art. Unspecified-family assignment is provisional.
resource_sites,site_brass_oath_wheel,Brass Oath Wheel,content/resource_sites.json,Generic visit/capture/collect/guard/blocked/route gestures; no unique proximity bed,site_scenario_objective,Reuse family bank; choose exact gate/portal/tool/material from description and art. Unspecified-family assignment is provisional.
resource_sites,site_burned_signal_brazier,Burned Signal Brazier,content/resource_sites.json,Generic visit/capture/collect/guard/blocked/route gestures; no unique proximity bed,site_scenario_objective,Reuse family bank; choose exact gate/portal/tool/material from description and art. Unspecified-family assignment is provisional.
resource_sites,site_repaired_ferry_stage_claimed,Claimed Ferry Stage,content/resource_sites.json,Generic visit/capture/collect/guard/blocked/route gestures; no unique proximity bed,site_scenario_objective,Reuse family bank; choose exact gate/portal/tool/material from description and art. Unspecified-family assignment is provisional.
resource_sites,site_claimed_quarry_head,Claimed Quarry Head,content/resource_sites.json,Generic visit/capture/collect/guard/blocked/route gestures; no unique proximity bed,site_scenario_objective,Reuse family bank; choose exact gate/portal/tool/material from description and art. Unspecified-family assignment is provisional.
resource_sites,site_frontier_rare_exchange,Frontier Rare Exchange,content/resource_sites.json,Generic visit/capture/collect/guard/blocked/route gestures; no unique proximity bed,site_mine,Reuse family bank; choose exact gate/portal/tool/material from description and art. Unspecified-family assignment is provisional.
resource_sites,site_orevein_assay_depot,Orevein Assay Depot,content/resource_sites.json,Generic visit/capture/collect/guard/blocked/route gestures; no unique proximity bed,site_mine,Reuse family bank; choose exact gate/portal/tool/material from description and art. Unspecified-family assignment is provisional.
resource_sites,site_bellwake_wreck_ledger,Bellwake Wreck Ledger,content/resource_sites.json,Generic visit/capture/collect/guard/blocked/route gestures; no unique proximity bed,site_mine,Reuse family bank; choose exact gate/portal/tool/material from description and art. Unspecified-family assignment is provisional.
resource_sites,site_generated_town_required_source_cache,Generated Town Supply Cache,content/resource_sites.json,Generic visit/capture/collect/guard/blocked/route gestures; no unique proximity bed,site_mine,Reuse family bank; choose exact gate/portal/tool/material from description and art. Unspecified-family assignment is provisional.
resource_sites,site_withered_rootgate_marker,Withered Rootgate Marker,content/resource_sites.json,Generic visit/capture/collect/guard/blocked/route gestures; no unique proximity bed,site_scenario_objective,Reuse family bank; choose exact gate/portal/tool/material from description and art. Unspecified-family assignment is provisional.
resource_sites,site_cinderwake_fold,Cinderwake Fold,content/resource_sites.json,Generic visit/capture/collect/guard/blocked/route gestures; no unique proximity bed,site_neutral_dwelling,Reuse family bank; choose exact gate/portal/tool/material from description and art. Unspecified-family assignment is provisional.
resource_sites,site_tideglass_roost,Tideglass Roost,content/resource_sites.json,Generic visit/capture/collect/guard/blocked/route gestures; no unique proximity bed,site_neutral_dwelling,Reuse family bank; choose exact gate/portal/tool/material from description and art. Unspecified-family assignment is provisional.
resource_sites,site_pactwright_waydesk,Pactwright Waydesk,content/resource_sites.json,Generic visit/capture/collect/guard/blocked/route gestures; no unique proximity bed,site_frontier_shrine,Reuse family bank; choose exact gate/portal/tool/material from description and art. Unspecified-family assignment is provisional.
resource_sites,site_siltglass_index,Siltglass Index,content/resource_sites.json,Generic visit/capture/collect/guard/blocked/route gestures; no unique proximity bed,site_frontier_shrine,Reuse family bank; choose exact gate/portal/tool/material from description and art. Unspecified-family assignment is provisional.
resource_sites,site_greenline_lens_table,Greenline Lens Table,content/resource_sites.json,Generic visit/capture/collect/guard/blocked/route gestures; no unique proximity bed,site_frontier_shrine,Reuse family bank; choose exact gate/portal/tool/material from description and art. Unspecified-family assignment is provisional.
resource_sites,site_reedflame_votive_frame,Reedflame Votive Frame,content/resource_sites.json,Generic visit/capture/collect/guard/blocked/route gestures; no unique proximity bed,site_frontier_shrine,Reuse family bank; choose exact gate/portal/tool/material from description and art. Unspecified-family assignment is provisional.
resource_sites,site_ossuary_prism_choir,Ossuary Prism Choir,content/resource_sites.json,Generic visit/capture/collect/guard/blocked/route gestures; no unique proximity bed,site_frontier_shrine,Reuse family bank; choose exact gate/portal/tool/material from description and art. Unspecified-family assignment is provisional.
resource_sites,site_glowcap_echo_bell,Glowcap Echo Bell,content/resource_sites.json,Generic visit/capture/collect/guard/blocked/route gestures; no unique proximity bed,site_frontier_shrine,Reuse family bank; choose exact gate/portal/tool/material from description and art. Unspecified-family assignment is provisional.
resource_sites,site_kite_signal_countermast,Kite-Signal Countermast,content/resource_sites.json,Generic visit/capture/collect/guard/blocked/route gestures; no unique proximity bed,site_frontier_shrine,Reuse family bank; choose exact gate/portal/tool/material from description and art. Unspecified-family assignment is provisional.
resource_sites,site_lastroad_bell_spire,Lastroad Bell Spire,content/resource_sites.json,Generic visit/capture/collect/guard/blocked/route gestures; no unique proximity bed,site_shrine,Reuse family bank; choose exact gate/portal/tool/material from description and art. Unspecified-family assignment is provisional.
resource_sites,site_siltheart_drum_cairn,Siltheart Drum Cairn,content/resource_sites.json,Generic visit/capture/collect/guard/blocked/route gestures; no unique proximity bed,site_shrine,Reuse family bank; choose exact gate/portal/tool/material from description and art. Unspecified-family assignment is provisional.
resource_sites,site_aurora_facet_orrery,Aurora Facet Orrery,content/resource_sites.json,Generic visit/capture/collect/guard/blocked/route gestures; no unique proximity bed,site_shrine,Reuse family bank; choose exact gate/portal/tool/material from description and art. Unspecified-family assignment is provisional.
resource_sites,site_bloombark_covenant_tree,Bloombark Covenant Tree,content/resource_sites.json,Generic visit/capture/collect/guard/blocked/route gestures; no unique proximity bed,site_shrine,Reuse family bank; choose exact gate/portal/tool/material from description and art. Unspecified-family assignment is provisional.
resource_sites,site_slagbound_clamp_forge,Slagbound Clamp Forge,content/resource_sites.json,Generic visit/capture/collect/guard/blocked/route gestures; no unique proximity bed,site_shrine,Reuse family bank; choose exact gate/portal/tool/material from description and art. Unspecified-family assignment is provisional.
resource_sites,site_mourning_tide_obelisk,Mourning Tide Obelisk,content/resource_sites.json,Generic visit/capture/collect/guard/blocked/route gestures; no unique proximity bed,site_shrine,Reuse family bank; choose exact gate/portal/tool/material from description and art. Unspecified-family assignment is provisional.
resource_sites,site_sevencount_verdict_table,Seven-Count Verdict Table,content/resource_sites.json,Generic visit/capture/collect/guard/blocked/route gestures; no unique proximity bed,site_shrine,Reuse family bank; choose exact gate/portal/tool/material from description and art. Unspecified-family assignment is provisional.
resource_sites,site_galehorn_windfold,Galehorn Windfold,content/resource_sites.json,Generic visit/capture/collect/guard/blocked/route gestures; no unique proximity bed,site_neutral_dwelling,Reuse family bank; choose exact gate/portal/tool/material from description and art. Unspecified-family assignment is provisional.
resource_sites,site_sunscale_lantern_conservatory,Sunscale Lantern Conservatory,content/resource_sites.json,Generic visit/capture/collect/guard/blocked/route gestures; no unique proximity bed,site_neutral_dwelling,Reuse family bank; choose exact gate/portal/tool/material from description and art. Unspecified-family assignment is provisional.
resource_sites,site_rimebell_whitewake_eyrie,Rimebell Whitewake Eyrie,content/resource_sites.json,Generic visit/capture/collect/guard/blocked/route gestures; no unique proximity bed,site_neutral_dwelling,Reuse family bank; choose exact gate/portal/tool/material from description and art. Unspecified-family assignment is provisional.
resource_sites,site_deepforge_seventh_vault,Deepforge Seventh Vault,content/resource_sites.json,Generic visit/capture/collect/guard/blocked/route gestures; no unique proximity bed,site_neutral_dwelling,Reuse family bank; choose exact gate/portal/tool/material from description and art. Unspecified-family assignment is provisional.
resource_sites,site_ashcrown_cinderfold,Ashcrown Cinderfold,content/resource_sites.json,Generic visit/capture/collect/guard/blocked/route gestures; no unique proximity bed,site_neutral_dwelling,Reuse family bank; choose exact gate/portal/tool/material from description and art. Unspecified-family assignment is provisional.
resource_sites,site_miremoon_crownmere,Miremoon Crownmere,content/resource_sites.json,Generic visit/capture/collect/guard/blocked/route gestures; no unique proximity bed,site_neutral_dwelling,Reuse family bank; choose exact gate/portal/tool/material from description and art. Unspecified-family assignment is provisional.
resource_sites,site_noonshard_prism_aviary,Noonshard Prism Aviary,content/resource_sites.json,Generic visit/capture/collect/guard/blocked/route gestures; no unique proximity bed,site_neutral_dwelling,Reuse family bank; choose exact gate/portal/tool/material from description and art. Unspecified-family assignment is provisional.
resource_sites,site_rootvault_heartwood_hollow,Rootvault Heartwood Hollow,content/resource_sites.json,Generic visit/capture/collect/guard/blocked/route gestures; no unique proximity bed,site_neutral_dwelling,Reuse family bank; choose exact gate/portal/tool/material from description and art. Unspecified-family assignment is provisional.
resource_sites,site_quenchbell_pressure_den,Quenchbell Pressure Den,content/resource_sites.json,Generic visit/capture/collect/guard/blocked/route gestures; no unique proximity bed,site_neutral_dwelling,Reuse family bank; choose exact gate/portal/tool/material from description and art. Unspecified-family assignment is provisional.
resource_sites,site_saltwake_belldeep,Saltwake Belldeep,content/resource_sites.json,Generic visit/capture/collect/guard/blocked/route gestures; no unique proximity bed,site_neutral_dwelling,Reuse family bank; choose exact gate/portal/tool/material from description and art. Unspecified-family assignment is provisional.
resource_sites,site_stormseal_powder_wharf,Stormseal Powder Wharf,content/resource_sites.json,Generic visit/capture/collect/guard/blocked/route gestures; no unique proximity bed,site_neutral_dwelling,Reuse family bank; choose exact gate/portal/tool/material from description and art. Unspecified-family assignment is provisional.
resource_sites,site_moonwax_reed_circle,Moonwax Reed Circle,content/resource_sites.json,Generic visit/capture/collect/guard/blocked/route gestures; no unique proximity bed,site_neutral_dwelling,Reuse family bank; choose exact gate/portal/tool/material from description and art. Unspecified-family assignment is provisional.
resource_sites,site_facet_vigil,Facet Vigil,content/resource_sites.json,Generic visit/capture/collect/guard/blocked/route gestures; no unique proximity bed,site_neutral_dwelling,Reuse family bank; choose exact gate/portal/tool/material from description and art. Unspecified-family assignment is provisional.
resource_sites,site_heartseed_bolt_grove,Heartseed Bolt Grove,content/resource_sites.json,Generic visit/capture/collect/guard/blocked/route gestures; no unique proximity bed,site_neutral_dwelling,Reuse family bank; choose exact gate/portal/tool/material from description and art. Unspecified-family assignment is provisional.
resource_sites,site_blackbell_assay_watch,Blackbell Assay Watch,content/resource_sites.json,Generic visit/capture/collect/guard/blocked/route gestures; no unique proximity bed,site_neutral_dwelling,Reuse family bank; choose exact gate/portal/tool/material from description and art. Unspecified-family assignment is provisional.
resource_sites,site_last_memory_mooring,Last-Memory Mooring,content/resource_sites.json,Generic visit/capture/collect/guard/blocked/route gestures; no unique proximity bed,site_neutral_dwelling,Reuse family bank; choose exact gate/portal/tool/material from description and art. Unspecified-family assignment is provisional.
resource_sites,site_lockfire_triune_rostrum,Lockfire Triune Rostrum,content/resource_sites.json,Generic visit/capture/collect/guard/blocked/route gestures; no unique proximity bed,site_shrine,Reuse family bank; choose exact gate/portal/tool/material from description and art. Unspecified-family assignment is provisional.
resource_sites,site_moonfen_triune_drumcourt,Moonfen Triune Drumcourt,content/resource_sites.json,Generic visit/capture/collect/guard/blocked/route gestures; no unique proximity bed,site_shrine,Reuse family bank; choose exact gate/portal/tool/material from description and art. Unspecified-family assignment is provisional.
resource_sites,site_three_facet_meridian_orrery,Three-Facet Meridian Orrery,content/resource_sites.json,Generic visit/capture/collect/guard/blocked/route gestures; no unique proximity bed,site_shrine,Reuse family bank; choose exact gate/portal/tool/material from description and art. Unspecified-family assignment is provisional.
resource_sites,site_heartwood_three_vow_arbor,Heartwood Three-Vow Arbor,content/resource_sites.json,Generic visit/capture/collect/guard/blocked/route gestures; no unique proximity bed,site_shrine,Reuse family bank; choose exact gate/portal/tool/material from description and art. Unspecified-family assignment is provisional.
resource_sites,site_redline_triune_assay_forge,Redline Triune Assay Forge,content/resource_sites.json,Generic visit/capture/collect/guard/blocked/route gestures; no unique proximity bed,site_shrine,Reuse family bank; choose exact gate/portal/tool/material from description and art. Unspecified-family assignment is provisional.
resource_sites,site_drowned_bell_three_wake_archive,Drowned-Bell Three-Wake Archive,content/resource_sites.json,Generic visit/capture/collect/guard/blocked/route gestures; no unique proximity bed,site_shrine,Reuse family bank; choose exact gate/portal/tool/material from description and art. Unspecified-family assignment is provisional.
resource_sites,site_rainwrit_stormseal_survey_cairn,Rainwrit Stormseal Survey Cairn,content/resource_sites.json,Generic visit/capture/collect/guard/blocked/route gestures; no unique proximity bed,site_scenario_objective,Reuse family bank; choose exact gate/portal/tool/material from description and art. Unspecified-family assignment is provisional.
resource_sites,site_hollowreed_moonwax_foundation_totem,Hollowreed Moonwax Foundation Totem,content/resource_sites.json,Generic visit/capture/collect/guard/blocked/route gestures; no unique proximity bed,site_scenario_objective,Reuse family bank; choose exact gate/portal/tool/material from description and art. Unspecified-family assignment is provisional.
resource_sites,site_meridian_seven_line_plumb_prism,Meridian Seven-Line Plumb Prism,content/resource_sites.json,Generic visit/capture/collect/guard/blocked/route gestures; no unique proximity bed,site_scenario_objective,Reuse family bank; choose exact gate/portal/tool/material from description and art. Unspecified-family assignment is provisional.
resource_sites,site_crownroot_heartseed_boundary_arbor,Crownroot Heartseed Boundary Arbor,content/resource_sites.json,Generic visit/capture/collect/guard/blocked/route gestures; no unique proximity bed,site_scenario_objective,Reuse family bank; choose exact gate/portal/tool/material from description and art. Unspecified-family assignment is provisional.
resource_sites,site_blackbell_grand_assay_tripod,Blackbell Grand Assay Tripod,content/resource_sites.json,Generic visit/capture/collect/guard/blocked/route gestures; no unique proximity bed,site_scenario_objective,Reuse family bank; choose exact gate/portal/tool/material from description and art. Unspecified-family assignment is provisional.
resource_sites,site_pale_sounding_last_memory_marker,Pale Sounding Last-Memory Marker,content/resource_sites.json,Generic visit/capture/collect/guard/blocked/route gestures; no unique proximity bed,site_scenario_objective,Reuse family bank; choose exact gate/portal/tool/material from description and art. Unspecified-family assignment is provisional.
resource_sites,site_rainwrit_five_writ_muster_standard,Rainwrit Five-Writ Muster Standard,content/resource_sites.json,Generic visit/capture/collect/guard/blocked/route gestures; no unique proximity bed,site_scenario_objective,Reuse family bank; choose exact gate/portal/tool/material from description and art. Unspecified-family assignment is provisional.
resource_sites,site_hollowreed_moonhide_drum_standard,Hollowreed Moonhide Drum Standard,content/resource_sites.json,Generic visit/capture/collect/guard/blocked/route gestures; no unique proximity bed,site_scenario_objective,Reuse family bank; choose exact gate/portal/tool/material from description and art. Unspecified-family assignment is provisional.
resource_sites,site_meridian_five_facet_muster_prism,Meridian Five-Facet Muster Prism,content/resource_sites.json,Generic visit/capture/collect/guard/blocked/route gestures; no unique proximity bed,site_scenario_objective,Reuse family bank; choose exact gate/portal/tool/material from description and art. Unspecified-family assignment is provisional.
resource_sites,site_crownroot_five_seed_muster_bough,Crownroot Five-Seed Muster Bough,content/resource_sites.json,Generic visit/capture/collect/guard/blocked/route gestures; no unique proximity bed,site_scenario_objective,Reuse family bank; choose exact gate/portal/tool/material from description and art. Unspecified-family assignment is provisional.
resource_sites,site_blackbell_five_clause_muster_gantry,Blackbell Five-Clause Muster Gantry,content/resource_sites.json,Generic visit/capture/collect/guard/blocked/route gestures; no unique proximity bed,site_scenario_objective,Reuse family bank; choose exact gate/portal/tool/material from description and art. Unspecified-family assignment is provisional.
resource_sites,site_pale_sounding_five_wake_muster_mast,Pale Sounding Five-Wake Muster Mast,content/resource_sites.json,Generic visit/capture/collect/guard/blocked/route gestures; no unique proximity bed,site_scenario_objective,Reuse family bank; choose exact gate/portal/tool/material from description and art. Unspecified-family assignment is provisional.
resource_sites,site_beaconscribe_first_light_lectern,Beaconscribe First-Light Lectern,content/resource_sites.json,Generic visit/capture/collect/guard/blocked/route gestures; no unique proximity bed,site_scenario_objective,Reuse family bank; choose exact gate/portal/tool/material from description and art. Unspecified-family assignment is provisional.
resource_sites,site_rotlamp_shedskin_censer,Rotlamp Shedskin Censer,content/resource_sites.json,Generic visit/capture/collect/guard/blocked/route gestures; no unique proximity bed,site_scenario_objective,Reuse family bank; choose exact gate/portal/tool/material from description and art. Unspecified-family assignment is provisional.
resource_sites,site_daynote_true_angle_dais,Daynote True-Angle Dais,content/resource_sites.json,Generic visit/capture/collect/guard/blocked/route gestures; no unique proximity bed,site_scenario_objective,Reuse family bank; choose exact gate/portal/tool/material from description and art. Unspecified-family assignment is provisional.
resource_sites,site_loamchant_deep_root_seat,Loamchant Deep-Root Seat,content/resource_sites.json,Generic visit/capture/collect/guard/blocked/route gestures; no unique proximity bed,site_scenario_objective,Reuse family bank; choose exact gate/portal/tool/material from description and art. Unspecified-family assignment is provisional.
resource_sites,site_gaugesavant_fifth_measure_rig,Gauge-Savant Fifth-Measure Rig,content/resource_sites.json,Generic visit/capture/collect/guard/blocked/route gestures; no unique proximity bed,site_scenario_objective,Reuse family bank; choose exact gate/portal/tool/material from description and art. Unspecified-family assignment is provisional.
resource_sites,site_wakeoracle_last_echo_choir,Wakeoracle Last-Echo Choir,content/resource_sites.json,Generic visit/capture/collect/guard/blocked/route gestures; no unique proximity bed,site_scenario_objective,Reuse family bank; choose exact gate/portal/tool/material from description and art. Unspecified-family assignment is provisional.
resource_sites,site_embercourt_twin_beacon_field_council,Twin-Beacon Sluice Council,content/resource_sites.json,Generic visit/capture/collect/guard/blocked/route gestures; no unique proximity bed,site_scenario_objective,Reuse family bank; choose exact gate/portal/tool/material from description and art. Unspecified-family assignment is provisional.
resource_sites,site_mireclaw_two_mask_field_council,Two-Mask Peat Council,content/resource_sites.json,Generic visit/capture/collect/guard/blocked/route gestures; no unique proximity bed,site_scenario_objective,Reuse family bank; choose exact gate/portal/tool/material from description and art. Unspecified-family assignment is provisional.
resource_sites,site_sunvault_split_ray_field_council,Split-Ray Meridian Council,content/resource_sites.json,Generic visit/capture/collect/guard/blocked/route gestures; no unique proximity bed,site_scenario_objective,Reuse family bank; choose exact gate/portal/tool/material from description and art. Unspecified-family assignment is provisional.
resource_sites,site_thornwake_forkroot_field_council,Forkroot Seed Council,content/resource_sites.json,Generic visit/capture/collect/guard/blocked/route gestures; no unique proximity bed,site_scenario_objective,Reuse family bank; choose exact gate/portal/tool/material from description and art. Unspecified-family assignment is provisional.
resource_sites,site_brasshollow_double_gauge_field_council,Double-Gauge Dispatch Council,content/resource_sites.json,Generic visit/capture/collect/guard/blocked/route gestures; no unique proximity bed,site_scenario_objective,Reuse family bank; choose exact gate/portal/tool/material from description and art. Unspecified-family assignment is provisional.
resource_sites,site_veilmourn_twin_wake_field_council,Twin-Wake Chart Council,content/resource_sites.json,Generic visit/capture/collect/guard/blocked/route gestures; no unique proximity bed,site_scenario_objective,Reuse family bank; choose exact gate/portal/tool/material from description and art. Unspecified-family assignment is provisional.
resource_sites,site_embercourt_locklantern_convoy_relay,Locklantern Dispatch Winch,content/resource_sites.json,Generic visit/capture/collect/guard/blocked/route gestures; no unique proximity bed,site_faction_outpost,Reuse family bank; choose exact gate/portal/tool/material from description and art. Unspecified-family assignment is provisional.
resource_sites,site_mireclaw_antlerraft_convoy_relay,Antlerraft Peat Relay,content/resource_sites.json,Generic visit/capture/collect/guard/blocked/route gestures; no unique proximity bed,site_faction_outpost,Reuse family bank; choose exact gate/portal/tool/material from description and art. Unspecified-family assignment is provisional.
resource_sites,site_sunvault_prismwheel_convoy_relay,Prismwheel Relief Station,content/resource_sites.json,Generic visit/capture/collect/guard/blocked/route gestures; no unique proximity bed,site_faction_outpost,Reuse family bank; choose exact gate/portal/tool/material from description and art. Unspecified-family assignment is provisional.
resource_sites,site_thornwake_seedcart_convoy_relay,Seedcart Root Relay,content/resource_sites.json,Generic visit/capture/collect/guard/blocked/route gestures; no unique proximity bed,site_faction_outpost,Reuse family bank; choose exact gate/portal/tool/material from description and art. Unspecified-family assignment is provisional.
resource_sites,site_brasshollow_quenchrail_convoy_relay,Quenchrail Dispatch Gantry,content/resource_sites.json,Generic visit/capture/collect/guard/blocked/route gestures; no unique proximity bed,site_faction_outpost,Reuse family bank; choose exact gate/portal/tool/material from description and art. Unspecified-family assignment is provisional.
resource_sites,site_veilmourn_wakeglass_convoy_relay,Wakeglass Relief Mooring,content/resource_sites.json,Generic visit/capture/collect/guard/blocked/route gestures; no unique proximity bed,site_faction_outpost,Reuse family bank; choose exact gate/portal/tool/material from description and art. Unspecified-family assignment is provisional.
resource_sites,site_embercourt_ashline_writ_compass,Ashline Writ-Compass,content/resource_sites.json,Generic visit/capture/collect/guard/blocked/route gestures; no unique proximity bed,site_scouting_structure,Reuse family bank; choose exact gate/portal/tool/material from description and art. Unspecified-family assignment is provisional.
resource_sites,site_mireclaw_bogglass_listening_mast,Bogglass Listening Mast,content/resource_sites.json,Generic visit/capture/collect/guard/blocked/route gestures; no unique proximity bed,site_scouting_structure,Reuse family bank; choose exact gate/portal/tool/material from description and art. Unspecified-family assignment is provisional.
resource_sites,site_sunvault_meridian_sunthread_heliograph,Meridian Sunthread Heliograph,content/resource_sites.json,Generic visit/capture/collect/guard/blocked/route gestures; no unique proximity bed,site_scouting_structure,Reuse family bank; choose exact gate/portal/tool/material from description and art. Unspecified-family assignment is provisional.
resource_sites,site_thornwake_rootstar_canopy_orrery,Rootstar Canopy Orrery,content/resource_sites.json,Generic visit/capture/collect/guard/blocked/route gestures; no unique proximity bed,site_scouting_structure,Reuse family bank; choose exact gate/portal/tool/material from description and art. Unspecified-family assignment is provisional.
resource_sites,site_brasshollow_redgauge_horizon_theodolite,Redgauge Horizon Theodolite,content/resource_sites.json,Generic visit/capture/collect/guard/blocked/route gestures; no unique proximity bed,site_scouting_structure,Reuse family bank; choose exact gate/portal/tool/material from description and art. Unspecified-family assignment is provisional.
resource_sites,site_veilmourn_drowned_horizon_sextant,Drowned-Horizon Sounding Sextant,content/resource_sites.json,Generic visit/capture/collect/guard/blocked/route gestures; no unique proximity bed,site_scouting_structure,Reuse family bank; choose exact gate/portal/tool/material from description and art. Unspecified-family assignment is provisional.
resource_sites,site_embercourt_rainwrit_ledger_brazier,Rainwrit Ledger Brazier,content/resource_sites.json,Generic visit/capture/collect/guard/blocked/route gestures; no unique proximity bed,site_faction_outpost,Reuse family bank; choose exact gate/portal/tool/material from description and art. Unspecified-family assignment is provisional.
resource_sites,site_mireclaw_reedbarrow_tally_drum,Reedbarrow Tally Drum,content/resource_sites.json,Generic visit/capture/collect/guard/blocked/route gestures; no unique proximity bed,site_faction_outpost,Reuse family bank; choose exact gate/portal/tool/material from description and art. Unspecified-family assignment is provisional.
resource_sites,site_sunvault_meridian_prism_ledger,Meridian Prism Ledger,content/resource_sites.json,Generic visit/capture/collect/guard/blocked/route gestures; no unique proximity bed,site_faction_outpost,Reuse family bank; choose exact gate/portal/tool/material from description and art. Unspecified-family assignment is provisional.
resource_sites,site_thornwake_crownroot_seed_tithe_arbor,Crownroot Seed-Tithe Arbor,content/resource_sites.json,Generic visit/capture/collect/guard/blocked/route gestures; no unique proximity bed,site_faction_outpost,Reuse family bank; choose exact gate/portal/tool/material from description and art. Unspecified-family assignment is provisional.
resource_sites,site_brasshollow_blackbell_counterwheel,Blackbell Counterwheel,content/resource_sites.json,Generic visit/capture/collect/guard/blocked/route gestures; no unique proximity bed,site_faction_outpost,Reuse family bank; choose exact gate/portal/tool/material from description and art. Unspecified-family assignment is provisional.
resource_sites,site_veilmourn_pale_sounding_wake_ledger,Pale Sounding Wake Ledger,content/resource_sites.json,Generic visit/capture/collect/guard/blocked/route gestures; no unique proximity bed,site_faction_outpost,Reuse family bank; choose exact gate/portal/tool/material from description and art. Unspecified-family assignment is provisional.
resource_sites,site_embercourt_three_writ_border_standard,Three-Writ Border Standard,content/resource_sites.json,Generic visit/capture/collect/guard/blocked/route gestures; no unique proximity bed,site_faction_outpost,Reuse family bank; choose exact gate/portal/tool/material from description and art. Unspecified-family assignment is provisional.
resource_sites,site_mireclaw_fenhook_border_standard,Fenhook Border Standard,content/resource_sites.json,Generic visit/capture/collect/guard/blocked/route gestures; no unique proximity bed,site_faction_outpost,Reuse family bank; choose exact gate/portal/tool/material from description and art. Unspecified-family assignment is provisional.
resource_sites,site_sunvault_trifold_prism_border_standard,Trifold Prism Border Standard,content/resource_sites.json,Generic visit/capture/collect/guard/blocked/route gestures; no unique proximity bed,site_faction_outpost,Reuse family bank; choose exact gate/portal/tool/material from description and art. Unspecified-family assignment is provisional.
resource_sites,site_thornwake_three_seed_border_standard,Three-Seed Border Standard,content/resource_sites.json,Generic visit/capture/collect/guard/blocked/route gestures; no unique proximity bed,site_faction_outpost,Reuse family bank; choose exact gate/portal/tool/material from description and art. Unspecified-family assignment is provisional.
resource_sites,site_brasshollow_tripgauge_border_standard,Tripgauge Border Standard,content/resource_sites.json,Generic visit/capture/collect/guard/blocked/route gestures; no unique proximity bed,site_faction_outpost,Reuse family bank; choose exact gate/portal/tool/material from description and art. Unspecified-family assignment is provisional.
resource_sites,site_veilmourn_three_wake_border_standard,Three-Wake Border Standard,content/resource_sites.json,Generic visit/capture/collect/guard/blocked/route gestures; no unique proximity bed,site_faction_outpost,Reuse family bank; choose exact gate/portal/tool/material from description and art. Unspecified-family assignment is provisional.
resource_sites,site_cinderlock_three_seal_garrison_warrant,Cinderlock Three-Seal Garrison Warrant,content/resource_sites.json,Generic visit/capture/collect/guard/blocked/route gestures; no unique proximity bed,site_scenario_objective,Reuse family bank; choose exact gate/portal/tool/material from description and art. Unspecified-family assignment is provisional.
resource_sites,site_murkward_three_hook_garrison_warrant,Murkward Three-Hook Garrison Warrant,content/resource_sites.json,Generic visit/capture/collect/guard/blocked/route gestures; no unique proximity bed,site_scenario_objective,Reuse family bank; choose exact gate/portal/tool/material from description and art. Unspecified-family assignment is provisional.
resource_sites,site_meridian_three_prism_garrison_warrant,Meridian Three-Prism Garrison Warrant,content/resource_sites.json,Generic visit/capture/collect/guard/blocked/route gestures; no unique proximity bed,site_scenario_objective,Reuse family bank; choose exact gate/portal/tool/material from description and art. Unspecified-family assignment is provisional.
resource_sites,site_graftroot_three_seed_garrison_warrant,Graftroot Three-Seed Garrison Warrant,content/resource_sites.json,Generic visit/capture/collect/guard/blocked/route gestures; no unique proximity bed,site_scenario_objective,Reuse family bank; choose exact gate/portal/tool/material from description and art. Unspecified-family assignment is provisional.
resource_sites,site_orevein_three_gauge_garrison_warrant,Orevein Three-Gauge Garrison Warrant,content/resource_sites.json,Generic visit/capture/collect/guard/blocked/route gestures; no unique proximity bed,site_scenario_objective,Reuse family bank; choose exact gate/portal/tool/material from description and art. Unspecified-family assignment is provisional.
resource_sites,site_bellwake_three_bell_garrison_warrant,Bellwake Three-Bell Garrison Warrant,content/resource_sites.json,Generic visit/capture/collect/guard/blocked/route gestures; no unique proximity bed,site_scenario_objective,Reuse family bank; choose exact gate/portal/tool/material from description and art. Unspecified-family assignment is provisional.
resource_sites,site_lockward_charter_reliquary,Lockward Charter Reliquary,content/resource_sites.json,Generic visit/capture/collect/guard/blocked/route gestures; no unique proximity bed,site_guarded_reward_site,Reuse family bank; choose exact gate/portal/tool/material from description and art. Unspecified-family assignment is provisional.
resource_sites,site_fenhound_pursuit_reliquary,Fenhound Pursuit Reliquary,content/resource_sites.json,Generic visit/capture/collect/guard/blocked/route gestures; no unique proximity bed,site_guarded_reward_site,Reuse family bank; choose exact gate/portal/tool/material from description and art. Unspecified-family assignment is provisional.
resource_sites,site_meridian_relay_reliquary,Meridian Relay Reliquary,content/resource_sites.json,Generic visit/capture/collect/guard/blocked/route gestures; no unique proximity bed,site_guarded_reward_site,Reuse family bank; choose exact gate/portal/tool/material from description and art. Unspecified-family assignment is provisional.
resource_sites,site_rootpath_covenant_reliquary,Rootpath Covenant Reliquary,content/resource_sites.json,Generic visit/capture/collect/guard/blocked/route gestures; no unique proximity bed,site_guarded_reward_site,Reuse family bank; choose exact gate/portal/tool/material from description and art. Unspecified-family assignment is provisional.
resource_sites,site_redline_survey_reliquary,Redline Survey Warrant Reliquary,content/resource_sites.json,Generic visit/capture/collect/guard/blocked/route gestures; no unique proximity bed,site_guarded_reward_site,Reuse family bank; choose exact gate/portal/tool/material from description and art. Unspecified-family assignment is provisional.
resource_sites,site_drowned_wake_reliquary,Drowned Wake Chart Reliquary,content/resource_sites.json,Generic visit/capture/collect/guard/blocked/route gestures; no unique proximity bed,site_guarded_reward_site,Reuse family bank; choose exact gate/portal/tool/material from description and art. Unspecified-family assignment is provisional.
resource_sites,site_brambleback_hedgecourt,Brambleback Hedgecourt,content/resource_sites.json,Generic visit/capture/collect/guard/blocked/route gestures; no unique proximity bed,site_neutral_dwelling,Reuse family bank; choose exact gate/portal/tool/material from description and art. Unspecified-family assignment is provisional.
resource_sites,site_mireglass_bellfen,Mireglass Bellfen,content/resource_sites.json,Generic visit/capture/collect/guard/blocked/route gestures; no unique proximity bed,site_neutral_dwelling,Reuse family bank; choose exact gate/portal/tool/material from description and art. Unspecified-family assignment is provisional.
resource_sites,site_windcairn_wayhouse,Windcairn Wayhouse,content/resource_sites.json,Generic visit/capture/collect/guard/blocked/route gestures; no unique proximity bed,site_neutral_dwelling,Reuse family bank; choose exact gate/portal/tool/material from description and art. Unspecified-family assignment is provisional.
resource_sites,site_sapwhistle_greenward,Sapwhistle Greenward,content/resource_sites.json,Generic visit/capture/collect/guard/blocked/route gestures; no unique proximity bed,site_neutral_dwelling,Reuse family bank; choose exact gate/portal/tool/material from description and art. Unspecified-family assignment is provisional.
resource_sites,site_scarshield_breakyard,Scarshield Breakyard,content/resource_sites.json,Generic visit/capture/collect/guard/blocked/route gestures; no unique proximity bed,site_neutral_dwelling,Reuse family bank; choose exact gate/portal/tool/material from description and art. Unspecified-family assignment is provisional.
resource_sites,site_flaremast_pilotage,Flaremast Pilotage,content/resource_sites.json,Generic visit/capture/collect/guard/blocked/route gestures; no unique proximity bed,site_neutral_dwelling,Reuse family bank; choose exact gate/portal/tool/material from description and art. Unspecified-family assignment is provisional.
resource_sites,site_named_rival_tollmoon_claim_post,Tollmoon Claim Post,content/resource_sites.json,Generic visit/capture/collect/guard/blocked/route gestures; no unique proximity bed,site_faction_outpost,Reuse family bank; choose exact gate/portal/tool/material from description and art. Unspecified-family assignment is provisional.
resource_sites,site_named_rival_facetline_duel_standard,Facetline Duel Standard,content/resource_sites.json,Generic visit/capture/collect/guard/blocked/route gestures; no unique proximity bed,site_faction_outpost,Reuse family bank; choose exact gate/portal/tool/material from description and art. Unspecified-family assignment is provisional.
resource_sites,site_named_rival_greenbarrow_recovery_mark,Greenbarrow Recovery Mark,content/resource_sites.json,Generic visit/capture/collect/guard/blocked/route gestures; no unique proximity bed,site_faction_outpost,Reuse family bank; choose exact gate/portal/tool/material from description and art. Unspecified-family assignment is provisional.
resource_sites,site_named_rival_bellfounder_siege_gauge,Bellfounder Siege Gauge,content/resource_sites.json,Generic visit/capture/collect/guard/blocked/route gestures; no unique proximity bed,site_faction_outpost,Reuse family bank; choose exact gate/portal/tool/material from description and art. Unspecified-family assignment is provisional.
resource_sites,site_named_rival_vanehook_wake_pennant,Vanehook Wake Pennant,content/resource_sites.json,Generic visit/capture/collect/guard/blocked/route gestures; no unique proximity bed,site_faction_outpost,Reuse family bank; choose exact gate/portal/tool/material from description and art. Unspecified-family assignment is provisional.
resource_sites,site_named_rival_pikeward_charter_fork,Pikeward Charter Fork,content/resource_sites.json,Generic visit/capture/collect/guard/blocked/route gestures; no unique proximity bed,site_faction_outpost,Reuse family bank; choose exact gate/portal/tool/material from description and art. Unspecified-family assignment is provisional.
resource_sites,site_ash_charter_rollhouse,Ash-Charter Rollhouse,content/resource_sites.json,Generic visit/capture/collect/guard/blocked/route gestures; no unique proximity bed,site_neutral_dwelling,Reuse family bank; choose exact gate/portal/tool/material from description and art. Unspecified-family assignment is provisional.
resource_sites,site_gorefen_chain_ring,Gorefen Chain Ring,content/resource_sites.json,Generic visit/capture/collect/guard/blocked/route gestures; no unique proximity bed,site_neutral_dwelling,Reuse family bank; choose exact gate/portal/tool/material from description and art. Unspecified-family assignment is provisional.
resource_sites,site_mirror_daybreak_drill_prism,Mirror-Daybreak Drill Prism,content/resource_sites.json,Generic visit/capture/collect/guard/blocked/route gestures; no unique proximity bed,site_neutral_dwelling,Reuse family bank; choose exact gate/portal/tool/material from description and art. Unspecified-family assignment is provisional.
resource_sites,site_five_bough_veteran_grove,Five-Bough Veteran Grove,content/resource_sites.json,Generic visit/capture/collect/guard/blocked/route gestures; no unique proximity bed,site_neutral_dwelling,Reuse family bank; choose exact gate/portal/tool/material from description and art. Unspecified-family assignment is provisional.
resource_sites,site_three_gauge_chapter_foundry,Three-Gauge Chapter Foundry,content/resource_sites.json,Generic visit/capture/collect/guard/blocked/route gestures; no unique proximity bed,site_neutral_dwelling,Reuse family bank; choose exact gate/portal/tool/material from description and art. Unspecified-family assignment is provisional.
resource_sites,site_fog_keel_lastwatch_mooring,Fog-Keel Lastwatch Mooring,content/resource_sites.json,Generic visit/capture/collect/guard/blocked/route gestures; no unique proximity bed,site_neutral_dwelling,Reuse family bank; choose exact gate/portal/tool/material from description and art. Unspecified-family assignment is provisional.
resource_sites,site_bellfounder_three_hammer_rostrum,Bellfounder Three-Hammer Rostrum,content/resource_sites.json,Generic visit/capture/collect/guard/blocked/route gestures; no unique proximity bed,site_scenario_objective,Reuse family bank; choose exact gate/portal/tool/material from description and art. Unspecified-family assignment is provisional.
resource_sites,site_ashmeter_cinder_measure_crucible,Ashmeter Cinder-Measure Crucible,content/resource_sites.json,Generic visit/capture/collect/guard/blocked/route gestures; no unique proximity bed,site_scenario_objective,Reuse family bank; choose exact gate/portal/tool/material from description and art. Unspecified-family assignment is provisional.
resource_sites,site_quench_three_cycle_calibrator,Quench Three-Cycle Calibrator,content/resource_sites.json,Generic visit/capture/collect/guard/blocked/route gestures; no unique proximity bed,site_scenario_objective,Reuse family bank; choose exact gate/portal/tool/material from description and art. Unspecified-family assignment is provisional.
resource_sites,site_tollreaver_deep_muster_toll,Tollreaver Deep-Muster Toll,content/resource_sites.json,Generic visit/capture/collect/guard/blocked/route gestures; no unique proximity bed,site_scenario_objective,Reuse family bank; choose exact gate/portal/tool/material from description and art. Unspecified-family assignment is provisional.
resource_sites,site_seedseer_root_future_oracle,Seedseer Root-Future Oracle,content/resource_sites.json,Generic visit/capture/collect/guard/blocked/route gestures; no unique proximity bed,site_scenario_objective,Reuse family bank; choose exact gate/portal/tool/material from description and art. Unspecified-family assignment is provisional.
resource_sites,site_vowless_broken_retort_mirror,Vowless Broken-Retort Mirror,content/resource_sites.json,Generic visit/capture/collect/guard/blocked/route gestures; no unique proximity bed,site_scenario_objective,Reuse family bank; choose exact gate/portal/tool/material from description and art. Unspecified-family assignment is provisional.
resource_sites,site_vanehook_three_line_harpoon,Vanehook Three-Line Harpoon Frame,content/resource_sites.json,Generic visit/capture/collect/guard/blocked/route gestures; no unique proximity bed,site_scenario_objective,Reuse family bank; choose exact gate/portal/tool/material from description and art. Unspecified-family assignment is provisional.
resource_sites,site_obituaryink_last_name_lectern,Obituary-Ink Last-Name Lectern,content/resource_sites.json,Generic visit/capture/collect/guard/blocked/route gestures; no unique proximity bed,site_scenario_objective,Reuse family bank; choose exact gate/portal/tool/material from description and art. Unspecified-family assignment is provisional.
resource_sites,site_heatpriest_quench_censer,Heatpriest Quench-Censer,content/resource_sites.json,Generic visit/capture/collect/guard/blocked/route gestures; no unique proximity bed,site_scenario_objective,Reuse family bank; choose exact gate/portal/tool/material from description and art. Unspecified-family assignment is provisional.
resource_sites,site_fenhook_blind_levee_snare,Fenhook Blind-Levee Snare,content/resource_sites.json,Generic visit/capture/collect/guard/blocked/route gestures; no unique proximity bed,site_scenario_objective,Reuse family bank; choose exact gate/portal/tool/material from description and art. Unspecified-family assignment is provisional.
resource_sites,site_choirward_resonance_bastion,Choirward Resonance Bastion,content/resource_sites.json,Generic visit/capture/collect/guard/blocked/route gestures; no unique proximity bed,site_scenario_objective,Reuse family bank; choose exact gate/portal/tool/material from description and art. Unspecified-family assignment is provisional.
resource_sites,site_mirrorstep_parallax_gate,Mirrorstep Parallax Gate,content/resource_sites.json,Generic visit/capture/collect/guard/blocked/route gestures; no unique proximity bed,site_scenario_objective,Reuse family bank; choose exact gate/portal/tool/material from description and art. Unspecified-family assignment is provisional.
resource_sites,site_mossvein_memory_cairn,Mossvein Memory Cairn,content/resource_sites.json,Generic visit/capture/collect/guard/blocked/route gestures; no unique proximity bed,site_scenario_objective,Reuse family bank; choose exact gate/portal/tool/material from description and art. Unspecified-family assignment is provisional.
resource_sites,site_bramble_hound_pursuit_kennel,Bramble-Hound Pursuit Kennel,content/resource_sites.json,Generic visit/capture/collect/guard/blocked/route gestures; no unique proximity bed,site_scenario_objective,Reuse family bank; choose exact gate/portal/tool/material from description and art. Unspecified-family assignment is provisional.
resource_sites,site_rootwright_living_span,Rootwright Living Span,content/resource_sites.json,Generic visit/capture/collect/guard/blocked/route gestures; no unique proximity bed,site_scenario_objective,Reuse family bank; choose exact gate/portal/tool/material from description and art. Unspecified-family assignment is provisional.
resource_sites,site_nightchart_false_star_orrery,Nightchart False-Star Orrery,content/resource_sites.json,Generic visit/capture/collect/guard/blocked/route gestures; no unique proximity bed,site_scenario_objective,Reuse family bank; choose exact gate/portal/tool/material from description and art. Unspecified-family assignment is provisional.
resource_sites,site_tollbrand_toll_chain_standard,Tollbrand Toll-Chain Standard,content/resource_sites.json,Generic visit/capture/collect/guard/blocked/route gestures; no unique proximity bed,site_scenario_objective,Reuse family bank; choose exact gate/portal/tool/material from description and art. Unspecified-family assignment is provisional.
resource_sites,site_beaconscribe_beacon_ledger_post,Beaconscribe Beacon-Ledger Muster Post,content/resource_sites.json,Generic visit/capture/collect/guard/blocked/route gestures; no unique proximity bed,site_scenario_objective,Reuse family bank; choose exact gate/portal/tool/material from description and art. Unspecified-family assignment is provisional.
resource_sites,site_mudkeel_keel_drum_rally,Mudkeel Keel-Drum Rally,content/resource_sites.json,Generic visit/capture/collect/guard/blocked/route gestures; no unique proximity bed,site_scenario_objective,Reuse family bank; choose exact gate/portal/tool/material from description and art. Unspecified-family assignment is provisional.
resource_sites,site_rotlamp_muster_cage,Rotlamp Muster Cage,content/resource_sites.json,Generic visit/capture/collect/guard/blocked/route gestures; no unique proximity bed,site_scenario_objective,Reuse family bank; choose exact gate/portal/tool/material from description and art. Unspecified-family assignment is provisional.
resource_sites,site_sunvein_sun_thread_standard,Sunvein Sun-Thread Standard,content/resource_sites.json,Generic visit/capture/collect/guard/blocked/route gestures; no unique proximity bed,site_scenario_objective,Reuse family bank; choose exact gate/portal/tool/material from description and art. Unspecified-family assignment is provisional.
resource_sites,site_lenscaptain_range_lens_rally,Lens-Captain Range-Lens Rally,content/resource_sites.json,Generic visit/capture/collect/guard/blocked/route gestures; no unique proximity bed,site_scenario_objective,Reuse family bank; choose exact gate/portal/tool/material from description and art. Unspecified-family assignment is provisional.
resource_sites,site_loamchant_chorus_bough,Loamchant Chorus Bough,content/resource_sites.json,Generic visit/capture/collect/guard/blocked/route gestures; no unique proximity bed,site_scenario_objective,Reuse family bank; choose exact gate/portal/tool/material from description and art. Unspecified-family assignment is provisional.
resource_sites,site_thorncart_cart_crown_rally,Thorncart Cart-Crown Rally,content/resource_sites.json,Generic visit/capture/collect/guard/blocked/route gestures; no unique proximity bed,site_scenario_objective,Reuse family bank; choose exact gate/portal/tool/material from description and art. Unspecified-family assignment is provisional.
resource_sites,site_debtrune_debt_seal_gantry,Debt-Rune Debt-Seal Gantry,content/resource_sites.json,Generic visit/capture/collect/guard/blocked/route gestures; no unique proximity bed,site_scenario_objective,Reuse family bank; choose exact gate/portal/tool/material from description and art. Unspecified-family assignment is provisional.
resource_sites,site_pitmarshal_pit_bell_rally,Pit-Marshal Pit-Bell Rally,content/resource_sites.json,Generic visit/capture/collect/guard/blocked/route gestures; no unique proximity bed,site_scenario_objective,Reuse family bank; choose exact gate/portal/tool/material from description and art. Unspecified-family assignment is provisional.
resource_sites,site_mistcorsair_fog_sail_muster,Mist-Corsair Fog-Sail Muster,content/resource_sites.json,Generic visit/capture/collect/guard/blocked/route gestures; no unique proximity bed,site_scenario_objective,Reuse family bank; choose exact gate/portal/tool/material from description and art. Unspecified-family assignment is provisional.
resource_sites,site_keelwarden_keel_sounding_frame,Keel-Warden Keel-Sounding Frame,content/resource_sites.json,Generic visit/capture/collect/guard/blocked/route gestures; no unique proximity bed,site_scenario_objective,Reuse family bank; choose exact gate/portal/tool/material from description and art. Unspecified-family assignment is provisional.
resource_sites,site_cinderquill_route_kiln_desk,Cinderquill Route-Kiln Desk,content/resource_sites.json,Generic visit/capture/collect/guard/blocked/route gestures; no unique proximity bed,site_scenario_objective,Reuse family bank; choose exact gate/portal/tool/material from description and art. Unspecified-family assignment is provisional.
resource_sites,site_lockmaster_seven_lock_march_gate,Lockmaster Seven-Lock March Gate,content/resource_sites.json,Generic visit/capture/collect/guard/blocked/route gestures; no unique proximity bed,site_scenario_objective,Reuse family bank; choose exact gate/portal/tool/material from description and art. Unspecified-family assignment is provisional.
resource_sites,site_chainboom_reed_breach_drum,Chainboom Reed-Breach Drum,content/resource_sites.json,Generic visit/capture/collect/guard/blocked/route gestures; no unique proximity bed,site_scenario_objective,Reuse family bank; choose exact gate/portal/tool/material from description and art. Unspecified-family assignment is provisional.
resource_sites,site_reedscript_flood_ledger_stand,Reedscript Flood-Ledger Stand,content/resource_sites.json,Generic visit/capture/collect/guard/blocked/route gestures; no unique proximity bed,site_scenario_objective,Reuse family bank; choose exact gate/portal/tool/material from description and art. Unspecified-family assignment is provisional.
resource_sites,site_daynote_dawn_chime_array,Daynote Dawn-Chime Array,content/resource_sites.json,Generic visit/capture/collect/guard/blocked/route gestures; no unique proximity bed,site_scenario_objective,Reuse family bank; choose exact gate/portal/tool/material from description and art. Unspecified-family assignment is provisional.
resource_sites,site_glassmarshal_prism_rank_beacon,Glassmarshal Prism-Rank Beacon,content/resource_sites.json,Generic visit/capture/collect/guard/blocked/route gestures; no unique proximity bed,site_scenario_objective,Reuse family bank; choose exact gate/portal/tool/material from description and art. Unspecified-family assignment is provisional.
resource_sites,site_graftsibyl_root_omen_frame,Graft-Sibyl Root-Omen Frame,content/resource_sites.json,Generic visit/capture/collect/guard/blocked/route gestures; no unique proximity bed,site_scenario_objective,Reuse family bank; choose exact gate/portal/tool/material from description and art. Unspecified-family assignment is provisional.
resource_sites,site_seedseer_windseed_orrery,Seedseer Windseed Orrery,content/resource_sites.json,Generic visit/capture/collect/guard/blocked/route gestures; no unique proximity bed,site_scenario_objective,Reuse family bank; choose exact gate/portal/tool/material from description and art. Unspecified-family assignment is provisional.
resource_sites,site_bellfounder_road_bell_gantry,Bellfounder Road-Bell Gantry,content/resource_sites.json,Generic visit/capture/collect/guard/blocked/route gestures; no unique proximity bed,site_scenario_objective,Reuse family bank; choose exact gate/portal/tool/material from description and art. Unspecified-family assignment is provisional.
resource_sites,site_ashmeter_cinder_scale_station,Ashmeter Cinder-Scale Station,content/resource_sites.json,Generic visit/capture/collect/guard/blocked/route gestures; no unique proximity bed,site_scenario_objective,Reuse family bank; choose exact gate/portal/tool/material from description and art. Unspecified-family assignment is provisional.
resource_sites,site_vowless_blank_bell_mast,Vowless Blank-Bell Mast,content/resource_sites.json,Generic visit/capture/collect/guard/blocked/route gestures; no unique proximity bed,site_scenario_objective,Reuse family bank; choose exact gate/portal/tool/material from description and art. Unspecified-family assignment is provisional.
resource_sites,site_vanehook_crosswind_mooring,Vanehook Crosswind Mooring,content/resource_sites.json,Generic visit/capture/collect/guard/blocked/route gestures; no unique proximity bed,site_scenario_objective,Reuse family bank; choose exact gate/portal/tool/material from description and art. Unspecified-family assignment is provisional.
resource_sites,site_quench_cantilever_breach_gauge,Quench-Cantilever Breach Gauge,content/resource_sites.json,Generic visit/capture/collect/guard/blocked/route gestures; no unique proximity bed,site_scenario_objective,Reuse family bank; choose exact gate/portal/tool/material from description and art. Unspecified-family assignment is provisional.
resource_sites,site_counterweight_verdict_press,Counterweight Verdict Press,content/resource_sites.json,Generic visit/capture/collect/guard/blocked/route gestures; no unique proximity bed,site_scenario_objective,Reuse family bank; choose exact gate/portal/tool/material from description and art. Unspecified-family assignment is provisional.
resource_sites,site_blackwake_toll_tusk_standard,Blackwake Toll-Tusk Standard,content/resource_sites.json,Generic visit/capture/collect/guard/blocked/route gestures; no unique proximity bed,site_scenario_objective,Reuse family bank; choose exact gate/portal/tool/material from description and art. Unspecified-family assignment is provisional.
resource_sites,site_moonchain_raid_ledger,Moonchain Raid Ledger,content/resource_sites.json,Generic visit/capture/collect/guard/blocked/route gestures; no unique proximity bed,site_scenario_objective,Reuse family bank; choose exact gate/portal/tool/material from description and art. Unspecified-family assignment is provisional.
resource_sites,site_last_margin_eulogy_mast,Last-Margin Eulogy Mast,content/resource_sites.json,Generic visit/capture/collect/guard/blocked/route gestures; no unique proximity bed,site_scenario_objective,Reuse family bank; choose exact gate/portal/tool/material from description and art. Unspecified-family assignment is provisional.
resource_sites,site_drowned_name_archive,Drowned Name Archive,content/resource_sites.json,Generic visit/capture/collect/guard/blocked/route gestures; no unique proximity bed,site_scenario_objective,Reuse family bank; choose exact gate/portal/tool/material from description and art. Unspecified-family assignment is provisional.
resource_sites,site_crown_drum_verdict_dais,Crown-Drum Verdict Dais,content/resource_sites.json,Generic visit/capture/collect/guard/blocked/route gestures; no unique proximity bed,site_scenario_objective,Reuse family bank; choose exact gate/portal/tool/material from description and art. Unspecified-family assignment is provisional.
resource_sites,site_fenwake_undertow_beacon,Fenwake Undertow Beacon,content/resource_sites.json,Generic visit/capture/collect/guard/blocked/route gestures; no unique proximity bed,site_scenario_objective,Reuse family bank; choose exact gate/portal/tool/material from description and art. Unspecified-family assignment is provisional.
resource_sites,site_nine_ray_halo_range,Nine-Ray Halo Range,content/resource_sites.json,Generic visit/capture/collect/guard/blocked/route gestures; no unique proximity bed,site_scenario_objective,Reuse family bank; choose exact gate/portal/tool/material from description and art. Unspecified-family assignment is provisional.
resource_sites,site_meridian_shadow_dial,Meridian Shadow Dial,content/resource_sites.json,Generic visit/capture/collect/guard/blocked/route gestures; no unique proximity bed,site_scenario_objective,Reuse family bank; choose exact gate/portal/tool/material from description and art. Unspecified-family assignment is provisional.
resource_sites,site_cindervane_updraft_roost,Censerwing Updraft Roost,content/resource_sites.json,Generic visit/capture/collect/guard/blocked/route gestures; no unique proximity bed,site_neutral_dwelling,Reuse family bank; choose exact gate/portal/tool/material from description and art. Unspecified-family assignment is provisional.
resource_sites,site_fenmirror_shell_basin,Fenmirror Shell Basin,content/resource_sites.json,Generic visit/capture/collect/guard/blocked/route gestures; no unique proximity bed,site_neutral_dwelling,Reuse family bank; choose exact gate/portal/tool/material from description and art. Unspecified-family assignment is provisional.
resource_sites,site_prismwake_refraction_shelf,Prismwake Refraction Shelf,content/resource_sites.json,Generic visit/capture/collect/guard/blocked/route gestures; no unique proximity bed,site_neutral_dwelling,Reuse family bank; choose exact gate/portal/tool/material from description and art. Unspecified-family assignment is provisional.
resource_sites,site_knotstag_root_court,Knotstag Root-Court,content/resource_sites.json,Generic visit/capture/collect/guard/blocked/route gestures; no unique proximity bed,site_neutral_dwelling,Reuse family bank; choose exact gate/portal/tool/material from description and art. Unspecified-family assignment is provisional.
resource_sites,site_gaugecoil_pressure_burrow,Gaugecoil Pressure Burrow,content/resource_sites.json,Generic visit/capture/collect/guard/blocked/route gestures; no unique proximity bed,site_neutral_dwelling,Reuse family bank; choose exact gate/portal/tool/material from description and art. Unspecified-family assignment is provisional.
resource_sites,site_gloambell_sounding_deep,Gloambell Sounding Deep,content/resource_sites.json,Generic visit/capture/collect/guard/blocked/route gestures; no unique proximity bed,site_neutral_dwelling,Reuse family bank; choose exact gate/portal/tool/material from description and art. Unspecified-family assignment is provisional.
resource_sites,site_dawnwrit_grand_convocation,Dawn-Writ Column,content/resource_sites.json,Generic visit/capture/collect/guard/blocked/route gestures; no unique proximity bed,site_shrine,Reuse family bank; choose exact gate/portal/tool/material from description and art. Unspecified-family assignment is provisional.
resource_sites,site_leechmoon_grand_convocation,Leechmoon Poultice Court,content/resource_sites.json,Generic visit/capture/collect/guard/blocked/route gestures; no unique proximity bed,site_shrine,Reuse family bank; choose exact gate/portal/tool/material from description and art. Unspecified-family assignment is provisional.
resource_sites,site_aurora_halo_grand_convocation,Aurora Halo Array,content/resource_sites.json,Generic visit/capture/collect/guard/blocked/route gestures; no unique proximity bed,site_shrine,Reuse family bank; choose exact gate/portal/tool/material from description and art. Unspecified-family assignment is provisional.
resource_sites,site_loambriar_grand_convocation,Loam-Briar Graft Loom,content/resource_sites.json,Generic visit/capture/collect/guard/blocked/route gestures; no unique proximity bed,site_shrine,Reuse family bank; choose exact gate/portal/tool/material from description and art. Unspecified-family assignment is provisional.
resource_sites,site_ashrail_grand_convocation,Ash-Rail Clause Forge,content/resource_sites.json,Generic visit/capture/collect/guard/blocked/route gestures; no unique proximity bed,site_shrine,Reuse family bank; choose exact gate/portal/tool/material from description and art. Unspecified-family assignment is provisional.
resource_sites,site_mistmourning_grand_convocation,Mist-Mourning Drift Archive,content/resource_sites.json,Generic visit/capture/collect/guard/blocked/route gestures; no unique proximity bed,site_shrine,Reuse family bank; choose exact gate/portal/tool/material from description and art. Unspecified-family assignment is provisional.
resource_sites,site_cinderlock_open_charter_throne,Cinderlock Open Charter Throne,content/resource_sites.json,Generic visit/capture/collect/guard/blocked/route gestures; no unique proximity bed,site_scenario_objective,Reuse family bank; choose exact gate/portal/tool/material from description and art. Unspecified-family assignment is provisional.
resource_sites,site_murkward_antler_tribunal,Murkward Antler Tribunal,content/resource_sites.json,Generic visit/capture/collect/guard/blocked/route gestures; no unique proximity bed,site_scenario_objective,Reuse family bank; choose exact gate/portal/tool/material from description and art. Unspecified-family assignment is provisional.
resource_sites,site_dawnmirror_uncrowned_matrix,Dawnmirror Uncrowned Matrix,content/resource_sites.json,Generic visit/capture/collect/guard/blocked/route gestures; no unique proximity bed,site_scenario_objective,Reuse family bank; choose exact gate/portal/tool/material from description and art. Unspecified-family assignment is provisional.
resource_sites,site_graftroot_living_dais,Graftroot Living Dais,content/resource_sites.json,Generic visit/capture/collect/guard/blocked/route gestures; no unique proximity bed,site_scenario_objective,Reuse family bank; choose exact gate/portal/tool/material from description and art. Unspecified-family assignment is provisional.
resource_sites,site_orevein_saintless_assay_seat,Orevein Saintless Assay Seat,content/resource_sites.json,Generic visit/capture/collect/guard/blocked/route gestures; no unique proximity bed,site_scenario_objective,Reuse family bank; choose exact gate/portal/tool/material from description and art. Unspecified-family assignment is provisional.
resource_sites,site_bellwake_empty_sounding_chair,Bellwake Empty Sounding Chair,content/resource_sites.json,Generic visit/capture/collect/guard/blocked/route gestures; no unique proximity bed,site_scenario_objective,Reuse family bank; choose exact gate/portal/tool/material from description and art. Unspecified-family assignment is provisional.
buildings,building_town_hall,Town Hall,content/buildings.json,audio_placeholder_town_build,replace_audio_placeholder_town_build,Shared completion; local forge/mill/market texture only when selected and supported. No unique build sound per building.
buildings,building_muster_yard,Muster Yard,content/buildings.json,audio_placeholder_town_build,replace_audio_placeholder_town_build,Shared completion; local forge/mill/market texture only when selected and supported. No unique build sound per building.
buildings,building_watch_barracks,Watch Barracks,content/buildings.json,audio_placeholder_town_build,replace_audio_placeholder_town_build,Shared completion; local forge/mill/market texture only when selected and supported. No unique build sound per building.
buildings,building_market_square,Market Square,content/buildings.json,audio_placeholder_town_build,replace_audio_placeholder_town_build,Shared completion; local forge/mill/market texture only when selected and supported. No unique build sound per building.
buildings,building_wayfarers_hall,Wayfarers Hall,content/buildings.json,audio_placeholder_town_build,replace_audio_placeholder_town_build,Shared completion; local forge/mill/market texture only when selected and supported. No unique build sound per building.
buildings,building_bowyer_lodge,Bowyer Lodge,content/buildings.json,audio_placeholder_town_build,replace_audio_placeholder_town_build,Shared completion; local forge/mill/market texture only when selected and supported. No unique build sound per building.
buildings,building_beacon_range,Beacon Range,content/buildings.json,audio_placeholder_town_build,replace_audio_placeholder_town_build,Shared completion; local forge/mill/market texture only when selected and supported. No unique build sound per building.
buildings,building_stone_store,Stone Store,content/buildings.json,audio_placeholder_town_build,replace_audio_placeholder_town_build,Shared completion; local forge/mill/market texture only when selected and supported. No unique build sound per building.
buildings,building_lantern_archive,Lantern Archive,content/buildings.json,audio_placeholder_town_build,replace_audio_placeholder_town_build,Shared completion; local forge/mill/market texture only when selected and supported. No unique build sound per building.
buildings,building_starseer_annex,Starseer Annex,content/buildings.json,audio_placeholder_town_build,replace_audio_placeholder_town_build,Shared completion; local forge/mill/market texture only when selected and supported. No unique build sound per building.
buildings,building_river_granary_exchange,River Granary Exchange,content/buildings.json,audio_placeholder_town_build,replace_audio_placeholder_town_build,Shared completion; local forge/mill/market texture only when selected and supported. No unique build sound per building.
buildings,building_quartermasters_depot,Quartermaster Depot,content/buildings.json,audio_placeholder_town_build,replace_audio_placeholder_town_build,Shared completion; local forge/mill/market texture only when selected and supported. No unique build sound per building.
buildings,building_signal_citadel,Signal Citadel,content/buildings.json,audio_placeholder_town_build,replace_audio_placeholder_town_build,Shared completion; local forge/mill/market texture only when selected and supported. No unique build sound per building.
buildings,building_citadel_pikehall,Citadel Pikehall,content/buildings.json,audio_placeholder_town_build,replace_audio_placeholder_town_build,Shared completion; local forge/mill/market texture only when selected and supported. No unique build sound per building.
buildings,building_charter_bastion,Charter Bastion,content/buildings.json,audio_placeholder_town_build,replace_audio_placeholder_town_build,Shared completion; local forge/mill/market texture only when selected and supported. No unique build sound per building.
buildings,building_blackbranch_den,Blackbranch Den,content/buildings.json,audio_placeholder_town_build,replace_audio_placeholder_town_build,Shared completion; local forge/mill/market texture only when selected and supported. No unique build sound per building.
buildings,building_reed_warren,Reed Warren,content/buildings.json,audio_placeholder_town_build,replace_audio_placeholder_town_build,Shared completion; local forge/mill/market texture only when selected and supported. No unique build sound per building.
buildings,building_mire_pens,Mire Pens,content/buildings.json,audio_placeholder_town_build,replace_audio_placeholder_town_build,Shared completion; local forge/mill/market texture only when selected and supported. No unique build sound per building.
buildings,building_fenscale_pens,Fenscale Pens,content/buildings.json,audio_placeholder_town_build,replace_audio_placeholder_town_build,Shared completion; local forge/mill/market texture only when selected and supported. No unique build sound per building.
buildings,building_slingers_post,Slingers Post,content/buildings.json,audio_placeholder_town_build,replace_audio_placeholder_town_build,Shared completion; local forge/mill/market texture only when selected and supported. No unique build sound per building.
buildings,building_rot_warren,Rot Warren,content/buildings.json,audio_placeholder_town_build,replace_audio_placeholder_town_build,Shared completion; local forge/mill/market texture only when selected and supported. No unique build sound per building.
buildings,building_war_drum_circle,War Drum Circle,content/buildings.json,audio_placeholder_town_build,replace_audio_placeholder_town_build,Shared completion; local forge/mill/market texture only when selected and supported. No unique build sound per building.
buildings,building_smugglers_flotilla,Smugglers Flotilla,content/buildings.json,audio_placeholder_town_build,replace_audio_placeholder_town_build,Shared completion; local forge/mill/market texture only when selected and supported. No unique build sound per building.
buildings,building_floodtide_forge,Floodtide Forge,content/buildings.json,audio_placeholder_town_build,replace_audio_placeholder_town_build,Shared completion; local forge/mill/market texture only when selected and supported. No unique build sound per building.
buildings,building_gorefen_ring,Gorefen Ring,content/buildings.json,audio_placeholder_town_build,replace_audio_placeholder_town_build,Shared completion; local forge/mill/market texture only when selected and supported. No unique build sound per building.
buildings,building_nightglass_dominion,Nightglass Dominion,content/buildings.json,audio_placeholder_town_build,replace_audio_placeholder_town_build,Shared completion; local forge/mill/market texture only when selected and supported. No unique build sound per building.
buildings,building_shard_yard,Pavise Drill Yard,content/buildings.json,audio_placeholder_town_build,replace_audio_placeholder_town_build,Shared completion; local forge/mill/market texture only when selected and supported. No unique build sound per building.
buildings,building_mirror_forge,Mirror Forge,content/buildings.json,audio_placeholder_town_build,replace_audio_placeholder_town_build,Shared completion; local forge/mill/market texture only when selected and supported. No unique build sound per building.
buildings,building_prism_range,Prism Range,content/buildings.json,audio_placeholder_town_build,replace_audio_placeholder_town_build,Shared completion; local forge/mill/market texture only when selected and supported. No unique build sound per building.
buildings,building_lens_gallery,Lens Gallery,content/buildings.json,audio_placeholder_town_build,replace_audio_placeholder_town_build,Shared completion; local forge/mill/market texture only when selected and supported. No unique build sound per building.
buildings,building_duel_circle,Duel Circle,content/buildings.json,audio_placeholder_town_build,replace_audio_placeholder_town_build,Shared completion; local forge/mill/market texture only when selected and supported. No unique build sound per building.
buildings,building_resonant_exchange,Resonant Exchange,content/buildings.json,audio_placeholder_town_build,replace_audio_placeholder_town_build,Shared completion; local forge/mill/market texture only when selected and supported. No unique build sound per building.
buildings,building_harmonic_cloister,Harmonic Cloister,content/buildings.json,audio_placeholder_town_build,replace_audio_placeholder_town_build,Shared completion; local forge/mill/market texture only when selected and supported. No unique build sound per building.
buildings,building_aurora_spire,Aurora Spire,content/buildings.json,audio_placeholder_town_build,replace_audio_placeholder_town_build,Shared completion; local forge/mill/market texture only when selected and supported. No unique build sound per building.
buildings,building_daybreak_matrix,Daybreak Matrix,content/buildings.json,audio_placeholder_town_build,replace_audio_placeholder_town_build,Shared completion; local forge/mill/market texture only when selected and supported. No unique build sound per building.
buildings,building_embercourt_granary_lock_exchange,Granary Lock Exchange,content/buildings.json,audio_placeholder_town_build,replace_audio_placeholder_town_build,Shared completion; local forge/mill/market texture only when selected and supported. No unique build sound per building.
buildings,building_embercourt_tollstone_weir,Tollstone Weir,content/buildings.json,audio_placeholder_town_build,replace_audio_placeholder_town_build,Shared completion; local forge/mill/market texture only when selected and supported. No unique build sound per building.
buildings,building_embercourt_bargebow_slip,Bargebow Slip,content/buildings.json,audio_placeholder_town_build,replace_audio_placeholder_town_build,Shared completion; local forge/mill/market texture only when selected and supported. No unique build sound per building.
buildings,building_embercourt_oath_pikehall,Oath Pikehall,content/buildings.json,audio_placeholder_town_build,replace_audio_placeholder_town_build,Shared completion; local forge/mill/market texture only when selected and supported. No unique build sound per building.
buildings,building_embercourt_beacon_court,Beacon Court,content/buildings.json,audio_placeholder_town_build,replace_audio_placeholder_town_build,Shared completion; local forge/mill/market texture only when selected and supported. No unique build sound per building.
buildings,building_embercourt_drake_sluice,Drake Sluice,content/buildings.json,audio_placeholder_town_build,replace_audio_placeholder_town_build,Shared completion; local forge/mill/market texture only when selected and supported. No unique build sound per building.
buildings,building_embercourt_charter_bastion,Charter Colossus Bastion,content/buildings.json,audio_placeholder_town_build,replace_audio_placeholder_town_build,Shared completion; local forge/mill/market texture only when selected and supported. No unique build sound per building.
buildings,building_mireclaw_blackbranch_den,Blackbranch Den,content/buildings.json,audio_placeholder_town_build,replace_audio_placeholder_town_build,Shared completion; local forge/mill/market texture only when selected and supported. No unique build sound per building.
buildings,building_mireclaw_chainboom_ferry,Chainboom Ferry,content/buildings.json,audio_placeholder_town_build,replace_audio_placeholder_town_build,Shared completion; local forge/mill/market texture only when selected and supported. No unique build sound per building.
buildings,building_mireclaw_war_drum_circle,Mudglass Drum Circle,content/buildings.json,audio_placeholder_town_build,replace_audio_placeholder_town_build,Shared completion; local forge/mill/market texture only when selected and supported. No unique build sound per building.
buildings,building_mireclaw_sporewake_shrine,Sporewake Shrine,content/buildings.json,audio_placeholder_town_build,replace_audio_placeholder_town_build,Shared completion; local forge/mill/market texture only when selected and supported. No unique build sound per building.
buildings,building_mireclaw_floodtide_forge,Bogplate Floodtide Forge,content/buildings.json,audio_placeholder_town_build,replace_audio_placeholder_town_build,Shared completion; local forge/mill/market texture only when selected and supported. No unique build sound per building.
buildings,building_mireclaw_nightglass_dominion,Gorefen Nightglass Dominion,content/buildings.json,audio_placeholder_town_build,replace_audio_placeholder_town_build,Shared completion; local forge/mill/market texture only when selected and supported. No unique build sound per building.
buildings,building_mireclaw_antler_pit,Antler Pit,content/buildings.json,audio_placeholder_town_build,replace_audio_placeholder_town_build,Shared completion; local forge/mill/market texture only when selected and supported. No unique build sound per building.
buildings,building_sunvault_shard_yard,Warden Array Yard,content/buildings.json,audio_placeholder_town_build,replace_audio_placeholder_town_build,Shared completion; local forge/mill/market texture only when selected and supported. No unique build sound per building.
buildings,building_sunvault_lens_gallery,Prism Lens Gallery,content/buildings.json,audio_placeholder_town_build,replace_audio_placeholder_town_build,Shared completion; local forge/mill/market texture only when selected and supported. No unique build sound per building.
buildings,building_sunvault_mirror_forge,Duelist Mirror Forge,content/buildings.json,audio_placeholder_town_build,replace_audio_placeholder_town_build,Shared completion; local forge/mill/market texture only when selected and supported. No unique build sound per building.
buildings,building_sunvault_harmonic_cloister,Chorister Harmonic Cloister,content/buildings.json,audio_placeholder_town_build,replace_audio_placeholder_town_build,Shared completion; local forge/mill/market texture only when selected and supported. No unique build sound per building.
buildings,building_sunvault_zenith_observatory,Zenith Observatory,content/buildings.json,audio_placeholder_town_build,replace_audio_placeholder_town_build,Shared completion; local forge/mill/market texture only when selected and supported. No unique build sound per building.
buildings,building_sunvault_aurora_spire,Aurora Bastion Spire,content/buildings.json,audio_placeholder_town_build,replace_audio_placeholder_town_build,Shared completion; local forge/mill/market texture only when selected and supported. No unique build sound per building.
buildings,building_sunvault_daybreak_matrix,Daybreak Colossus Matrix,content/buildings.json,audio_placeholder_town_build,replace_audio_placeholder_town_build,Shared completion; local forge/mill/market texture only when selected and supported. No unique build sound per building.
buildings,building_thornwake_seed_vault,Seed Vault,content/buildings.json,audio_placeholder_town_build,replace_audio_placeholder_town_build,Shared completion; local forge/mill/market texture only when selected and supported. No unique build sound per building.
buildings,building_thornwake_bramble_toll,Bramble Toll,content/buildings.json,audio_placeholder_town_build,replace_audio_placeholder_town_build,Shared completion; local forge/mill/market texture only when selected and supported. No unique build sound per building.
buildings,building_thornwake_sporeglass_hothouse,Sporeglass Hothouse,content/buildings.json,audio_placeholder_town_build,replace_audio_placeholder_town_build,Shared completion; local forge/mill/market texture only when selected and supported. No unique build sound per building.
buildings,building_thornwake_barkmantle_run,Barkmantle Run,content/buildings.json,audio_placeholder_town_build,replace_audio_placeholder_town_build,Shared completion; local forge/mill/market texture only when selected and supported. No unique build sound per building.
buildings,building_thornwake_pilgrim_orchard,Pilgrim Orchard,content/buildings.json,audio_placeholder_town_build,replace_audio_placeholder_town_build,Shared completion; local forge/mill/market texture only when selected and supported. No unique build sound per building.
buildings,building_thornwake_graftworks,Graftworks,content/buildings.json,audio_placeholder_town_build,replace_audio_placeholder_town_build,Shared completion; local forge/mill/market texture only when selected and supported. No unique build sound per building.
buildings,building_thornwake_worldroot_gate,Worldroot Gate,content/buildings.json,audio_placeholder_town_build,replace_audio_placeholder_town_build,Shared completion; local forge/mill/market texture only when selected and supported. No unique build sound per building.
buildings,building_thornwake_rootroad_markers,Rootroad Markers,content/buildings.json,audio_placeholder_town_build,replace_audio_placeholder_town_build,Shared completion; local forge/mill/market texture only when selected and supported. No unique build sound per building.
buildings,building_thornwake_loam_ledger,Loam Ledger,content/buildings.json,audio_placeholder_town_build,replace_audio_placeholder_town_build,Shared completion; local forge/mill/market texture only when selected and supported. No unique build sound per building.
buildings,building_thornwake_pollen_litany,Pollen Litany,content/buildings.json,audio_placeholder_town_build,replace_audio_placeholder_town_build,Shared completion; local forge/mill/market texture only when selected and supported. No unique build sound per building.
buildings,building_thornwake_bramblewall_coppice,Bramblewall Coppice,content/buildings.json,audio_placeholder_town_build,replace_audio_placeholder_town_build,Shared completion; local forge/mill/market texture only when selected and supported. No unique build sound per building.
buildings,building_thornwake_old_grove_accord,Old Grove Accord,content/buildings.json,audio_placeholder_town_build,replace_audio_placeholder_town_build,Shared completion; local forge/mill/market texture only when selected and supported. No unique build sound per building.
buildings,building_brasshollow_ore_tithe_office,Ore Tithe Office,content/buildings.json,audio_placeholder_town_build,replace_audio_placeholder_town_build,Shared completion; local forge/mill/market texture only when selected and supported. No unique build sound per building.
buildings,building_brasshollow_rivet_kennels,Rivet Kennels,content/buildings.json,audio_placeholder_town_build,replace_audio_placeholder_town_build,Shared completion; local forge/mill/market texture only when selected and supported. No unique build sound per building.
buildings,building_brasshollow_pavis_foundry,Pavis Foundry,content/buildings.json,audio_placeholder_town_build,replace_audio_placeholder_town_build,Shared completion; local forge/mill/market texture only when selected and supported. No unique build sound per building.
buildings,building_brasshollow_boiler_cathedral,Boiler Cathedral,content/buildings.json,audio_placeholder_town_build,replace_audio_placeholder_town_build,Shared completion; local forge/mill/market texture only when selected and supported. No unique build sound per building.
buildings,building_brasshollow_pressure_rail,Pressure Rail,content/buildings.json,audio_placeholder_town_build,replace_audio_placeholder_town_build,Shared completion; local forge/mill/market texture only when selected and supported. No unique build sound per building.
buildings,building_brasshollow_crucible_dock,Crucible Dock,content/buildings.json,audio_placeholder_town_build,replace_audio_placeholder_town_build,Shared completion; local forge/mill/market texture only when selected and supported. No unique build sound per building.
buildings,building_brasshollow_titan_charter_hall,Titan Charter Hall,content/buildings.json,audio_placeholder_town_build,replace_audio_placeholder_town_build,Shared completion; local forge/mill/market texture only when selected and supported. No unique build sound per building.
buildings,building_brasshollow_scalehouse,Scalehouse,content/buildings.json,audio_placeholder_town_build,replace_audio_placeholder_town_build,Shared completion; local forge/mill/market texture only when selected and supported. No unique build sound per building.
buildings,building_brasshollow_clause_court,Clause Court,content/buildings.json,audio_placeholder_town_build,replace_audio_placeholder_town_build,Shared completion; local forge/mill/market texture only when selected and supported. No unique build sound per building.
buildings,building_brasshollow_heatwright_vestry,Heatwright Vestry,content/buildings.json,audio_placeholder_town_build,replace_audio_placeholder_town_build,Shared completion; local forge/mill/market texture only when selected and supported. No unique build sound per building.
buildings,building_brasshollow_gauge_arsenal,Gauge Arsenal,content/buildings.json,audio_placeholder_town_build,replace_audio_placeholder_town_build,Shared completion; local forge/mill/market texture only when selected and supported. No unique build sound per building.
buildings,building_brasshollow_debtworks_vault,Debtworks Vault,content/buildings.json,audio_placeholder_town_build,replace_audio_placeholder_town_build,Shared completion; local forge/mill/market texture only when selected and supported. No unique build sound per building.
buildings,building_veilmourn_bell_harbor,Bell Harbor,content/buildings.json,audio_placeholder_town_build,replace_audio_placeholder_town_build,Shared completion; local forge/mill/market texture only when selected and supported. No unique build sound per building.
buildings,building_veilmourn_ransom_exchange,Ransom Exchange,content/buildings.json,audio_placeholder_town_build,replace_audio_placeholder_town_build,Shared completion; local forge/mill/market texture only when selected and supported. No unique build sound per building.
buildings,building_veilmourn_mirror_drydock,Mirror Drydock,content/buildings.json,audio_placeholder_town_build,replace_audio_placeholder_town_build,Shared completion; local forge/mill/market texture only when selected and supported. No unique build sound per building.
buildings,building_veilmourn_harpoon_gantry,Harpoon Gantry,content/buildings.json,audio_placeholder_town_build,replace_audio_placeholder_town_build,Shared completion; local forge/mill/market texture only when selected and supported. No unique build sound per building.
buildings,building_veilmourn_obituary_vault,Obituary Vault,content/buildings.json,audio_placeholder_town_build,replace_audio_placeholder_town_build,Shared completion; local forge/mill/market texture only when selected and supported. No unique build sound per building.
buildings,building_veilmourn_mistgate_slip,Mistgate Slip,content/buildings.json,audio_placeholder_town_build,replace_audio_placeholder_town_build,Shared completion; local forge/mill/market texture only when selected and supported. No unique build sound per building.
buildings,building_veilmourn_leviathan_sounding,Leviathan Sounding,content/buildings.json,audio_placeholder_town_build,replace_audio_placeholder_town_build,Shared completion; local forge/mill/market texture only when selected and supported. No unique build sound per building.
buildings,building_veilmourn_fog_signal_buoys,Fog Signal Buoys,content/buildings.json,audio_placeholder_town_build,replace_audio_placeholder_town_build,Shared completion; local forge/mill/market texture only when selected and supported. No unique build sound per building.
buildings,building_veilmourn_salvage_ledger,Salvage Ledger,content/buildings.json,audio_placeholder_town_build,replace_audio_placeholder_town_build,Shared completion; local forge/mill/market texture only when selected and supported. No unique build sound per building.
buildings,building_veilmourn_wake_oratory,Wake Oratory,content/buildings.json,audio_placeholder_town_build,replace_audio_placeholder_town_build,Shared completion; local forge/mill/market texture only when selected and supported. No unique build sound per building.
buildings,building_veilmourn_black_sail_loft,Black-Sail Loft,content/buildings.json,audio_placeholder_town_build,replace_audio_placeholder_town_build,Shared completion; local forge/mill/market texture only when selected and supported. No unique build sound per building.
buildings,building_veilmourn_memory_anchor,Memory Anchor,content/buildings.json,audio_placeholder_town_build,replace_audio_placeholder_town_build,Shared completion; local forge/mill/market texture only when selected and supported. No unique build sound per building.
buildings,building_thornwake_rootweave_tithe,Rootweave Tithe,content/buildings.json,audio_placeholder_town_build,replace_audio_placeholder_town_build,Shared completion; local forge/mill/market texture only when selected and supported. No unique build sound per building.
buildings,building_thornwake_bramble_marshal_moot,Bramble Marshal Moot,content/buildings.json,audio_placeholder_town_build,replace_audio_placeholder_town_build,Shared completion; local forge/mill/market texture only when selected and supported. No unique build sound per building.
buildings,building_thornwake_spore_oath_chantry,Spore-Oath Chantry,content/buildings.json,audio_placeholder_town_build,replace_audio_placeholder_town_build,Shared completion; local forge/mill/market texture only when selected and supported. No unique build sound per building.
buildings,building_thornwake_thornwarden_husk_yard,Thornwarden Husk Yard,content/buildings.json,audio_placeholder_town_build,replace_audio_placeholder_town_build,Shared completion; local forge/mill/market texture only when selected and supported. No unique build sound per building.
buildings,building_thornwake_verdant_concord_seat,Verdant Concord Seat,content/buildings.json,audio_placeholder_town_build,replace_audio_placeholder_town_build,Shared completion; local forge/mill/market texture only when selected and supported. No unique build sound per building.
buildings,building_brasshollow_ledger_mint,Ledger Mint,content/buildings.json,audio_placeholder_town_build,replace_audio_placeholder_town_build,Shared completion; local forge/mill/market texture only when selected and supported. No unique build sound per building.
buildings,building_brasshollow_foreman_clausehouse,Foreman Clausehouse,content/buildings.json,audio_placeholder_town_build,replace_audio_placeholder_town_build,Shared completion; local forge/mill/market texture only when selected and supported. No unique build sound per building.
buildings,building_brasshollow_caliper_sanctum,Caliper Sanctum,content/buildings.json,audio_placeholder_town_build,replace_audio_placeholder_town_build,Shared completion; local forge/mill/market texture only when selected and supported. No unique build sound per building.
buildings,building_brasshollow_redline_assembly_yard,Redline Assembly Yard,content/buildings.json,audio_placeholder_town_build,replace_audio_placeholder_town_build,Shared completion; local forge/mill/market texture only when selected and supported. No unique build sound per building.
buildings,building_brasshollow_brassbound_directorate,Brassbound Directorate,content/buildings.json,audio_placeholder_town_build,replace_audio_placeholder_town_build,Shared completion; local forge/mill/market texture only when selected and supported. No unique build sound per building.
buildings,building_veilmourn_salt_counting_house,Salt Counting House,content/buildings.json,audio_placeholder_town_build,replace_audio_placeholder_town_build,Shared completion; local forge/mill/market texture only when selected and supported. No unique build sound per building.
buildings,building_veilmourn_mourner_pilot_guild,Mourner Pilot Guild,content/buildings.json,audio_placeholder_town_build,replace_audio_placeholder_town_build,Shared completion; local forge/mill/market texture only when selected and supported. No unique build sound per building.
buildings,building_veilmourn_tideglass_chapel,Tideglass Chapel,content/buildings.json,audio_placeholder_town_build,replace_audio_placeholder_town_build,Shared completion; local forge/mill/market texture only when selected and supported. No unique build sound per building.
buildings,building_veilmourn_drowned_map_room,Drowned Map Room,content/buildings.json,audio_placeholder_town_build,replace_audio_placeholder_town_build,Shared completion; local forge/mill/market texture only when selected and supported. No unique build sound per building.
buildings,building_veilmourn_memory_rite_court,Memory-Rite Court,content/buildings.json,audio_placeholder_town_build,replace_audio_placeholder_town_build,Shared completion; local forge/mill/market texture only when selected and supported. No unique build sound per building.
buildings,building_thornwake_root_cairn_watch,Root-Cairn Watch,content/buildings.json,audio_placeholder_town_build,replace_audio_placeholder_town_build,Shared completion; local forge/mill/market texture only when selected and supported. No unique build sound per building.
buildings,building_thornwake_sap_chandler_grove,Sap-Chandler Grove,content/buildings.json,audio_placeholder_town_build,replace_audio_placeholder_town_build,Shared completion; local forge/mill/market texture only when selected and supported. No unique build sound per building.
buildings,building_thornwake_bastion_seed_conclave,Bastion Seed Conclave,content/buildings.json,audio_placeholder_town_build,replace_audio_placeholder_town_build,Shared completion; local forge/mill/market texture only when selected and supported. No unique build sound per building.
buildings,building_thornwake_mycorrhizal_store,Mycorrhizal Store,content/buildings.json,audio_placeholder_town_build,replace_audio_placeholder_town_build,Shared completion; local forge/mill/market texture only when selected and supported. No unique build sound per building.
buildings,building_thornwake_rootlaw_moot,Rootlaw Moot,content/buildings.json,audio_placeholder_town_build,replace_audio_placeholder_town_build,Shared completion; local forge/mill/market texture only when selected and supported. No unique build sound per building.
buildings,building_brasshollow_quenchwright_bay,Quenchwright Bay,content/buildings.json,audio_placeholder_town_build,replace_audio_placeholder_town_build,Shared completion; local forge/mill/market texture only when selected and supported. No unique build sound per building.
buildings,building_brasshollow_rail_tax_office,Rail Tax Office,content/buildings.json,audio_placeholder_town_build,replace_audio_placeholder_town_build,Shared completion; local forge/mill/market texture only when selected and supported. No unique build sound per building.
buildings,building_brasshollow_warrant_engine_house,Warrant Engine House,content/buildings.json,audio_placeholder_town_build,replace_audio_placeholder_town_build,Shared completion; local forge/mill/market texture only when selected and supported. No unique build sound per building.
buildings,building_veilmourn_bell_chain_watch,Bell-Chain Watch,content/buildings.json,audio_placeholder_town_build,replace_audio_placeholder_town_build,Shared completion; local forge/mill/market texture only when selected and supported. No unique build sound per building.
buildings,building_veilmourn_saltwake_factor,Saltwake Factor,content/buildings.json,audio_placeholder_town_build,replace_audio_placeholder_town_build,Shared completion; local forge/mill/market texture only when selected and supported. No unique build sound per building.
buildings,building_veilmourn_drowned_admiralty,Drowned Admiralty,content/buildings.json,audio_placeholder_town_build,replace_audio_placeholder_town_build,Shared completion; local forge/mill/market texture only when selected and supported. No unique build sound per building.
buildings,building_embercourt_lockhouse_tally,Lockhouse Tally,content/buildings.json,audio_placeholder_town_build,replace_audio_placeholder_town_build,Shared completion; local forge/mill/market texture only when selected and supported. No unique build sound per building.
buildings,building_embercourt_beacon_writs,Beacon Writs,content/buildings.json,audio_placeholder_town_build,replace_audio_placeholder_town_build,Shared completion; local forge/mill/market texture only when selected and supported. No unique build sound per building.
buildings,building_embercourt_lantern_court,Lantern Court,content/buildings.json,audio_placeholder_town_build,replace_audio_placeholder_town_build,Shared completion; local forge/mill/market texture only when selected and supported. No unique build sound per building.
buildings,building_embercourt_relief_quay,Relief Quay,content/buildings.json,audio_placeholder_town_build,replace_audio_placeholder_town_build,Shared completion; local forge/mill/market texture only when selected and supported. No unique build sound per building.
buildings,building_embercourt_charter_flame,Charter Flame,content/buildings.json,audio_placeholder_town_build,replace_audio_placeholder_town_build,Shared completion; local forge/mill/market texture only when selected and supported. No unique build sound per building.
buildings,building_mireclaw_reed_toll,Reed Toll,content/buildings.json,audio_placeholder_town_build,replace_audio_placeholder_town_build,Shared completion; local forge/mill/market texture only when selected and supported. No unique build sound per building.
buildings,building_mireclaw_silt_watch,Silt Watch,content/buildings.json,audio_placeholder_town_build,replace_audio_placeholder_town_build,Shared completion; local forge/mill/market texture only when selected and supported. No unique build sound per building.
buildings,building_mireclaw_bog_oracle_nest,Bog Oracle Nest,content/buildings.json,audio_placeholder_town_build,replace_audio_placeholder_town_build,Shared completion; local forge/mill/market texture only when selected and supported. No unique build sound per building.
buildings,building_mireclaw_boneboom_palisade,Boneboom Palisade,content/buildings.json,audio_placeholder_town_build,replace_audio_placeholder_town_build,Shared completion; local forge/mill/market texture only when selected and supported. No unique build sound per building.
buildings,building_mireclaw_oathmire_court,Oathmire Court,content/buildings.json,audio_placeholder_town_build,replace_audio_placeholder_town_build,Shared completion; local forge/mill/market texture only when selected and supported. No unique build sound per building.
buildings,building_sunvault_lens_tithe,Lens Tithe,content/buildings.json,audio_placeholder_town_build,replace_audio_placeholder_town_build,Shared completion; local forge/mill/market texture only when selected and supported. No unique build sound per building.
buildings,building_sunvault_relay_scribes,Relay Scribes,content/buildings.json,audio_placeholder_town_build,replace_audio_placeholder_town_build,Shared completion; local forge/mill/market texture only when selected and supported. No unique build sound per building.
buildings,building_sunvault_prism_oratory,Prism Oratory,content/buildings.json,audio_placeholder_town_build,replace_audio_placeholder_town_build,Shared completion; local forge/mill/market texture only when selected and supported. No unique build sound per building.
buildings,building_sunvault_halo_battery_yard,Halo Battery Yard,content/buildings.json,audio_placeholder_town_build,replace_audio_placeholder_town_build,Shared completion; local forge/mill/market texture only when selected and supported. No unique build sound per building.
buildings,building_sunvault_zenith_court,Zenith Court,content/buildings.json,audio_placeholder_town_build,replace_audio_placeholder_town_build,Shared completion; local forge/mill/market texture only when selected and supported. No unique build sound per building.
buildings,building_embercourt_beaconline_charter_house,Beaconline Charter House,content/buildings.json,audio_placeholder_town_build,replace_audio_placeholder_town_build,Shared completion; local forge/mill/market texture only when selected and supported. No unique build sound per building.
buildings,building_mireclaw_fenbell_hunt_lodge,Fenbell Hunt Lodge,content/buildings.json,audio_placeholder_town_build,replace_audio_placeholder_town_build,Shared completion; local forge/mill/market texture only when selected and supported. No unique build sound per building.
buildings,building_sunvault_zenith_relay_hall,Zenith Relay Hall,content/buildings.json,audio_placeholder_town_build,replace_audio_placeholder_town_build,Shared completion; local forge/mill/market texture only when selected and supported. No unique build sound per building.
buildings,building_thornwake_canopy_breach_grove,Canopy Breach Grove,content/buildings.json,audio_placeholder_town_build,replace_audio_placeholder_town_build,Shared completion; local forge/mill/market texture only when selected and supported. No unique build sound per building.
buildings,building_brasshollow_redline_charter_bay,Redline Charter Bay,content/buildings.json,audio_placeholder_town_build,replace_audio_placeholder_town_build,Shared completion; local forge/mill/market texture only when selected and supported. No unique build sound per building.
buildings,building_veilmourn_wakeglass_chart_house,Wakeglass Chart House,content/buildings.json,audio_placeholder_town_build,replace_audio_placeholder_town_build,Shared completion; local forge/mill/market texture only when selected and supported. No unique build sound per building.
buildings,building_thornwake_seedglass_cantory,Seedglass Cantory,content/buildings.json,audio_placeholder_town_build,replace_audio_placeholder_town_build,Shared completion; local forge/mill/market texture only when selected and supported. No unique build sound per building.
buildings,building_brasshollow_quenchbell_mortar_bay,Quenchbell Mortar Bay,content/buildings.json,audio_placeholder_town_build,replace_audio_placeholder_town_build,Shared completion; local forge/mill/market texture only when selected and supported. No unique build sound per building.
buildings,building_veilmourn_saltwake_eulogy_house,Saltwake Eulogy House,content/buildings.json,audio_placeholder_town_build,replace_audio_placeholder_town_build,Shared completion; local forge/mill/market texture only when selected and supported. No unique build sound per building.
buildings,building_embercourt_rainwrit_stormseal_treasury,Rainwrit Stormseal Treasury,content/buildings.json,audio_placeholder_town_build,replace_audio_placeholder_town_build,Shared completion; local forge/mill/market texture only when selected and supported. No unique build sound per building.
buildings,building_mireclaw_hollowreed_moonwax_ossuary,Hollowreed Moonwax Ossuary,content/buildings.json,audio_placeholder_town_build,replace_audio_placeholder_town_build,Shared completion; local forge/mill/market texture only when selected and supported. No unique build sound per building.
buildings,building_sunvault_meridian_seven_facet_orrery,Meridian Seven-Facet Orrery,content/buildings.json,audio_placeholder_town_build,replace_audio_placeholder_town_build,Shared completion; local forge/mill/market texture only when selected and supported. No unique build sound per building.
buildings,building_thornwake_crownroot_heartseed_parliament,Crownroot Heartseed Parliament,content/buildings.json,audio_placeholder_town_build,replace_audio_placeholder_town_build,Shared completion; local forge/mill/market texture only when selected and supported. No unique build sound per building.
buildings,building_brasshollow_blackbell_grand_assay_bell,Blackbell Grand Assay Bell,content/buildings.json,audio_placeholder_town_build,replace_audio_placeholder_town_build,Shared completion; local forge/mill/market texture only when selected and supported. No unique build sound per building.
buildings,building_veilmourn_pale_sounding_last_memory_beacon,Pale Sounding Last-Memory Beacon,content/buildings.json,audio_placeholder_town_build,replace_audio_placeholder_town_build,Shared completion; local forge/mill/market texture only when selected and supported. No unique build sound per building.
buildings,building_embercourt_amberweir_sluiceguard_lock,Amberweir Sluiceguard Lock,content/buildings.json,audio_placeholder_town_build,replace_audio_placeholder_town_build,Shared completion; local forge/mill/market texture only when selected and supported. No unique build sound per building.
buildings,building_mireclaw_moonbite_votive_drum_court,Moonbite Votive Drum-Court,content/buildings.json,audio_placeholder_town_build,replace_audio_placeholder_town_build,Shared completion; local forge/mill/market texture only when selected and supported. No unique build sound per building.
buildings,building_sunvault_splitprism_parallax_duel_hall,Splitprism Parallax Duel Hall,content/buildings.json,audio_placeholder_town_build,replace_audio_placeholder_town_build,Shared completion; local forge/mill/market texture only when selected and supported. No unique build sound per building.
buildings,building_thornwake_woundroot_hearthseed_nursery,Woundroot Hearthseed Nursery,content/buildings.json,audio_placeholder_town_build,replace_audio_placeholder_town_build,Shared completion; local forge/mill/market texture only when selected and supported. No unique build sound per building.
buildings,building_brasshollow_whitegauge_datum_railhouse,Whitegauge Datum Railhouse,content/buildings.json,audio_placeholder_town_build,replace_audio_placeholder_town_build,Shared completion; local forge/mill/market texture only when selected and supported. No unique build sound per building.
buildings,building_veilmourn_dreamwake_tideglass_oratory,Dreamwake Tideglass Oratory,content/buildings.json,audio_placeholder_town_build,replace_audio_placeholder_town_build,Shared completion; local forge/mill/market texture only when selected and supported. No unique build sound per building.
buildings,building_embercourt_amberweir_counterweight_foundry,Amberweir Counterweight Foundry,content/buildings.json,audio_placeholder_town_build,replace_audio_placeholder_town_build,Shared completion; local forge/mill/market texture only when selected and supported. No unique build sound per building.
buildings,building_mireclaw_moonbite_mirehorn_chain_pen,Moonbite Mirehorn Chain-Pen,content/buildings.json,audio_placeholder_town_build,replace_audio_placeholder_town_build,Shared completion; local forge/mill/market texture only when selected and supported. No unique build sound per building.
buildings,building_sunvault_splitprism_heliograph_battery,Splitprism Heliograph Battery,content/buildings.json,audio_placeholder_town_build,replace_audio_placeholder_town_build,Shared completion; local forge/mill/market texture only when selected and supported. No unique build sound per building.
buildings,building_thornwake_woundroot_rootmaul_hollow,Woundroot Rootmaul Hollow,content/buildings.json,audio_placeholder_town_build,replace_audio_placeholder_town_build,Shared completion; local forge/mill/market texture only when selected and supported. No unique build sound per building.
buildings,building_brasshollow_whitegauge_breach_pressure_foundry,Whitegauge Breach-Pressure Foundry,content/buildings.json,audio_placeholder_town_build,replace_audio_placeholder_town_build,Shared completion; local forge/mill/market texture only when selected and supported. No unique build sound per building.
buildings,building_veilmourn_dreamwake_foganchor_slip,Dreamwake Foganchor Slip,content/buildings.json,audio_placeholder_town_build,replace_audio_placeholder_town_build,Shared completion; local forge/mill/market texture only when selected and supported. No unique build sound per building.
towns,town_riverwatch,Riverwatch Hold,content/towns.json,Faction town root/harmony/motion,music_town_embercourt;town_amb_embercourt,Share faction composition and town bed across town identities; bespoke town theme not required.
towns,town_duskfen,Duskfen Bastion,content/towns.json,Faction town root/harmony/motion,music_town_mireclaw;town_amb_mireclaw,Share faction composition and town bed across town identities; bespoke town theme not required.
towns,town_blackfen_gate,Blackfen Gate,content/towns.json,Faction town root/harmony/motion,music_town_mireclaw;town_amb_mireclaw,Share faction composition and town bed across town identities; bespoke town theme not required.
towns,town_highwater_keep,Highwater Keep,content/towns.json,Faction town root/harmony/motion,music_town_embercourt;town_amb_embercourt,Share faction composition and town bed across town identities; bespoke town theme not required.
towns,town_murkward_ford,Murkward Ford,content/towns.json,Faction town root/harmony/motion,music_town_mireclaw;town_amb_mireclaw,Share faction composition and town bed across town identities; bespoke town theme not required.
towns,town_reedbarrow_ferry,Reedbarrow Ferry,content/towns.json,Faction town root/harmony/motion,music_town_mireclaw;town_amb_mireclaw,Share faction composition and town bed across town identities; bespoke town theme not required.
towns,town_nightglass_redoubt,Nightglass Redoubt,content/towns.json,Faction town root/harmony/motion,music_town_mireclaw;town_amb_mireclaw,Share faction composition and town bed across town identities; bespoke town theme not required.
towns,town_prismhearth,Prismhearth,content/towns.json,Faction town root/harmony/motion,music_town_sunvault;town_amb_sunvault,Share faction composition and town bed across town identities; bespoke town theme not required.
towns,town_halo_spire,Halo Spire,content/towns.json,Faction town root/harmony/motion,music_town_sunvault;town_amb_sunvault,Share faction composition and town bed across town identities; bespoke town theme not required.
towns,town_thornwake_graftroot_caravan,Graftroot Caravan,content/towns.json,Faction town root/harmony/motion,music_town_thornwake;town_amb_thornwake,Share faction composition and town bed across town identities; bespoke town theme not required.
towns,town_brasshollow_orevein_gantry,Orevein Gantry,content/towns.json,Faction town root/harmony/motion,music_town_brasshollow;town_amb_brasshollow,Share faction composition and town bed across town identities; bespoke town theme not required.
towns,town_veilmourn_bellwake_harbor,Bellwake Harbor,content/towns.json,Faction town root/harmony/motion,music_town_veilmourn;town_amb_veilmourn,Share faction composition and town bed across town identities; bespoke town theme not required.
towns,town_thornwake_rootgate_nursery,Rootgate Nursery,content/towns.json,Faction town root/harmony/motion,music_town_thornwake;town_amb_thornwake,Share faction composition and town bed across town identities; bespoke town theme not required.
towns,town_brasshollow_clauseworks_depot,Clauseworks Depot,content/towns.json,Faction town root/harmony/motion,music_town_brasshollow;town_amb_brasshollow,Share faction composition and town bed across town identities; bespoke town theme not required.
towns,town_veilmourn_fogchart_mooring,Fogchart Mooring,content/towns.json,Faction town root/harmony/motion,music_town_veilmourn;town_amb_veilmourn,Share faction composition and town bed across town identities; bespoke town theme not required.
towns,town_cinderlock_bastion,Cinderlock Bastion,content/towns.json,Faction town root/harmony/motion,music_town_embercourt;town_amb_embercourt,Share faction composition and town bed across town identities; bespoke town theme not required.
towns,town_dawnmirror_observatory,Dawnmirror Observatory,content/towns.json,Faction town root/harmony/motion,music_town_sunvault;town_amb_sunvault,Share faction composition and town bed across town identities; bespoke town theme not required.
towns,town_briarwheel_enclave,Briarwheel Enclave,content/towns.json,Faction town root/harmony/motion,music_town_thornwake;town_amb_thornwake,Share faction composition and town bed across town identities; bespoke town theme not required.
towns,town_cindercoil_foundry,Cindercoil Foundry,content/towns.json,Faction town root/harmony/motion,music_town_brasshollow;town_amb_brasshollow,Share faction composition and town bed across town identities; bespoke town theme not required.
towns,town_gloamwake_anchorage,Gloamwake Anchorage,content/towns.json,Faction town root/harmony/motion,music_town_veilmourn;town_amb_veilmourn,Share faction composition and town bed across town identities; bespoke town theme not required.
towns,town_rainwrit_bastion,Rainwrit Bastion,content/towns.json,Faction town root/harmony/motion,music_town_embercourt;town_amb_embercourt,Share faction composition and town bed across town identities; bespoke town theme not required.
towns,town_hollowreed_sanctuary,Hollowreed Sanctuary,content/towns.json,Faction town root/harmony/motion,music_town_mireclaw;town_amb_mireclaw,Share faction composition and town bed across town identities; bespoke town theme not required.
towns,town_meridian_choirhold,Meridian Choirhold,content/towns.json,Faction town root/harmony/motion,music_town_sunvault;town_amb_sunvault,Share faction composition and town bed across town identities; bespoke town theme not required.
towns,town_crownroot_refuge,Crownroot Refuge,content/towns.json,Faction town root/harmony/motion,music_town_thornwake;town_amb_thornwake,Share faction composition and town bed across town identities; bespoke town theme not required.
towns,town_blackbell_foundry,Blackbell Foundry,content/towns.json,Faction town root/harmony/motion,music_town_brasshollow;town_amb_brasshollow,Share faction composition and town bed across town identities; bespoke town theme not required.
towns,town_pale_sounding_harbor,Pale Sounding Harbor,content/towns.json,Faction town root/harmony/motion,music_town_veilmourn;town_amb_veilmourn,Share faction composition and town bed across town identities; bespoke town theme not required.
towns,town_amberweir_granary,Amberweir Granary,content/towns.json,Faction town root/harmony/motion,music_town_embercourt;town_amb_embercourt,Share faction composition and town bed across town identities; bespoke town theme not required.
towns,town_moonbite_reedshrine,Moonbite Reedshrine,content/towns.json,Faction town root/harmony/motion,music_town_mireclaw;town_amb_mireclaw,Share faction composition and town bed across town identities; bespoke town theme not required.
towns,town_splitprism_duelcourt,Splitprism Duelcourt,content/towns.json,Faction town root/harmony/motion,music_town_sunvault;town_amb_sunvault,Share faction composition and town bed across town identities; bespoke town theme not required.
towns,town_woundroot_hearthgrove,Woundroot Hearthgrove,content/towns.json,Faction town root/harmony/motion,music_town_thornwake;town_amb_thornwake,Share faction composition and town bed across town identities; bespoke town theme not required.
towns,town_whitegauge_calibration_yard,Whitegauge Calibration Yard,content/towns.json,Faction town root/harmony/motion,music_town_brasshollow;town_amb_brasshollow,Share faction composition and town bed across town identities; bespoke town theme not required.
towns,town_dreamwake_oracle_harbor,Dreamwake Oracle Harbor,content/towns.json,Faction town root/harmony/motion,music_town_veilmourn;town_amb_veilmourn,Share faction composition and town bed across town identities; bespoke town theme not required.
factions,faction_embercourt,Embercourt League,content/factions.json,Three existing themes per faction,music_town_embercourt;music_overworld_embercourt;music_battle_embercourt;town_amb_embercourt,Distinct faction palette; preserve original content identity.
factions,faction_mireclaw,Mireclaw Covenant,content/factions.json,Three existing themes per faction,music_town_mireclaw;music_overworld_mireclaw;music_battle_mireclaw;town_amb_mireclaw,Distinct faction palette; preserve original content identity.
factions,faction_sunvault,Sunvault Compact,content/factions.json,Three existing themes per faction,music_town_sunvault;music_overworld_sunvault;music_battle_sunvault;town_amb_sunvault,Distinct faction palette; preserve original content identity.
factions,faction_thornwake,Thornwake Concord,content/factions.json,Three existing themes per faction,music_town_thornwake;music_overworld_thornwake;music_battle_thornwake;town_amb_thornwake,Distinct faction palette; preserve original content identity.
factions,faction_brasshollow,Brasshollow Combine,content/factions.json,Three existing themes per faction,music_town_brasshollow;music_overworld_brasshollow;music_battle_brasshollow;town_amb_brasshollow,Distinct faction palette; preserve original content identity.
factions,faction_veilmourn,Veilmourn Armada,content/factions.json,Three existing themes per faction,music_town_veilmourn;music_overworld_veilmourn;music_battle_veilmourn;town_amb_veilmourn,Distinct faction palette; preserve original content identity.
campaigns,campaign_reedfall,Lanterns Through Reedfall,content/campaigns.json,Shared menu/faction/outcome contexts,campaign_music_campaign_reedfall;stinger_campaign_chapter;stinger_campaign_complete,Campaign motif suite is optional P2. No per-chapter soundtrack or narration required; reuse relevant faction themes first.
campaigns,campaign_stonewake,Warden of Stonewake,content/campaigns.json,Shared menu/faction/outcome contexts,campaign_music_campaign_stonewake;stinger_campaign_chapter;stinger_campaign_complete,Campaign motif suite is optional P2. No per-chapter soundtrack or narration required; reuse relevant faction themes first.
campaigns,campaign_bogbound_oath,Bogbound Oath,content/campaigns.json,Shared menu/faction/outcome contexts,campaign_music_campaign_bogbound_oath;stinger_campaign_chapter;stinger_campaign_complete,Campaign motif suite is optional P2. No per-chapter soundtrack or narration required; reuse relevant faction themes first.
campaigns,campaign_shards_of_daybreak,Shards of Daybreak,content/campaigns.json,Shared menu/faction/outcome contexts,campaign_music_campaign_shards_of_daybreak;stinger_campaign_chapter;stinger_campaign_complete,Campaign motif suite is optional P2. No per-chapter soundtrack or narration required; reuse relevant faction themes first.
campaigns,campaign_ninefold_survey,Ninefold Survey Docket,content/campaigns.json,Shared menu/faction/outcome contexts,campaign_music_campaign_ninefold_survey;stinger_campaign_chapter;stinger_campaign_complete,Campaign motif suite is optional P2. No per-chapter soundtrack or narration required; reuse relevant faction themes first.
campaigns,campaign_frontier_claims,Frontier Claims,content/campaigns.json,Shared menu/faction/outcome contexts,campaign_music_campaign_frontier_claims;stinger_campaign_chapter;stinger_campaign_complete,Campaign motif suite is optional P2. No per-chapter soundtrack or narration required; reuse relevant faction themes first.
campaigns,campaign_briarwheel_covenant,Briarwheel Covenant,content/campaigns.json,Shared menu/faction/outcome contexts,campaign_music_campaign_briarwheel_covenant;stinger_campaign_chapter;stinger_campaign_complete,Campaign motif suite is optional P2. No per-chapter soundtrack or narration required; reuse relevant faction themes first.
campaigns,campaign_ashen_ledger,Ashen Ledger,content/campaigns.json,Shared menu/faction/outcome contexts,campaign_music_campaign_ashen_ledger;stinger_campaign_chapter;stinger_campaign_complete,Campaign motif suite is optional P2. No per-chapter soundtrack or narration required; reuse relevant faction themes first.
campaigns,campaign_last_bell_sounding,Last Bell Sounding,content/campaigns.json,Shared menu/faction/outcome contexts,campaign_music_campaign_last_bell_sounding;stinger_campaign_chapter;stinger_campaign_complete,Campaign motif suite is optional P2. No per-chapter soundtrack or narration required; reuse relevant faction themes first.
campaigns,campaign_sixfold_testament,The Sixfold Testament,content/campaigns.json,Shared menu/faction/outcome contexts,campaign_music_campaign_sixfold_testament;stinger_campaign_chapter;stinger_campaign_complete,Campaign motif suite is optional P2. No per-chapter soundtrack or narration required; reuse relevant faction themes first.
campaigns,campaign_horn_glass_accord,Horn and Glass Accord,content/campaigns.json,Shared menu/faction/outcome contexts,campaign_music_campaign_horn_glass_accord;stinger_campaign_chapter;stinger_campaign_complete,Campaign motif suite is optional P2. No per-chapter soundtrack or narration required; reuse relevant faction themes first.
campaigns,campaign_unbound_road_ledger,The Unbound Road Ledger,content/campaigns.json,Shared menu/faction/outcome contexts,campaign_music_campaign_unbound_road_ledger;stinger_campaign_chapter;stinger_campaign_complete,Campaign motif suite is optional P2. No per-chapter soundtrack or narration required; reuse relevant faction themes first.
campaigns,campaign_mireglass_counterpoint,Mireglass Counterpoint,content/campaigns.json,Shared menu/faction/outcome contexts,campaign_music_campaign_mireglass_counterpoint;stinger_campaign_chapter;stinger_campaign_complete,Campaign motif suite is optional P2. No per-chapter soundtrack or narration required; reuse relevant faction themes first.
campaigns,campaign_rootbound_canticles,The Rootbound Canticles,content/campaigns.json,Shared menu/faction/outcome contexts,campaign_music_campaign_rootbound_canticles;stinger_campaign_chapter;stinger_campaign_complete,Campaign motif suite is optional P2. No per-chapter soundtrack or narration required; reuse relevant faction themes first.
campaigns,campaign_fivefold_assay,The Fivefold Assay,content/campaigns.json,Shared menu/faction/outcome contexts,campaign_music_campaign_fivefold_assay;stinger_campaign_chapter;stinger_campaign_complete,Campaign motif suite is optional P2. No per-chapter soundtrack or narration required; reuse relevant faction themes first.
campaigns,campaign_wakebound_atlas,The Wakebound Atlas,content/campaigns.json,Shared menu/faction/outcome contexts,campaign_music_campaign_wakebound_atlas;stinger_campaign_chapter;stinger_campaign_complete,Campaign motif suite is optional P2. No per-chapter soundtrack or narration required; reuse relevant faction themes first.
campaigns,campaign_coalwater_ordinance,The Coalwater Ordinance,content/campaigns.json,Shared menu/faction/outcome contexts,campaign_music_campaign_coalwater_ordinance;stinger_campaign_chapter;stinger_campaign_complete,Campaign motif suite is optional P2. No per-chapter soundtrack or narration required; reuse relevant faction themes first.
campaigns,campaign_siltbound_writ,The Siltbound Writ,content/campaigns.json,Shared menu/faction/outcome contexts,campaign_music_campaign_siltbound_writ;stinger_campaign_chapter;stinger_campaign_complete,Campaign motif suite is optional P2. No per-chapter soundtrack or narration required; reuse relevant faction themes first.
campaigns,campaign_broken_meridian,The Broken Meridian,content/campaigns.json,Shared menu/faction/outcome contexts,campaign_music_campaign_broken_meridian;stinger_campaign_chapter;stinger_campaign_complete,Campaign motif suite is optional P2. No per-chapter soundtrack or narration required; reuse relevant faction themes first.
campaigns,campaign_six_roads_relay,The Six Roads Relay,content/campaigns.json,Shared menu/faction/outcome contexts,campaign_music_campaign_six_roads_relay;stinger_campaign_chapter;stinger_campaign_complete,Campaign motif suite is optional P2. No per-chapter soundtrack or narration required; reuse relevant faction themes first.
campaigns,campaign_six_unbound_oaths,The Six Unbound Oaths,content/campaigns.json,Shared menu/faction/outcome contexts,campaign_music_campaign_six_unbound_oaths;stinger_campaign_chapter;stinger_campaign_complete,Campaign motif suite is optional P2. No per-chapter soundtrack or narration required; reuse relevant faction themes first.
campaigns,campaign_charterless_compact,The Charterless Compact,content/campaigns.json,Shared menu/faction/outcome contexts,campaign_music_campaign_charterless_compact;stinger_campaign_chapter;stinger_campaign_complete,Campaign motif suite is optional P2. No per-chapter soundtrack or narration required; reuse relevant faction themes first.
campaigns,campaign_six_sealed_companies,The Six Sealed Companies,content/campaigns.json,Shared menu/faction/outcome contexts,campaign_music_campaign_six_sealed_companies;stinger_campaign_chapter;stinger_campaign_complete,Campaign motif suite is optional P2. No per-chapter soundtrack or narration required; reuse relevant faction themes first.
campaigns,campaign_wild_atlas_accord,The Wild Atlas Accord,content/campaigns.json,Shared menu/faction/outcome contexts,campaign_music_campaign_wild_atlas_accord;stinger_campaign_chapter;stinger_campaign_complete,Campaign motif suite is optional P2. No per-chapter soundtrack or narration required; reuse relevant faction themes first.
campaigns,campaign_uncrowned_circuit,The Uncrowned Circuit,content/campaigns.json,Shared menu/faction/outcome contexts,campaign_music_campaign_uncrowned_circuit;stinger_campaign_chapter;stinger_campaign_complete,Campaign motif suite is optional P2. No per-chapter soundtrack or narration required; reuse relevant faction themes first.
artifacts,artifact_trailsinger_boots,Trailsinger Boots,content/artifacts.json,Shared claim/equip/stow,replace_audio_placeholder_artifact_claim;replace_audio_placeholder_artifact_equip;replace_audio_placeholder_artifact_stow,Reuse material pickup gestures; unique musical signature per artifact not required.
artifacts,artifact_quarry_tally_rod,Quarry Tally Rod,content/artifacts.json,Shared claim/equip/stow,replace_audio_placeholder_artifact_claim;replace_audio_placeholder_artifact_equip;replace_audio_placeholder_artifact_stow,Reuse material pickup gestures; unique musical signature per artifact not required.
artifacts,artifact_warcrest_pennon,Warcrest Pennon,content/artifacts.json,Shared claim/equip/stow,replace_audio_placeholder_artifact_claim;replace_audio_placeholder_artifact_equip;replace_audio_placeholder_artifact_stow,Reuse material pickup gestures; unique musical signature per artifact not required.
artifacts,artifact_bastion_gorget,Bastion Gorget,content/artifacts.json,Shared claim/equip/stow,replace_audio_placeholder_artifact_claim;replace_audio_placeholder_artifact_equip;replace_audio_placeholder_artifact_stow,Reuse material pickup gestures; unique musical signature per artifact not required.
artifacts,artifact_waymark_compass,Waymark Compass,content/artifacts.json,Shared claim/equip/stow,replace_audio_placeholder_artifact_claim;replace_audio_placeholder_artifact_equip;replace_audio_placeholder_artifact_stow,Reuse material pickup gestures; unique musical signature per artifact not required.
artifacts,artifact_milepost_lantern,Milepost Lantern,content/artifacts.json,Shared claim/equip/stow,replace_audio_placeholder_artifact_claim;replace_audio_placeholder_artifact_equip;replace_audio_placeholder_artifact_stow,Reuse material pickup gestures; unique musical signature per artifact not required.
artifacts,artifact_tollstone_ring,Tollstone Ring,content/artifacts.json,Shared claim/equip/stow,replace_audio_placeholder_artifact_claim;replace_audio_placeholder_artifact_equip;replace_audio_placeholder_artifact_stow,Reuse material pickup gestures; unique musical signature per artifact not required.
artifacts,artifact_mudglass_beads,Mudglass Beads,content/artifacts.json,Shared claim/equip/stow,replace_audio_placeholder_artifact_claim;replace_audio_placeholder_artifact_equip;replace_audio_placeholder_artifact_stow,Reuse material pickup gestures; unique musical signature per artifact not required.
artifacts,artifact_choir_tuning_fork,Choir Tuning Fork,content/artifacts.json,Shared claim/equip/stow,replace_audio_placeholder_artifact_claim;replace_audio_placeholder_artifact_equip;replace_audio_placeholder_artifact_stow,Reuse material pickup gestures; unique musical signature per artifact not required.
artifacts,artifact_living_bridge_knot,Living Bridge Knot,content/artifacts.json,Shared claim/equip/stow,replace_audio_placeholder_artifact_claim;replace_audio_placeholder_artifact_equip;replace_audio_placeholder_artifact_stow,Reuse material pickup gestures; unique musical signature per artifact not required.
artifacts,artifact_pressure_gauge_reliquary,Pressure Gauge Reliquary,content/artifacts.json,Shared claim/equip/stow,replace_audio_placeholder_artifact_claim;replace_audio_placeholder_artifact_equip;replace_audio_placeholder_artifact_stow,Reuse material pickup gestures; unique musical signature per artifact not required.
artifacts,artifact_black_sail_compass,Black-Sail Compass,content/artifacts.json,Shared claim/equip/stow,replace_audio_placeholder_artifact_claim;replace_audio_placeholder_artifact_equip;replace_audio_placeholder_artifact_stow,Reuse material pickup gestures; unique musical signature per artifact not required.
artifacts,artifact_rainstar_sextant,Rainstar Sextant,content/artifacts.json,Shared claim/equip/stow,replace_audio_placeholder_artifact_claim;replace_audio_placeholder_artifact_equip;replace_audio_placeholder_artifact_stow,Reuse material pickup gestures; unique musical signature per artifact not required.
artifacts,artifact_asterfall_mantle,Asterfall Mantle,content/artifacts.json,Shared claim/equip/stow,replace_audio_placeholder_artifact_claim;replace_audio_placeholder_artifact_equip;replace_audio_placeholder_artifact_stow,Reuse material pickup gestures; unique musical signature per artifact not required.
artifacts,artifact_cometwake_pennon,Cometwake Pennon,content/artifacts.json,Shared claim/equip/stow,replace_audio_placeholder_artifact_claim;replace_audio_placeholder_artifact_equip;replace_audio_placeholder_artifact_stow,Reuse material pickup gestures; unique musical signature per artifact not required.
artifacts,artifact_bridgefire_standard,Bridgefire Standard,content/artifacts.json,Shared claim/equip/stow,replace_audio_placeholder_artifact_claim;replace_audio_placeholder_artifact_equip;replace_audio_placeholder_artifact_stow,Reuse material pickup gestures; unique musical signature per artifact not required.
artifacts,artifact_reedshadow_waders,Reedshadow Waders,content/artifacts.json,Shared claim/equip/stow,replace_audio_placeholder_artifact_claim;replace_audio_placeholder_artifact_equip;replace_audio_placeholder_artifact_stow,Reuse material pickup gestures; unique musical signature per artifact not required.
artifacts,artifact_prismward_mantle,Prismward Mantle,content/artifacts.json,Shared claim/equip/stow,replace_audio_placeholder_artifact_claim;replace_audio_placeholder_artifact_equip;replace_audio_placeholder_artifact_stow,Reuse material pickup gestures; unique musical signature per artifact not required.
artifacts,artifact_graftbark_cuirass,Graftbark Cuirass,content/artifacts.json,Shared claim/equip/stow,replace_audio_placeholder_artifact_claim;replace_audio_placeholder_artifact_equip;replace_audio_placeholder_artifact_stow,Reuse material pickup gestures; unique musical signature per artifact not required.
artifacts,artifact_quenchplate_vambrace,Quenchplate Vambrace,content/artifacts.json,Shared claim/equip/stow,replace_audio_placeholder_artifact_claim;replace_audio_placeholder_artifact_equip;replace_audio_placeholder_artifact_stow,Reuse material pickup gestures; unique musical signature per artifact not required.
artifacts,artifact_fogwake_deckboots,Fogwake Deckboots,content/artifacts.json,Shared claim/equip/stow,replace_audio_placeholder_artifact_claim;replace_audio_placeholder_artifact_equip;replace_audio_placeholder_artifact_stow,Reuse material pickup gestures; unique musical signature per artifact not required.
artifacts,artifact_lockflame_writ_banner,Lockflame Writ Banner,content/artifacts.json,Shared claim/equip/stow,replace_audio_placeholder_artifact_claim;replace_audio_placeholder_artifact_equip;replace_audio_placeholder_artifact_stow,Reuse material pickup gestures; unique musical signature per artifact not required.
artifacts,artifact_mirechain_hunt_totem,Mirechain Hunt Totem,content/artifacts.json,Shared claim/equip/stow,replace_audio_placeholder_artifact_claim;replace_audio_placeholder_artifact_equip;replace_audio_placeholder_artifact_stow,Reuse material pickup gestures; unique musical signature per artifact not required.
artifacts,artifact_zenith_prism_pennon,Zenith Prism Pennon,content/artifacts.json,Shared claim/equip/stow,replace_audio_placeholder_artifact_claim;replace_audio_placeholder_artifact_equip;replace_audio_placeholder_artifact_stow,Reuse material pickup gestures; unique musical signature per artifact not required.
artifacts,artifact_briarcrown_covenant_standard,Briarcrown Covenant Standard,content/artifacts.json,Shared claim/equip/stow,replace_audio_placeholder_artifact_claim;replace_audio_placeholder_artifact_equip;replace_audio_placeholder_artifact_stow,Reuse material pickup gestures; unique musical signature per artifact not required.
artifacts,artifact_redline_warrant_gonfalon,Redline Warrant Gonfalon,content/artifacts.json,Shared claim/equip/stow,replace_audio_placeholder_artifact_claim;replace_audio_placeholder_artifact_equip;replace_audio_placeholder_artifact_stow,Reuse material pickup gestures; unique musical signature per artifact not required.
artifacts,artifact_wakebell_mourning_ensign,Wakebell Mourning Ensign,content/artifacts.json,Shared claim/equip/stow,replace_audio_placeholder_artifact_claim;replace_audio_placeholder_artifact_equip;replace_audio_placeholder_artifact_stow,Reuse material pickup gestures; unique musical signature per artifact not required.
artifacts,artifact_lockward_beacon_key,Lockward Beacon Key,content/artifacts.json,Shared claim/equip/stow,replace_audio_placeholder_artifact_claim;replace_audio_placeholder_artifact_equip;replace_audio_placeholder_artifact_stow,Reuse material pickup gestures; unique musical signature per artifact not required.
artifacts,artifact_fenhound_scent_bell,Fenhound Scent Bell,content/artifacts.json,Shared claim/equip/stow,replace_audio_placeholder_artifact_claim;replace_audio_placeholder_artifact_equip;replace_audio_placeholder_artifact_stow,Reuse material pickup gestures; unique musical signature per artifact not required.
artifacts,artifact_meridian_relay_lens,Meridian Relay Lens,content/artifacts.json,Shared claim/equip/stow,replace_audio_placeholder_artifact_claim;replace_audio_placeholder_artifact_equip;replace_audio_placeholder_artifact_stow,Reuse material pickup gestures; unique musical signature per artifact not required.
artifacts,artifact_rootpath_seed_compass,Rootpath Seed Compass,content/artifacts.json,Shared claim/equip/stow,replace_audio_placeholder_artifact_claim;replace_audio_placeholder_artifact_equip;replace_audio_placeholder_artifact_stow,Reuse material pickup gestures; unique musical signature per artifact not required.
artifacts,artifact_redline_survey_dial,Redline Survey Dial,content/artifacts.json,Shared claim/equip/stow,replace_audio_placeholder_artifact_claim;replace_audio_placeholder_artifact_equip;replace_audio_placeholder_artifact_stow,Reuse material pickup gestures; unique musical signature per artifact not required.
artifacts,artifact_drowned_star_astrolabe,Drowned-Star Astrolabe,content/artifacts.json,Shared claim/equip/stow,replace_audio_placeholder_artifact_claim;replace_audio_placeholder_artifact_equip;replace_audio_placeholder_artifact_stow,Reuse material pickup gestures; unique musical signature per artifact not required.
artifacts,artifact_lockfire_assize_seal,Lockfire Assize Seal,content/artifacts.json,Shared claim/equip/stow,replace_audio_placeholder_artifact_claim;replace_audio_placeholder_artifact_equip;replace_audio_placeholder_artifact_stow,Reuse material pickup gestures; unique musical signature per artifact not required.
artifacts,artifact_miremoon_hunt_drum,Miremoon Hunt Drum,content/artifacts.json,Shared claim/equip/stow,replace_audio_placeholder_artifact_claim;replace_audio_placeholder_artifact_equip;replace_audio_placeholder_artifact_stow,Reuse material pickup gestures; unique musical signature per artifact not required.
artifacts,artifact_noonglass_orrery,Noonglass Orrery,content/artifacts.json,Shared claim/equip/stow,replace_audio_placeholder_artifact_claim;replace_audio_placeholder_artifact_equip;replace_audio_placeholder_artifact_stow,Reuse material pickup gestures; unique musical signature per artifact not required.
artifacts,artifact_worldroot_covenant_heartwood,Worldroot Covenant Heartwood,content/artifacts.json,Shared claim/equip/stow,replace_audio_placeholder_artifact_claim;replace_audio_placeholder_artifact_equip;replace_audio_placeholder_artifact_stow,Reuse material pickup gestures; unique musical signature per artifact not required.
artifacts,artifact_seventh_clause_pressure_key,Seventh-Clause Pressure Key,content/artifacts.json,Shared claim/equip/stow,replace_audio_placeholder_artifact_claim;replace_audio_placeholder_artifact_equip;replace_audio_placeholder_artifact_stow,Reuse material pickup gestures; unique musical signature per artifact not required.
artifacts,artifact_last_bell_tideglass,Last-Bell Tideglass,content/artifacts.json,Shared claim/equip/stow,replace_audio_placeholder_artifact_claim;replace_audio_placeholder_artifact_equip;replace_audio_placeholder_artifact_stow,Reuse material pickup gestures; unique musical signature per artifact not required.
artifacts,artifact_rainwrit_beacon_seal,Rainwrit Beacon Seal,content/artifacts.json,Shared claim/equip/stow,replace_audio_placeholder_artifact_claim;replace_audio_placeholder_artifact_equip;replace_audio_placeholder_artifact_stow,Reuse material pickup gestures; unique musical signature per artifact not required.
artifacts,artifact_hollowreed_moonfang_drum,Hollowreed Moonfang Drum,content/artifacts.json,Shared claim/equip/stow,replace_audio_placeholder_artifact_claim;replace_audio_placeholder_artifact_equip;replace_audio_placeholder_artifact_stow,Reuse material pickup gestures; unique musical signature per artifact not required.
artifacts,artifact_meridian_choir_prism,Meridian Choir Prism,content/artifacts.json,Shared claim/equip/stow,replace_audio_placeholder_artifact_claim;replace_audio_placeholder_artifact_equip;replace_audio_placeholder_artifact_stow,Reuse material pickup gestures; unique musical signature per artifact not required.
artifacts,artifact_crownroot_oathseed_censer,Crownroot Oathseed Censer,content/artifacts.json,Shared claim/equip/stow,replace_audio_placeholder_artifact_claim;replace_audio_placeholder_artifact_equip;replace_audio_placeholder_artifact_stow,Reuse material pickup gestures; unique musical signature per artifact not required.
artifacts,artifact_blackbell_verdict_gauge,Blackbell Verdict Gauge,content/artifacts.json,Shared claim/equip/stow,replace_audio_placeholder_artifact_claim;replace_audio_placeholder_artifact_equip;replace_audio_placeholder_artifact_stow,Reuse material pickup gestures; unique musical signature per artifact not required.
artifacts,artifact_pale_sounding_memory_bell,Pale Sounding Memory Bell,content/artifacts.json,Shared claim/equip/stow,replace_audio_placeholder_artifact_claim;replace_audio_placeholder_artifact_equip;replace_audio_placeholder_artifact_stow,Reuse material pickup gestures; unique musical signature per artifact not required.
artifacts,artifact_ashcrown_crownring,Ashcrown Crownring,content/artifacts.json,Shared claim/equip/stow,replace_audio_placeholder_artifact_claim;replace_audio_placeholder_artifact_equip;replace_audio_placeholder_artifact_stow,Reuse material pickup gestures; unique musical signature per artifact not required.
artifacts,artifact_miremoon_crown_tooth,Miremoon Crown-Tooth,content/artifacts.json,Shared claim/equip/stow,replace_audio_placeholder_artifact_claim;replace_audio_placeholder_artifact_equip;replace_audio_placeholder_artifact_stow,Reuse material pickup gestures; unique musical signature per artifact not required.
artifacts,artifact_noonshard_facet_pinion,Noonshard Facet Pinion,content/artifacts.json,Shared claim/equip/stow,replace_audio_placeholder_artifact_claim;replace_audio_placeholder_artifact_equip;replace_audio_placeholder_artifact_stow,Reuse material pickup gestures; unique musical signature per artifact not required.
artifacts,artifact_rootvault_heartgrain_mantle,Rootvault Heartgrain Mantle,content/artifacts.json,Shared claim/equip/stow,replace_audio_placeholder_artifact_claim;replace_audio_placeholder_artifact_equip;replace_audio_placeholder_artifact_stow,Reuse material pickup gestures; unique musical signature per artifact not required.
artifacts,artifact_quenchbell_red_gauge_plate,Quenchbell Red-Gauge Plate,content/artifacts.json,Shared claim/equip/stow,replace_audio_placeholder_artifact_claim;replace_audio_placeholder_artifact_equip;replace_audio_placeholder_artifact_stow,Reuse material pickup gestures; unique musical signature per artifact not required.
artifacts,artifact_saltwake_resonance_bell,Saltwake Resonance Bell,content/artifacts.json,Shared claim/equip/stow,replace_audio_placeholder_artifact_claim;replace_audio_placeholder_artifact_equip;replace_audio_placeholder_artifact_stow,Reuse material pickup gestures; unique musical signature per artifact not required.
artifacts,artifact_amberweir_lockpike_tallychain,Amberweir Lockpike Tallychain,content/artifacts.json,Shared claim/equip/stow,replace_audio_placeholder_artifact_claim;replace_audio_placeholder_artifact_equip;replace_audio_placeholder_artifact_stow,Reuse material pickup gestures; unique musical signature per artifact not required.
artifacts,artifact_moonbite_votive_drumkey,Moonbite Votive Drum-Key,content/artifacts.json,Shared claim/equip/stow,replace_audio_placeholder_artifact_claim;replace_audio_placeholder_artifact_equip;replace_audio_placeholder_artifact_stow,Reuse material pickup gestures; unique musical signature per artifact not required.
artifacts,artifact_splitprism_parallax_duelglass,Splitprism Parallax Duelglass,content/artifacts.json,Shared claim/equip/stow,replace_audio_placeholder_artifact_claim;replace_audio_placeholder_artifact_equip;replace_audio_placeholder_artifact_stow,Reuse material pickup gestures; unique musical signature per artifact not required.
artifacts,artifact_woundroot_hearthseed_slingknot,Woundroot Hearthseed Slingknot,content/artifacts.json,Shared claim/equip/stow,replace_audio_placeholder_artifact_claim;replace_audio_placeholder_artifact_equip;replace_audio_placeholder_artifact_stow,Reuse material pickup gestures; unique musical signature per artifact not required.
artifacts,artifact_whitegauge_datum_spur,Whitegauge Datum Spur,content/artifacts.json,Shared claim/equip/stow,replace_audio_placeholder_artifact_claim;replace_audio_placeholder_artifact_equip;replace_audio_placeholder_artifact_stow,Reuse material pickup gestures; unique musical signature per artifact not required.
artifacts,artifact_dreamwake_tideglass_sounding,Dreamwake Tideglass Sounding,content/artifacts.json,Shared claim/equip/stow,replace_audio_placeholder_artifact_claim;replace_audio_placeholder_artifact_equip;replace_audio_placeholder_artifact_stow,Reuse material pickup gestures; unique musical signature per artifact not required.
artifacts,artifact_blackgauge_muster_bell,Blackgauge Muster Bell,content/artifacts.json,Shared claim/equip/stow,replace_audio_placeholder_artifact_claim;replace_audio_placeholder_artifact_equip;replace_audio_placeholder_artifact_stow,Reuse material pickup gestures; unique musical signature per artifact not required.
artifacts,artifact_varn_switchrail_compass,Varn Switchrail Compass,content/artifacts.json,Shared claim/equip/stow,replace_audio_placeholder_artifact_claim;replace_audio_placeholder_artifact_equip;replace_audio_placeholder_artifact_stow,Reuse material pickup gestures; unique musical signature per artifact not required.
artifacts,artifact_valechant_star_cadence_astrolabe,Valechant Star-Cadence Astrolabe,content/artifacts.json,Shared claim/equip/stow,replace_audio_placeholder_artifact_claim;replace_audio_placeholder_artifact_equip;replace_audio_placeholder_artifact_stow,Reuse material pickup gestures; unique musical signature per artifact not required.
artifacts,artifact_ashgrove_millward_lantern,Ashgrove Millward Lantern,content/artifacts.json,Shared claim/equip/stow,replace_audio_placeholder_artifact_claim;replace_audio_placeholder_artifact_equip;replace_audio_placeholder_artifact_stow,Reuse material pickup gestures; unique musical signature per artifact not required.
artifacts,artifact_reedcaller_circle_horn,Reedcaller Circle Horn,content/artifacts.json,Shared claim/equip/stow,replace_audio_placeholder_artifact_claim;replace_audio_placeholder_artifact_equip;replace_audio_placeholder_artifact_stow,Reuse material pickup gestures; unique musical signature per artifact not required.
artifacts,artifact_muckscribe_fen_ink_reliquary,Muckscribe Fen-Ink Reliquary,content/artifacts.json,Shared claim/equip/stow,replace_audio_placeholder_artifact_claim;replace_audio_placeholder_artifact_equip;replace_audio_placeholder_artifact_stow,Reuse material pickup gestures; unique musical signature per artifact not required.
artifacts,artifact_sevenfold_reserve_prism,Sevenfold Reserve Prism,content/artifacts.json,Shared claim/equip/stow,replace_audio_placeholder_artifact_claim;replace_audio_placeholder_artifact_equip;replace_audio_placeholder_artifact_stow,Reuse material pickup gestures; unique musical signature per artifact not required.
artifacts,artifact_glasswind_sightline_fan,Glasswind Sightline Fan,content/artifacts.json,Shared claim/equip/stow,replace_audio_placeholder_artifact_claim;replace_audio_placeholder_artifact_equip;replace_audio_placeholder_artifact_stow,Reuse material pickup gestures; unique musical signature per artifact not required.
artifacts,artifact_boltroot_quiver_loom,Boltroot Quiver Loom,content/artifacts.json,Shared claim/equip/stow,replace_audio_placeholder_artifact_claim;replace_audio_placeholder_artifact_equip;replace_audio_placeholder_artifact_stow,Reuse material pickup gestures; unique musical signature per artifact not required.
artifacts,artifact_pollenglass_spore_ampoule,Pollenglass Spore Ampoule,content/artifacts.json,Shared claim/equip/stow,replace_audio_placeholder_artifact_claim;replace_audio_placeholder_artifact_equip;replace_audio_placeholder_artifact_stow,Reuse material pickup gestures; unique musical signature per artifact not required.
artifacts,artifact_oriflag_stolen_signal_pennon,Oriflag Stolen Signal Pennon,content/artifacts.json,Shared claim/equip/stow,replace_audio_placeholder_artifact_claim;replace_audio_placeholder_artifact_equip;replace_audio_placeholder_artifact_stow,Reuse material pickup gestures; unique musical signature per artifact not required.
artifacts,artifact_tidehook_memory_bosun_bell,Tidehook Memory Bosun Bell,content/artifacts.json,Shared claim/equip/stow,replace_audio_placeholder_artifact_claim;replace_audio_placeholder_artifact_equip;replace_audio_placeholder_artifact_stow,Reuse material pickup gestures; unique musical signature per artifact not required.
heroes,hero_lyra,Lyra Emberwell,content/heroes.json,Shared hire/map movement and field spell cues,replace_audio_placeholder_town_hero_hire;notice_hero_level_up,"Nonverbal shared equipment/movement. No dialogue, narration or unique voice set commissioned in this list."
heroes,hero_caelen,Caelen Ashgrove,content/heroes.json,Shared hire/map movement and field spell cues,replace_audio_placeholder_town_hero_hire;notice_hero_level_up,"Nonverbal shared equipment/movement. No dialogue, narration or unique voice set commissioned in this list."
heroes,hero_mira,Mira Flintmere,content/heroes.json,Shared hire/map movement and field spell cues,replace_audio_placeholder_town_hero_hire;notice_hero_level_up,"Nonverbal shared equipment/movement. No dialogue, narration or unique voice set commissioned in this list."
heroes,hero_seren,Seren Valechant,content/heroes.json,Shared hire/map movement and field spell cues,replace_audio_placeholder_town_hero_hire;notice_hero_level_up,"Nonverbal shared equipment/movement. No dialogue, narration or unique voice set commissioned in this list."
heroes,hero_torren,Torren Pikeward,content/heroes.json,Shared hire/map movement and field spell cues,replace_audio_placeholder_town_hero_hire;notice_hero_level_up,"Nonverbal shared equipment/movement. No dialogue, narration or unique voice set commissioned in this list."
heroes,hero_vaska,Vaska Reedmaw,content/heroes.json,Shared hire/map movement and field spell cues,replace_audio_placeholder_town_hero_hire;notice_hero_level_up,"Nonverbal shared equipment/movement. No dialogue, narration or unique voice set commissioned in this list."
heroes,hero_sable,Sable Muckscribe,content/heroes.json,Shared hire/map movement and field spell cues,replace_audio_placeholder_town_hero_hire;notice_hero_level_up,"Nonverbal shared equipment/movement. No dialogue, narration or unique voice set commissioned in this list."
heroes,hero_tarn,Tarn Fenhook,content/heroes.json,Shared hire/map movement and field spell cues,replace_audio_placeholder_town_hero_hire;notice_hero_level_up,"Nonverbal shared equipment/movement. No dialogue, narration or unique voice set commissioned in this list."
heroes,hero_orrik,Orrik Tollreaver,content/heroes.json,Shared hire/map movement and field spell cues,replace_audio_placeholder_town_hero_hire;notice_hero_level_up,"Nonverbal shared equipment/movement. No dialogue, narration or unique voice set commissioned in this list."
heroes,hero_solera,Solera Prismarch,content/heroes.json,Shared hire/map movement and field spell cues,replace_audio_placeholder_town_hero_hire;notice_hero_level_up,"Nonverbal shared equipment/movement. No dialogue, narration or unique voice set commissioned in this list."
heroes,hero_neral,Neral Glasswind,content/heroes.json,Shared hire/map movement and field spell cues,replace_audio_placeholder_town_hero_hire;notice_hero_level_up,"Nonverbal shared equipment/movement. No dialogue, narration or unique voice set commissioned in this list."
heroes,hero_varis,Varis Mirrorstep,content/heroes.json,Shared hire/map movement and field spell cues,replace_audio_placeholder_town_hero_hire;notice_hero_level_up,"Nonverbal shared equipment/movement. No dialogue, narration or unique voice set commissioned in this list."
heroes,hero_thalen,Thalen Choirward,content/heroes.json,Shared hire/map movement and field spell cues,replace_audio_placeholder_town_hero_hire;notice_hero_level_up,"Nonverbal shared equipment/movement. No dialogue, narration or unique voice set commissioned in this list."
heroes,hero_embercourt_helva_tollbrand,Helva Tollbrand,content/heroes.json,Shared hire/map movement and field spell cues,replace_audio_placeholder_town_hero_hire;notice_hero_level_up,"Nonverbal shared equipment/movement. No dialogue, narration or unique voice set commissioned in this list."
heroes,hero_embercourt_saren_lockmaster,Saren Lockmaster,content/heroes.json,Shared hire/map movement and field spell cues,replace_audio_placeholder_town_hero_hire;notice_hero_level_up,"Nonverbal shared equipment/movement. No dialogue, narration or unique voice set commissioned in this list."
heroes,hero_embercourt_orra_cinderquill,Orra Cinderquill,content/heroes.json,Shared hire/map movement and field spell cues,replace_audio_placeholder_town_hero_hire;notice_hero_level_up,"Nonverbal shared equipment/movement. No dialogue, narration or unique voice set commissioned in this list."
heroes,hero_embercourt_belis_rainledger,Belis Rainledger,content/heroes.json,Shared hire/map movement and field spell cues,replace_audio_placeholder_town_hero_hire;notice_hero_level_up,"Nonverbal shared equipment/movement. No dialogue, narration or unique voice set commissioned in this list."
heroes,hero_embercourt_jorun_beaconscribe,Jorun Beaconscribe,content/heroes.json,Shared hire/map movement and field spell cues,replace_audio_placeholder_town_hero_hire;notice_hero_level_up,"Nonverbal shared equipment/movement. No dialogue, narration or unique voice set commissioned in this list."
heroes,hero_mireclaw_kessa_chainboom,Kessa Chainboom,content/heroes.json,Shared hire/map movement and field spell cues,replace_audio_placeholder_town_hero_hire;notice_hero_level_up,"Nonverbal shared equipment/movement. No dialogue, narration or unique voice set commissioned in this list."
heroes,hero_mireclaw_brakka_mudkeel,Brakka Mudkeel,content/heroes.json,Shared hire/map movement and field spell cues,replace_audio_placeholder_town_hero_hire;notice_hero_level_up,"Nonverbal shared equipment/movement. No dialogue, narration or unique voice set commissioned in this list."
heroes,hero_mireclaw_nix_votivejaw,Nix Votivejaw,content/heroes.json,Shared hire/map movement and field spell cues,replace_audio_placeholder_town_hero_hire;notice_hero_level_up,"Nonverbal shared equipment/movement. No dialogue, narration or unique voice set commissioned in this list."
heroes,hero_mireclaw_edda_rotlamp,Edda Rotlamp,content/heroes.json,Shared hire/map movement and field spell cues,replace_audio_placeholder_town_hero_hire;notice_hero_level_up,"Nonverbal shared equipment/movement. No dialogue, narration or unique voice set commissioned in this list."
heroes,hero_mireclaw_pell_reedscript,Pell Reedscript,content/heroes.json,Shared hire/map movement and field spell cues,replace_audio_placeholder_town_hero_hire;notice_hero_level_up,"Nonverbal shared equipment/movement. No dialogue, narration or unique voice set commissioned in this list."
heroes,hero_mireclaw_zhorra_fenwake,Zhorra Fenwake,content/heroes.json,Shared hire/map movement and field spell cues,replace_audio_placeholder_town_hero_hire;notice_hero_level_up,"Nonverbal shared equipment/movement. No dialogue, narration or unique voice set commissioned in this list."
heroes,hero_sunvault_ilyr_glassmarshal,Ilyr Glassmarshal,content/heroes.json,Shared hire/map movement and field spell cues,replace_audio_placeholder_town_hero_hire;notice_hero_level_up,"Nonverbal shared equipment/movement. No dialogue, narration or unique voice set commissioned in this list."
heroes,hero_sunvault_dovan_lenscaptain,Dovan Lens-Captain,content/heroes.json,Shared hire/map movement and field spell cues,replace_audio_placeholder_town_hero_hire;notice_hero_level_up,"Nonverbal shared equipment/movement. No dialogue, narration or unique voice set commissioned in this list."
heroes,hero_sunvault_renn_facetlane,Renn Facetlane,content/heroes.json,Shared hire/map movement and field spell cues,replace_audio_placeholder_town_hero_hire;notice_hero_level_up,"Nonverbal shared equipment/movement. No dialogue, narration or unique voice set commissioned in this list."
heroes,hero_sunvault_essa_daynote,Essa Daynote,content/heroes.json,Shared hire/map movement and field spell cues,replace_audio_placeholder_town_hero_hire;notice_hero_level_up,"Nonverbal shared equipment/movement. No dialogue, narration or unique voice set commissioned in this list."
heroes,hero_sunvault_calis_sunvein,Calis Sunvein,content/heroes.json,Shared hire/map movement and field spell cues,replace_audio_placeholder_town_hero_hire;notice_hero_level_up,"Nonverbal shared equipment/movement. No dialogue, narration or unique voice set commissioned in this list."
heroes,hero_sunvault_mirro_halometer,Mirro Halometer,content/heroes.json,Shared hire/map movement and field spell cues,replace_audio_placeholder_town_hero_hire;notice_hero_level_up,"Nonverbal shared equipment/movement. No dialogue, narration or unique voice set commissioned in this list."
heroes,hero_thornwake_ardren_briarmarshal,Ardren Briar-Marshal,content/heroes.json,Shared hire/map movement and field spell cues,replace_audio_placeholder_town_hero_hire;notice_hero_level_up,"Nonverbal shared equipment/movement. No dialogue, narration or unique voice set commissioned in this list."
heroes,hero_thornwake_tova_rootwright,Tova Rootwright,content/heroes.json,Shared hire/map movement and field spell cues,replace_audio_placeholder_town_hero_hire;notice_hero_level_up,"Nonverbal shared equipment/movement. No dialogue, narration or unique voice set commissioned in this list."
heroes,hero_thornwake_halen_thorncart,Halen Thorncart,content/heroes.json,Shared hire/map movement and field spell cues,replace_audio_placeholder_town_hero_hire;notice_hero_level_up,"Nonverbal shared equipment/movement. No dialogue, narration or unique voice set commissioned in this list."
heroes,hero_thornwake_merek_greenbarrow,Merek Greenbarrow,content/heroes.json,Shared hire/map movement and field spell cues,replace_audio_placeholder_town_hero_hire;notice_hero_level_up,"Nonverbal shared equipment/movement. No dialogue, narration or unique voice set commissioned in this list."
heroes,hero_thornwake_silsa_bramblehound,Silsa Bramble-Hound,content/heroes.json,Shared hire/map movement and field spell cues,replace_audio_placeholder_town_hero_hire;notice_hero_level_up,"Nonverbal shared equipment/movement. No dialogue, narration or unique voice set commissioned in this list."
heroes,hero_thornwake_veyra_seedseer,Veyra Seedseer,content/heroes.json,Shared hire/map movement and field spell cues,replace_audio_placeholder_town_hero_hire;notice_hero_level_up,"Nonverbal shared equipment/movement. No dialogue, narration or unique voice set commissioned in this list."
heroes,hero_thornwake_osmund_pollenglass,Osmund Pollenglass,content/heroes.json,Shared hire/map movement and field spell cues,replace_audio_placeholder_town_hero_hire;notice_hero_level_up,"Nonverbal shared equipment/movement. No dialogue, narration or unique voice set commissioned in this list."
heroes,hero_thornwake_elian_loamchant,Elian Loamchant,content/heroes.json,Shared hire/map movement and field spell cues,replace_audio_placeholder_town_hero_hire;notice_hero_level_up,"Nonverbal shared equipment/movement. No dialogue, narration or unique voice set commissioned in this list."
heroes,hero_thornwake_ralka_mossvein,Ralka Mossvein,content/heroes.json,Shared hire/map movement and field spell cues,replace_audio_placeholder_town_hero_hire;notice_hero_level_up,"Nonverbal shared equipment/movement. No dialogue, narration or unique voice set commissioned in this list."
heroes,hero_thornwake_nara_graftsibyl,Nara Graft-Sibyl,content/heroes.json,Shared hire/map movement and field spell cues,replace_audio_placeholder_town_hero_hire;notice_hero_level_up,"Nonverbal shared equipment/movement. No dialogue, narration or unique voice set commissioned in this list."
heroes,hero_brasshollow_marka_ironclause,Marka Ironclause,content/heroes.json,Shared hire/map movement and field spell cues,replace_audio_placeholder_town_hero_hire;notice_hero_level_up,"Nonverbal shared equipment/movement. No dialogue, narration or unique voice set commissioned in this list."
heroes,hero_brasshollow_oren_bellfounder,Oren Bellfounder,content/heroes.json,Shared hire/map movement and field spell cues,replace_audio_placeholder_town_hero_hire;notice_hero_level_up,"Nonverbal shared equipment/movement. No dialogue, narration or unique voice set commissioned in this list."
heroes,hero_brasshollow_kuld_varn,Kuld Varn,content/heroes.json,Shared hire/map movement and field spell cues,replace_audio_placeholder_town_hero_hire;notice_hero_level_up,"Nonverbal shared equipment/movement. No dialogue, narration or unique voice set commissioned in this list."
heroes,hero_brasshollow_selka_pitmarshal,Selka Pitmarshal,content/heroes.json,Shared hire/map movement and field spell cues,replace_audio_placeholder_town_hero_hire;notice_hero_level_up,"Nonverbal shared equipment/movement. No dialogue, narration or unique voice set commissioned in this list."
heroes,hero_brasshollow_daxis_chaincaptain,Daxis Chain-Captain,content/heroes.json,Shared hire/map movement and field spell cues,replace_audio_placeholder_town_hero_hire;notice_hero_level_up,"Nonverbal shared equipment/movement. No dialogue, narration or unique voice set commissioned in this list."
heroes,hero_brasshollow_vellum_quench,Vellum Quench,content/heroes.json,Shared hire/map movement and field spell cues,replace_audio_placeholder_town_hero_hire;notice_hero_level_up,"Nonverbal shared equipment/movement. No dialogue, narration or unique voice set commissioned in this list."
heroes,hero_brasshollow_odrik_heatpriest,Odrik Heatpriest,content/heroes.json,Shared hire/map movement and field spell cues,replace_audio_placeholder_town_hero_hire;notice_hero_level_up,"Nonverbal shared equipment/movement. No dialogue, narration or unique voice set commissioned in this list."
heroes,hero_brasshollow_lina_gaugesavant,Lina Gauge-Savant,content/heroes.json,Shared hire/map movement and field spell cues,replace_audio_placeholder_town_hero_hire;notice_hero_level_up,"Nonverbal shared equipment/movement. No dialogue, narration or unique voice set commissioned in this list."
heroes,hero_brasshollow_harro_debtrune,Harro Debt-Rune,content/heroes.json,Shared hire/map movement and field spell cues,replace_audio_placeholder_town_hero_hire;notice_hero_level_up,"Nonverbal shared equipment/movement. No dialogue, narration or unique voice set commissioned in this list."
heroes,hero_brasshollow_pava_ashmeter,Pava Ashmeter,content/heroes.json,Shared hire/map movement and field spell cues,replace_audio_placeholder_town_hero_hire;notice_hero_level_up,"Nonverbal shared equipment/movement. No dialogue, narration or unique voice set commissioned in this list."
heroes,hero_veilmourn_ivara_blacktide,Ivara Blacktide,content/heroes.json,Shared hire/map movement and field spell cues,replace_audio_placeholder_town_hero_hire;notice_hero_level_up,"Nonverbal shared equipment/movement. No dialogue, narration or unique voice set commissioned in this list."
heroes,hero_veilmourn_ruln_vanehook,Ruln Vanehook,content/heroes.json,Shared hire/map movement and field spell cues,replace_audio_placeholder_town_hero_hire;notice_hero_level_up,"Nonverbal shared equipment/movement. No dialogue, narration or unique voice set commissioned in this list."
heroes,hero_veilmourn_cela_mistcorsair,Cela Mist-Corsair,content/heroes.json,Shared hire/map movement and field spell cues,replace_audio_placeholder_town_hero_hire;notice_hero_level_up,"Nonverbal shared equipment/movement. No dialogue, narration or unique voice set commissioned in this list."
heroes,hero_veilmourn_damar_oriflag,Damar Oriflag,content/heroes.json,Shared hire/map movement and field spell cues,replace_audio_placeholder_town_hero_hire;notice_hero_level_up,"Nonverbal shared equipment/movement. No dialogue, narration or unique voice set commissioned in this list."
heroes,hero_veilmourn_jessa_keelwarden,Jessa Keelwarden,content/heroes.json,Shared hire/map movement and field spell cues,replace_audio_placeholder_town_hero_hire;notice_hero_level_up,"Nonverbal shared equipment/movement. No dialogue, narration or unique voice set commissioned in this list."
heroes,hero_veilmourn_morwen_wakeoracle,Morwen Wakeoracle,content/heroes.json,Shared hire/map movement and field spell cues,replace_audio_placeholder_town_hero_hire;notice_hero_level_up,"Nonverbal shared equipment/movement. No dialogue, narration or unique voice set commissioned in this list."
heroes,hero_veilmourn_thir_obituaryink,Thir Obituary-Ink,content/heroes.json,Shared hire/map movement and field spell cues,replace_audio_placeholder_town_hero_hire;notice_hero_level_up,"Nonverbal shared equipment/movement. No dialogue, narration or unique voice set commissioned in this list."
heroes,hero_veilmourn_sael_mirrorbell,Sael Mirrorbell,content/heroes.json,Shared hire/map movement and field spell cues,replace_audio_placeholder_town_hero_hire;notice_hero_level_up,"Nonverbal shared equipment/movement. No dialogue, narration or unique voice set commissioned in this list."
heroes,hero_veilmourn_nacre_vowless,Nacre Vowless,content/heroes.json,Shared hire/map movement and field spell cues,replace_audio_placeholder_town_hero_hire;notice_hero_level_up,"Nonverbal shared equipment/movement. No dialogue, narration or unique voice set commissioned in this list."
heroes,hero_veilmourn_orso_nightchart,Orso Nightchart,content/heroes.json,Shared hire/map movement and field spell cues,replace_audio_placeholder_town_hero_hire;notice_hero_level_up,"Nonverbal shared equipment/movement. No dialogue, narration or unique voice set commissioned in this list."
heroes,hero_embercourt_maela_powderwrit,Maela Powderwrit,content/heroes.json,Shared hire/map movement and field spell cues,replace_audio_placeholder_town_hero_hire;notice_hero_level_up,"Nonverbal shared equipment/movement. No dialogue, narration or unique voice set commissioned in this list."
heroes,hero_mireclaw_rhask_reedcaller,Rhask Reedcaller,content/heroes.json,Shared hire/map movement and field spell cues,replace_audio_placeholder_town_hero_hire;notice_hero_level_up,"Nonverbal shared equipment/movement. No dialogue, narration or unique voice set commissioned in this list."
heroes,hero_sunvault_aven_sevenfold,Aven Sevenfold,content/heroes.json,Shared hire/map movement and field spell cues,replace_audio_placeholder_town_hero_hire;notice_hero_level_up,"Nonverbal shared equipment/movement. No dialogue, narration or unique voice set commissioned in this list."
heroes,hero_thornwake_bryn_boltroot,Bryn Boltroot,content/heroes.json,Shared hire/map movement and field spell cues,replace_audio_placeholder_town_hero_hire;notice_hero_level_up,"Nonverbal shared equipment/movement. No dialogue, narration or unique voice set commissioned in this list."
heroes,hero_brasshollow_kestra_blackgauge,Kestra Blackgauge,content/heroes.json,Shared hire/map movement and field spell cues,replace_audio_placeholder_town_hero_hire;notice_hero_level_up,"Nonverbal shared equipment/movement. No dialogue, narration or unique voice set commissioned in this list."
heroes,hero_veilmourn_olan_tidehook,Olan Tidehook,content/heroes.json,Shared hire/map movement and field spell cues,replace_audio_placeholder_town_hero_hire;notice_hero_level_up,"Nonverbal shared equipment/movement. No dialogue, narration or unique voice set commissioned in this list."
resources,gold,Gold,content/resources.json,Shared resource_tick/collect,resource_gold,Material identity bank; coalesce bulk transactions.
resources,wood,Wood,content/resources.json,Shared resource_tick/collect,resource_wood,Material identity bank; coalesce bulk transactions.
resources,ore,Ore,content/resources.json,Shared resource_tick/collect,resource_ore,Material identity bank; coalesce bulk transactions.
resources,aetherglass,Aetherglass,content/resources.json,Shared resource_tick/collect,resource_aetherglass,Material identity bank; coalesce bulk transactions.
resources,embergrain,Embergrain,content/resources.json,Shared resource_tick/collect,resource_embergrain,Material identity bank; coalesce bulk transactions.
resources,peatwax,Peatwax,content/resources.json,Shared resource_tick/collect,resource_peatwax,Material identity bank; coalesce bulk transactions.
resources,verdant_grafts,Verdant grafts,content/resources.json,Shared resource_tick/collect,resource_verdant_grafts,Material identity bank; coalesce bulk transactions.
resources,brass_scrip,Brass scrip,content/resources.json,Shared resource_tick/collect,resource_brass_scrip,Material identity bank; coalesce bulk transactions.
resources,memory_salt,Memory salt,content/resources.json,Shared resource_tick/collect,resource_memory_salt,Material identity bank; coalesce bulk transactions.
biomes,biome_grasslands,Grasslands,content/biomes.json,Terrain-ID ambience; terrain IDs can span multiple biomes,biome_music_biome_grasslands;ambient_grass,"Biome music optional P2; Deep Forest presently shares grass, Mire/Fen authored biome maps to dirt. Check actual runtime terrain and level before adding a new ambience selector."
biomes,biome_deep_forest,Deep Forest,content/biomes.json,Terrain-ID ambience; terrain IDs can span multiple biomes,biome_music_biome_deep_forest;ambient_grass,"Biome music optional P2; Deep Forest presently shares grass, Mire/Fen authored biome maps to dirt. Check actual runtime terrain and level before adding a new ambience selector."
biomes,biome_mire_fen,Mire / Fen,content/biomes.json,Terrain-ID ambience; terrain IDs can span multiple biomes,biome_music_biome_mire_fen;ambient_dirt,"Biome music optional P2; Deep Forest presently shares grass, Mire/Fen authored biome maps to dirt. Check actual runtime terrain and level before adding a new ambience selector."
biomes,biome_highland_ridge,Rough Uplands,content/biomes.json,Terrain-ID ambience; terrain IDs can span multiple biomes,biome_music_biome_highland_ridge;ambient_rough,"Biome music optional P2; Deep Forest presently shares grass, Mire/Fen authored biome maps to dirt. Check actual runtime terrain and level before adding a new ambience selector."
biomes,biome_rough_badlands,Rough Badlands,content/biomes.json,Terrain-ID ambience; terrain IDs can span multiple biomes,biome_music_biome_rough_badlands;ambient_dirt;ambient_sand,"Biome music optional P2; Deep Forest presently shares grass, Mire/Fen authored biome maps to dirt. Check actual runtime terrain and level before adding a new ambience selector."
biomes,biome_ash_lava_wastes,Ash / Lava Wastes,content/biomes.json,Terrain-ID ambience; terrain IDs can span multiple biomes,biome_music_biome_ash_lava_wastes;ambient_lava,"Biome music optional P2; Deep Forest presently shares grass, Mire/Fen authored biome maps to dirt. Check actual runtime terrain and level before adding a new ambience selector."
biomes,biome_coast_archipelago,Coast / Archipelago,content/biomes.json,Terrain-ID ambience; terrain IDs can span multiple biomes,biome_music_biome_coast_archipelago;ambient_water,"Biome music optional P2; Deep Forest presently shares grass, Mire/Fen authored biome maps to dirt. Check actual runtime terrain and level before adding a new ambience selector."
biomes,biome_subterranean_underways,Subterranean / Underways,content/biomes.json,Terrain-ID ambience; terrain IDs can span multiple biomes,biome_music_biome_subterranean_underways;ambient_underground,"Biome music optional P2; Deep Forest presently shares grass, Mire/Fen authored biome maps to dirt. Check actual runtime terrain and level before adding a new ambience selector."
biomes,biome_snow_frost_marches,Snow / Frost Marches,content/biomes.json,Terrain-ID ambience; terrain IDs can span multiple biomes,biome_music_biome_snow_frost_marches;ambient_snow,"Biome music optional P2; Deep Forest presently shares grass, Mire/Fen authored biome maps to dirt. Check actual runtime terrain and level before adding a new ambience selector."
scenarios,river-pass,River Pass,content/scenarios.json,Player-faction adventure/battle and terminal outcome music; shared site/action audio,music_overworld_embercourt;music_battle_embercourt;music_outcome_victory;music_outcome_defeat;notice_objective_update;notice_objective_complete,"Reuse faction, terrain, object and outcome banks. No unique track per map, RMG seed, size or level; authored catalog coverage is not a completed-match certification."
scenarios,causeway-stand,Causeway Stand,content/scenarios.json,Player-faction adventure/battle and terminal outcome music; shared site/action audio,music_overworld_embercourt;music_battle_embercourt;music_outcome_victory;music_outcome_defeat;notice_objective_update;notice_objective_complete,"Reuse faction, terrain, object and outcome banks. No unique track per map, RMG seed, size or level; authored catalog coverage is not a completed-match certification."
scenarios,fen-crown,Fen Crown,content/scenarios.json,Player-faction adventure/battle and terminal outcome music; shared site/action audio,music_overworld_embercourt;music_battle_embercourt;music_outcome_victory;music_outcome_defeat;notice_objective_update;notice_objective_complete,"Reuse faction, terrain, object and outcome banks. No unique track per map, RMG seed, size or level; authored catalog coverage is not a completed-match certification."
scenarios,stonewake-watch,Stonewake Watch,content/scenarios.json,Player-faction adventure/battle and terminal outcome music; shared site/action audio,music_overworld_embercourt;music_battle_embercourt;music_outcome_victory;music_outcome_defeat;notice_objective_update;notice_objective_complete,"Reuse faction, terrain, object and outcome banks. No unique track per map, RMG seed, size or level; authored catalog coverage is not a completed-match certification."
scenarios,reedbarrow-ferry,Reedbarrow Ferry,content/scenarios.json,Player-faction adventure/battle and terminal outcome music; shared site/action audio,music_overworld_embercourt;music_battle_embercourt;music_outcome_victory;music_outcome_defeat;notice_objective_update;notice_objective_complete,"Reuse faction, terrain, object and outcome banks. No unique track per map, RMG seed, size or level; authored catalog coverage is not a completed-match certification."
scenarios,nightglass-redoubt,Nightglass Redoubt,content/scenarios.json,Player-faction adventure/battle and terminal outcome music; shared site/action audio,music_overworld_embercourt;music_battle_embercourt;music_outcome_victory;music_outcome_defeat;notice_objective_update;notice_objective_complete,"Reuse faction, terrain, object and outcome banks. No unique track per map, RMG seed, size or level; authored catalog coverage is not a completed-match certification."
scenarios,bogbound-oath,Bogbound Oath,content/scenarios.json,Player-faction adventure/battle and terminal outcome music; shared site/action audio,music_overworld_mireclaw;music_battle_mireclaw;music_outcome_victory;music_outcome_defeat;notice_objective_update;notice_objective_complete,"Reuse faction, terrain, object and outcome banks. No unique track per map, RMG seed, size or level; authored catalog coverage is not a completed-match certification."
scenarios,charter-pyre,Charter Pyre,content/scenarios.json,Player-faction adventure/battle and terminal outcome music; shared site/action audio,music_overworld_mireclaw;music_battle_mireclaw;music_outcome_victory;music_outcome_defeat;notice_objective_update;notice_objective_complete,"Reuse faction, terrain, object and outcome banks. No unique track per map, RMG seed, size or level; authored catalog coverage is not a completed-match certification."
scenarios,lockmarsh-surge,Lockmarsh Surge,content/scenarios.json,Player-faction adventure/battle and terminal outcome music; shared site/action audio,music_overworld_mireclaw;music_battle_mireclaw;music_outcome_victory;music_outcome_defeat;notice_objective_update;notice_objective_complete,"Reuse faction, terrain, object and outcome banks. No unique track per map, RMG seed, size or level; authored catalog coverage is not a completed-match certification."
scenarios,ironbridge-stand,Ironbridge Stand,content/scenarios.json,Player-faction adventure/battle and terminal outcome music; shared site/action audio,music_overworld_embercourt;music_battle_embercourt;music_outcome_victory;music_outcome_defeat;notice_objective_update;notice_objective_complete,"Reuse faction, terrain, object and outcome banks. No unique track per map, RMG seed, size or level; authored catalog coverage is not a completed-match certification."
scenarios,prismhearth-watch,Prismhearth Watch,content/scenarios.json,Player-faction adventure/battle and terminal outcome music; shared site/action audio,music_overworld_sunvault;music_battle_sunvault;music_outcome_victory;music_outcome_defeat;notice_objective_update;notice_objective_complete,"Reuse faction, terrain, object and outcome banks. No unique track per map, RMG seed, size or level; authored catalog coverage is not a completed-match certification."
scenarios,glassroad-sundering,Glassroad Sundering,content/scenarios.json,Player-faction adventure/battle and terminal outcome music; shared site/action audio,music_overworld_sunvault;music_battle_sunvault;music_outcome_victory;music_outcome_defeat;notice_objective_update;notice_objective_complete,"Reuse faction, terrain, object and outcome banks. No unique track per map, RMG seed, size or level; authored catalog coverage is not a completed-match certification."
scenarios,daybreak-spire,Daybreak Spire,content/scenarios.json,Player-faction adventure/battle and terminal outcome music; shared site/action audio,music_overworld_sunvault;music_battle_sunvault;music_outcome_victory;music_outcome_defeat;notice_objective_update;notice_objective_complete,"Reuse faction, terrain, object and outcome banks. No unique track per map, RMG seed, size or level; authored catalog coverage is not a completed-match certification."
scenarios,glassfen-breakers,Glassfen Breakers,content/scenarios.json,Player-faction adventure/battle and terminal outcome music; shared site/action audio,music_overworld_embercourt;music_battle_embercourt;music_outcome_victory;music_outcome_defeat;notice_objective_update;notice_objective_complete,"Reuse faction, terrain, object and outcome banks. No unique track per map, RMG seed, size or level; authored catalog coverage is not a completed-match certification."
scenarios,mireford-skirmish,Rootbound Mireford,content/scenarios.json,Player-faction adventure/battle and terminal outcome music; shared site/action audio,music_overworld_thornwake;music_battle_thornwake;music_outcome_victory;music_outcome_defeat;notice_objective_update;notice_objective_complete,"Reuse faction, terrain, object and outcome banks. No unique track per map, RMG seed, size or level; authored catalog coverage is not a completed-match certification."
scenarios,orevein-contract,Orevein Contract,content/scenarios.json,Player-faction adventure/battle and terminal outcome music; shared site/action audio,music_overworld_brasshollow;music_battle_brasshollow;music_outcome_victory;music_outcome_defeat;notice_objective_update;notice_objective_complete,"Reuse faction, terrain, object and outcome banks. No unique track per map, RMG seed, size or level; authored catalog coverage is not a completed-match certification."
scenarios,bellwake-wreck-claim,Bellwake Wreck Claim,content/scenarios.json,Player-faction adventure/battle and terminal outcome music; shared site/action audio,music_overworld_veilmourn;music_battle_veilmourn;music_outcome_victory;music_outcome_defeat;notice_objective_update;notice_objective_complete,"Reuse faction, terrain, object and outcome banks. No unique track per map, RMG seed, size or level; authored catalog coverage is not a completed-match certification."
scenarios,ninefold-confluence,Ninefold Confluence,content/scenarios.json,Player-faction adventure/battle and terminal outcome music; shared site/action audio,music_overworld_embercourt;music_battle_embercourt;music_outcome_victory;music_outcome_defeat;notice_objective_update;notice_objective_complete,"Reuse faction, terrain, object and outcome banks. No unique track per map, RMG seed, size or level; authored catalog coverage is not a completed-match certification."
scenarios,rootgate-toll,Rootgate Toll,content/scenarios.json,Player-faction adventure/battle and terminal outcome music; shared site/action audio,music_overworld_thornwake;music_battle_thornwake;music_outcome_victory;music_outcome_defeat;notice_objective_update;notice_objective_complete,"Reuse faction, terrain, object and outcome banks. No unique track per map, RMG seed, size or level; authored catalog coverage is not a completed-match certification."
scenarios,fogchart-mooring,Fogchart Mooring,content/scenarios.json,Player-faction adventure/battle and terminal outcome music; shared site/action audio,music_overworld_veilmourn;music_battle_veilmourn;music_outcome_victory;music_outcome_defeat;notice_objective_update;notice_objective_complete,"Reuse faction, terrain, object and outcome banks. No unique track per map, RMG seed, size or level; authored catalog coverage is not a completed-match certification."
scenarios,clauseworks-counterclaim,Clauseworks Counterclaim,content/scenarios.json,Player-faction adventure/battle and terminal outcome music; shared site/action audio,music_overworld_brasshollow;music_battle_brasshollow;music_outcome_victory;music_outcome_defeat;notice_objective_update;notice_objective_complete,"Reuse faction, terrain, object and outcome banks. No unique track per map, RMG seed, size or level; authored catalog coverage is not a completed-match certification."
scenarios,nightglass-ledger-reversal,Nightglass Ledger Reversal,content/scenarios.json,Player-faction adventure/battle and terminal outcome music; shared site/action audio,music_overworld_mireclaw;music_battle_mireclaw;music_outcome_victory;music_outcome_defeat;notice_objective_update;notice_objective_complete,"Reuse faction, terrain, object and outcome banks. No unique track per map, RMG seed, size or level; authored catalog coverage is not a completed-match certification."
scenarios,halo-reserve-refraction-claim,Halo Reserve Refraction Claim,content/scenarios.json,Player-faction adventure/battle and terminal outcome music; shared site/action audio,music_overworld_sunvault;music_battle_sunvault;music_outcome_victory;music_outcome_defeat;notice_objective_update;notice_objective_complete,"Reuse faction, terrain, object and outcome banks. No unique track per map, RMG seed, size or level; authored catalog coverage is not a completed-match certification."
scenarios,charter-bastion-counterseal,Charter Bastion Counterseal,content/scenarios.json,Player-faction adventure/battle and terminal outcome music; shared site/action audio,music_overworld_embercourt;music_battle_embercourt;music_outcome_victory;music_outcome_defeat;notice_objective_update;notice_objective_complete,"Reuse faction, terrain, object and outcome banks. No unique track per map, RMG seed, size or level; authored catalog coverage is not a completed-match certification."
scenarios,tollglass-relief-run,Tollglass Relief Run,content/scenarios.json,Player-faction adventure/battle and terminal outcome music; shared site/action audio,music_overworld_embercourt;music_battle_embercourt;music_outcome_victory;music_outcome_defeat;notice_objective_update;notice_objective_complete,"Reuse faction, terrain, object and outcome banks. No unique track per map, RMG seed, size or level; authored catalog coverage is not a completed-match certification."
scenarios,muckscript-reliquary-hunt,Muckscript Reliquary Hunt,content/scenarios.json,Player-faction adventure/battle and terminal outcome music; shared site/action audio,music_overworld_mireclaw;music_battle_mireclaw;music_outcome_victory;music_outcome_defeat;notice_objective_update;notice_objective_complete,"Reuse faction, terrain, object and outcome banks. No unique track per map, RMG seed, size or level; authored catalog coverage is not a completed-match certification."
scenarios,mirrorstep-gauge-race,Mirrorstep Gauge Race,content/scenarios.json,Player-faction adventure/battle and terminal outcome music; shared site/action audio,music_overworld_sunvault;music_battle_sunvault;music_outcome_victory;music_outcome_defeat;notice_objective_update;notice_objective_complete,"Reuse faction, terrain, object and outcome banks. No unique track per map, RMG seed, size or level; authored catalog coverage is not a completed-match certification."
scenarios,briarmarshal-fen-cordon,Briarmarshal Fen Cordon,content/scenarios.json,Player-faction adventure/battle and terminal outcome music; shared site/action audio,music_overworld_thornwake;music_battle_thornwake;music_outcome_victory;music_outcome_defeat;notice_objective_update;notice_objective_complete,"Reuse faction, terrain, object and outcome banks. No unique track per map, RMG seed, size or level; authored catalog coverage is not a completed-match certification."
scenarios,railhead-charter-seizure,Railhead Charter Seizure,content/scenarios.json,Player-faction adventure/battle and terminal outcome music; shared site/action audio,music_overworld_brasshollow;music_battle_brasshollow;music_outcome_victory;music_outcome_defeat;notice_objective_update;notice_objective_complete,"Reuse faction, terrain, object and outcome banks. No unique track per map, RMG seed, size or level; authored catalog coverage is not a completed-match certification."
scenarios,mistcorsair-graftwake-raid,Mistcorsair Graftwake Raid,content/scenarios.json,Player-faction adventure/battle and terminal outcome music; shared site/action audio,music_overworld_veilmourn;music_battle_veilmourn;music_outcome_victory;music_outcome_defeat;notice_objective_update;notice_objective_complete,"Reuse faction, terrain, object and outcome banks. No unique track per map, RMG seed, size or level; authored catalog coverage is not a completed-match certification."
scenarios,pitmarshal-peat-chain-seizure,Pitmarshal Peat-Chain Seizure,content/scenarios.json,Player-faction adventure/battle and terminal outcome music; shared site/action audio,music_overworld_brasshollow;music_battle_brasshollow;music_outcome_victory;music_outcome_defeat;notice_objective_update;notice_objective_complete,"Reuse faction, terrain, object and outcome banks. No unique track per map, RMG seed, size or level; authored catalog coverage is not a completed-match certification."
scenarios,chaincaptain-meridian-impound,Chaincaptain Meridian Impound,content/scenarios.json,Player-faction adventure/battle and terminal outcome music; shared site/action audio,music_overworld_brasshollow;music_battle_brasshollow;music_outcome_victory;music_outcome_defeat;notice_objective_update;notice_objective_complete,"Reuse faction, terrain, object and outcome banks. No unique track per map, RMG seed, size or level; authored catalog coverage is not a completed-match certification."
scenarios,thorncart-furnace-break,Thorncart Furnace Break,content/scenarios.json,Player-faction adventure/battle and terminal outcome music; shared site/action audio,music_overworld_thornwake;music_battle_thornwake;music_outcome_victory;music_outcome_defeat;notice_objective_update;notice_objective_complete,"Reuse faction, terrain, object and outcome banks. No unique track per map, RMG seed, size or level; authored catalog coverage is not a completed-match certification."
scenarios,seedseer-drowned-orchard,Seedseer Drowned Orchard,content/scenarios.json,Player-faction adventure/battle and terminal outcome music; shared site/action audio,music_overworld_thornwake;music_battle_thornwake;music_outcome_victory;music_outcome_defeat;notice_objective_update;notice_objective_complete,"Reuse faction, terrain, object and outcome banks. No unique track per map, RMG seed, size or level; authored catalog coverage is not a completed-match certification."
scenarios,keelwarden-lockfire-run,Keelwarden Lockfire Run,content/scenarios.json,Player-faction adventure/battle and terminal outcome music; shared site/action audio,music_overworld_veilmourn;music_battle_veilmourn;music_outcome_victory;music_outcome_defeat;notice_objective_update;notice_objective_complete,"Reuse faction, terrain, object and outcome banks. No unique track per map, RMG seed, size or level; authored catalog coverage is not a completed-match certification."
scenarios,wakeoracle-rootwake-vigil,Wakeoracle Rootwake Vigil,content/scenarios.json,Player-faction adventure/battle and terminal outcome music; shared site/action audio,music_overworld_veilmourn;music_battle_veilmourn;music_outcome_victory;music_outcome_defeat;notice_objective_update;notice_objective_complete,"Reuse faction, terrain, object and outcome banks. No unique track per map, RMG seed, size or level; authored catalog coverage is not a completed-match certification."
scenarios,mudkeel-hive-foreclosure,Mudkeel Hive Foreclosure,content/scenarios.json,Player-faction adventure/battle and terminal outcome music; shared site/action audio,music_overworld_mireclaw;music_battle_mireclaw;music_outcome_victory;music_outcome_defeat;notice_objective_update;notice_objective_complete,"Reuse faction, terrain, object and outcome banks. No unique track per map, RMG seed, size or level; authored catalog coverage is not a completed-match certification."
scenarios,votivejaw-reedflame-vigil,Votivejaw Reedflame Vigil,content/scenarios.json,Player-faction adventure/battle and terminal outcome music; shared site/action audio,music_overworld_mireclaw;music_battle_mireclaw;music_outcome_victory;music_outcome_defeat;notice_objective_update;notice_objective_complete,"Reuse faction, terrain, object and outcome banks. No unique track per map, RMG seed, size or level; authored catalog coverage is not a completed-match certification."
scenarios,glassmarshal-ossuary-battery,Glassmarshal Ossuary Battery,content/scenarios.json,Player-faction adventure/battle and terminal outcome music; shared site/action audio,music_overworld_sunvault;music_battle_sunvault;music_outcome_victory;music_outcome_defeat;notice_objective_update;notice_objective_complete,"Reuse faction, terrain, object and outcome banks. No unique track per map, RMG seed, size or level; authored catalog coverage is not a completed-match certification."
scenarios,lenscaptain-greenline-survey,Lens-Captain Greenline Survey,content/scenarios.json,Player-faction adventure/battle and terminal outcome music; shared site/action audio,music_overworld_sunvault;music_battle_sunvault;music_outcome_victory;music_outcome_defeat;notice_objective_update;notice_objective_complete,"Reuse faction, terrain, object and outcome banks. No unique track per map, RMG seed, size or level; authored catalog coverage is not a completed-match certification."
scenarios,tollbrand-blackwake-levy,Tollbrand Blackwake Levy,content/scenarios.json,Player-faction adventure/battle and terminal outcome music; shared site/action audio,music_overworld_embercourt;music_battle_embercourt;music_outcome_victory;music_outcome_defeat;notice_objective_update;notice_objective_complete,"Reuse faction, terrain, object and outcome banks. No unique track per map, RMG seed, size or level; authored catalog coverage is not a completed-match certification."
scenarios,fenhook-daybreak-hunt,Fenhook Daybreak Hunt,content/scenarios.json,Player-faction adventure/battle and terminal outcome music; shared site/action audio,music_overworld_mireclaw;music_battle_mireclaw;music_outcome_victory;music_outcome_defeat;notice_objective_update;notice_objective_complete,"Reuse faction, terrain, object and outcome banks. No unique track per map, RMG seed, size or level; authored catalog coverage is not a completed-match certification."
scenarios,choirward-foundry-eclipse,Choirward Foundry Eclipse,content/scenarios.json,Player-faction adventure/battle and terminal outcome music; shared site/action audio,music_overworld_sunvault;music_battle_sunvault;music_outcome_victory;music_outcome_defeat;notice_objective_update;notice_objective_complete,"Reuse faction, terrain, object and outcome banks. No unique track per map, RMG seed, size or level; authored catalog coverage is not a completed-match certification."
scenarios,greenbarrow-cinder-writ,Greenbarrow Cinder Writ,content/scenarios.json,Player-faction adventure/battle and terminal outcome music; shared site/action audio,music_overworld_thornwake;music_battle_thornwake;music_outcome_victory;music_outcome_defeat;notice_objective_update;notice_objective_complete,"Reuse faction, terrain, object and outcome banks. No unique track per map, RMG seed, size or level; authored catalog coverage is not a completed-match certification."
scenarios,quench-gorefen-audit,Quench Gorefen Audit,content/scenarios.json,Player-faction adventure/battle and terminal outcome music; shared site/action audio,music_overworld_brasshollow;music_battle_brasshollow;music_outcome_victory;music_outcome_defeat;notice_objective_update;notice_objective_complete,"Reuse faction, terrain, object and outcome banks. No unique track per map, RMG seed, size or level; authored catalog coverage is not a completed-match certification."
scenarios,oriflag-worldroot-wake,Oriflag Worldroot Wake,content/scenarios.json,Player-faction adventure/battle and terminal outcome music; shared site/action audio,music_overworld_veilmourn;music_battle_veilmourn;music_outcome_victory;music_outcome_defeat;notice_objective_update;notice_objective_complete,"Reuse faction, terrain, object and outcome banks. No unique track per map, RMG seed, size or level; authored catalog coverage is not a completed-match certification."
scenarios,lockmaster-cinder-kiln,Lockmaster Cinder Kiln,content/scenarios.json,Player-faction adventure/battle and terminal outcome music; shared site/action audio,music_overworld_embercourt;music_battle_embercourt;music_outcome_victory;music_outcome_defeat;notice_objective_update;notice_objective_complete,"Reuse faction, terrain, object and outcome banks. No unique track per map, RMG seed, size or level; authored catalog coverage is not a completed-match certification."
scenarios,tollreaver-roadward-lodge,Tollreaver Roadward Lodge,content/scenarios.json,Player-faction adventure/battle and terminal outcome music; shared site/action audio,music_overworld_mireclaw;music_battle_mireclaw;music_outcome_victory;music_outcome_defeat;notice_objective_update;notice_objective_complete,"Reuse faction, terrain, object and outcome banks. No unique track per map, RMG seed, size or level; authored catalog coverage is not a completed-match certification."
scenarios,facetlane-cliffhawk-roost,Facetlane Cliffhawk Roost,content/scenarios.json,Player-faction adventure/battle and terminal outcome music; shared site/action audio,music_overworld_sunvault;music_battle_sunvault;music_outcome_victory;music_outcome_defeat;notice_objective_update;notice_objective_complete,"Reuse faction, terrain, object and outcome banks. No unique track per map, RMG seed, size or level; authored catalog coverage is not a completed-match certification."
scenarios,pollenglass-greenbranch-copse,Pollenglass Greenbranch Copse,content/scenarios.json,Player-faction adventure/battle and terminal outcome music; shared site/action audio,music_overworld_thornwake;music_battle_thornwake;music_outcome_victory;music_outcome_defeat;notice_objective_update;notice_objective_complete,"Reuse faction, terrain, object and outcome banks. No unique track per map, RMG seed, size or level; authored catalog coverage is not a completed-match certification."
scenarios,heatpriest-obsidian-scar,Heatpriest Obsidian Scar,content/scenarios.json,Player-faction adventure/battle and terminal outcome music; shared site/action audio,music_overworld_brasshollow;music_battle_brasshollow;music_outcome_victory;music_outcome_defeat;notice_objective_update;notice_objective_complete,"Reuse faction, terrain, object and outcome banks. No unique track per map, RMG seed, size or level; authored catalog coverage is not a completed-match certification."
scenarios,obituaryink-frostwharf-house,Obituary-Ink Frostwharf House,content/scenarios.json,Player-faction adventure/battle and terminal outcome music; shared site/action audio,music_overworld_veilmourn;music_battle_veilmourn;music_outcome_victory;music_outcome_defeat;notice_objective_update;notice_objective_complete,"Reuse faction, terrain, object and outcome banks. No unique track per map, RMG seed, size or level; authored catalog coverage is not a completed-match certification."
scenarios,cinderquill-fenhound-lexicon,Cinderquill Fenhound Lexicon,content/scenarios.json,Player-faction adventure/battle and terminal outcome music; shared site/action audio,music_overworld_embercourt;music_battle_embercourt;music_outcome_victory;music_outcome_defeat;notice_objective_update;notice_objective_complete,"Reuse faction, terrain, object and outcome banks. No unique track per map, RMG seed, size or level; authored catalog coverage is not a completed-match certification."
scenarios,rotlamp-glowcap-refrain,Rotlamp Glowcap Refrain,content/scenarios.json,Player-faction adventure/battle and terminal outcome music; shared site/action audio,music_overworld_mireclaw;music_battle_mireclaw;music_outcome_victory;music_outcome_defeat;notice_objective_update;notice_objective_complete,"Reuse faction, terrain, object and outcome banks. No unique track per map, RMG seed, size or level; authored catalog coverage is not a completed-match certification."
scenarios,daynote-kite-signal-accord,Daynote Kite-Signal Accord,content/scenarios.json,Player-faction adventure/battle and terminal outcome music; shared site/action audio,music_overworld_sunvault;music_battle_sunvault;music_outcome_victory;music_outcome_defeat;notice_objective_update;notice_objective_complete,"Reuse faction, terrain, object and outcome banks. No unique track per map, RMG seed, size or level; authored catalog coverage is not a completed-match certification."
scenarios,loamchant-orchard-binding,Loamchant Orchard Binding,content/scenarios.json,Player-faction adventure/battle and terminal outcome music; shared site/action audio,music_overworld_thornwake;music_battle_thornwake;music_outcome_victory;music_outcome_defeat;notice_objective_update;notice_objective_complete,"Reuse faction, terrain, object and outcome banks. No unique track per map, RMG seed, size or level; authored catalog coverage is not a completed-match certification."
scenarios,gaugesavant-milestone-calibration,Gauge-Savant Milestone Calibration,content/scenarios.json,Player-faction adventure/battle and terminal outcome music; shared site/action audio,music_overworld_brasshollow;music_battle_brasshollow;music_outcome_victory;music_outcome_defeat;notice_objective_update;notice_objective_complete,"Reuse faction, terrain, object and outcome banks. No unique track per map, RMG seed, size or level; authored catalog coverage is not a completed-match certification."
scenarios,mirrorbell-harbor-echo,Mirrorbell Harbor Echo,content/scenarios.json,Player-faction adventure/battle and terminal outcome music; shared site/action audio,music_overworld_veilmourn;music_battle_veilmourn;music_outcome_victory;music_outcome_defeat;notice_objective_update;notice_objective_complete,"Reuse faction, terrain, object and outcome banks. No unique track per map, RMG seed, size or level; authored catalog coverage is not a completed-match certification."
scenarios,beaconscribe-frostbeacon-circuit,Beaconscribe Frostbeacon Circuit,content/scenarios.json,Player-faction adventure/battle and terminal outcome music; shared site/action audio,music_overworld_embercourt;music_battle_embercourt;music_outcome_victory;music_outcome_defeat;notice_objective_update;notice_objective_complete,"Reuse faction, terrain, object and outcome banks. No unique track per map, RMG seed, size or level; authored catalog coverage is not a completed-match certification."
scenarios,reedscript-reedbarge-circuit,Reedscript Reedbarge Circuit,content/scenarios.json,Player-faction adventure/battle and terminal outcome music; shared site/action audio,music_overworld_mireclaw;music_battle_mireclaw;music_outcome_victory;music_outcome_defeat;notice_objective_update;notice_objective_complete,"Reuse faction, terrain, object and outcome banks. No unique track per map, RMG seed, size or level; authored catalog coverage is not a completed-match certification."
scenarios,sunvein-crystal-sump-circuit,Sunvein Crystal Sump Circuit,content/scenarios.json,Player-faction adventure/battle and terminal outcome music; shared site/action audio,music_overworld_sunvault;music_battle_sunvault;music_outcome_victory;music_outcome_defeat;notice_objective_update;notice_objective_complete,"Reuse faction, terrain, object and outcome banks. No unique track per map, RMG seed, size or level; authored catalog coverage is not a completed-match certification."
scenarios,mossvein-switchback-circuit,Mossvein Switchback Circuit,content/scenarios.json,Player-faction adventure/battle and terminal outcome music; shared site/action audio,music_overworld_thornwake;music_battle_thornwake;music_outcome_victory;music_outcome_defeat;notice_objective_update;notice_objective_complete,"Reuse faction, terrain, object and outcome banks. No unique track per map, RMG seed, size or level; authored catalog coverage is not a completed-match certification."
scenarios,ashmeter-dustjack-circuit,Ashmeter Dustjack Circuit,content/scenarios.json,Player-faction adventure/battle and terminal outcome music; shared site/action audio,music_overworld_brasshollow;music_battle_brasshollow;music_outcome_victory;music_outcome_defeat;notice_objective_update;notice_objective_complete,"Reuse faction, terrain, object and outcome banks. No unique track per map, RMG seed, size or level; authored catalog coverage is not a completed-match certification."
scenarios,vowless-saltpan-circuit,Vowless Saltpan Circuit,content/scenarios.json,Player-faction adventure/battle and terminal outcome music; shared site/action audio,music_overworld_veilmourn;music_battle_veilmourn;music_outcome_victory;music_outcome_defeat;notice_objective_update;notice_objective_complete,"Reuse faction, terrain, object and outcome banks. No unique track per map, RMG seed, size or level; authored catalog coverage is not a completed-match certification."
scenarios,rainledger-cinder-convergence,Rainledger Cinder Census,content/scenarios.json,Player-faction adventure/battle and terminal outcome music; shared site/action audio,music_overworld_embercourt;music_battle_embercourt;music_outcome_victory;music_outcome_defeat;notice_objective_update;notice_objective_complete,"Reuse faction, terrain, object and outcome banks. No unique track per map, RMG seed, size or level; authored catalog coverage is not a completed-match certification."
scenarios,fenwake-bogbell-convergence,Fenwake Bogbell Cadence,content/scenarios.json,Player-faction adventure/battle and terminal outcome music; shared site/action audio,music_overworld_mireclaw;music_battle_mireclaw;music_outcome_victory;music_outcome_defeat;notice_objective_update;notice_objective_complete,"Reuse faction, terrain, object and outcome banks. No unique track per map, RMG seed, size or level; authored catalog coverage is not a completed-match certification."
scenarios,halometer-icehook-convergence,Halometer Icehook Meridian,content/scenarios.json,Player-faction adventure/battle and terminal outcome music; shared site/action audio,music_overworld_sunvault;music_battle_sunvault;music_outcome_victory;music_outcome_defeat;notice_objective_update;notice_objective_complete,"Reuse faction, terrain, object and outcome banks. No unique track per map, RMG seed, size or level; authored catalog coverage is not a completed-match certification."
scenarios,graftsibyl-lantern-convergence,Graft-Sibyl Lantern Root,content/scenarios.json,Player-faction adventure/battle and terminal outcome music; shared site/action audio,music_overworld_thornwake;music_battle_thornwake;music_outcome_victory;music_outcome_defeat;notice_objective_update;notice_objective_complete,"Reuse faction, terrain, object and outcome banks. No unique track per map, RMG seed, size or level; authored catalog coverage is not a completed-match certification."
scenarios,debtrune-default-convergence,Debt-Rune Default March,content/scenarios.json,Player-faction adventure/battle and terminal outcome music; shared site/action audio,music_overworld_brasshollow;music_battle_brasshollow;music_outcome_victory;music_outcome_defeat;notice_objective_update;notice_objective_complete,"Reuse faction, terrain, object and outcome banks. No unique track per map, RMG seed, size or level; authored catalog coverage is not a completed-match certification."
scenarios,nightchart-meridian-convergence,Nightchart False Meridian,content/scenarios.json,Player-faction adventure/battle and terminal outcome music; shared site/action audio,music_overworld_veilmourn;music_battle_veilmourn;music_outcome_victory;music_outcome_defeat;notice_objective_update;notice_objective_complete,"Reuse faction, terrain, object and outcome banks. No unique track per map, RMG seed, size or level; authored catalog coverage is not a completed-match certification."
scenarios,writbound-crossroads,Writbound Crossroads,content/scenarios.json,Player-faction adventure/battle and terminal outcome music; shared site/action audio,music_overworld_embercourt;music_battle_embercourt;music_outcome_victory;music_outcome_defeat;notice_objective_update;notice_objective_complete,"Reuse faction, terrain, object and outcome banks. No unique track per map, RMG seed, size or level; authored catalog coverage is not a completed-match certification."
scenarios,six-gate-charter-road,Six-Gate Charter Road,content/scenarios.json,Player-faction adventure/battle and terminal outcome music; shared site/action audio,music_overworld_embercourt;music_battle_embercourt;music_outcome_victory;music_outcome_defeat;notice_objective_update;notice_objective_complete,"Reuse faction, terrain, object and outcome banks. No unique track per map, RMG seed, size or level; authored catalog coverage is not a completed-match certification."
scenarios,accordfall-fourteen-marks,Accordfall Fourteen Marks,content/scenarios.json,Player-faction adventure/battle and terminal outcome music; shared site/action audio,music_overworld_embercourt;music_battle_embercourt;music_outcome_victory;music_outcome_defeat;notice_objective_update;notice_objective_complete,"Reuse faction, terrain, object and outcome banks. No unique track per map, RMG seed, size or level; authored catalog coverage is not a completed-match certification."
scenarios,eightfold-reliquary-march,Eightfold Reliquary March,content/scenarios.json,Player-faction adventure/battle and terminal outcome music; shared site/action audio,music_overworld_brasshollow;music_battle_brasshollow;music_outcome_victory;music_outcome_defeat;notice_objective_update;notice_objective_complete,"Reuse faction, terrain, object and outcome banks. No unique track per map, RMG seed, size or level; authored catalog coverage is not a completed-match certification."
scenarios,third-hearths-confluence,Third Hearths Confluence,content/scenarios.json,Player-faction adventure/battle and terminal outcome music; shared site/action audio,music_overworld_embercourt;music_battle_embercourt;music_outcome_victory;music_outcome_defeat;notice_objective_update;notice_objective_complete,"Reuse faction, terrain, object and outcome banks. No unique track per map, RMG seed, size or level; authored catalog coverage is not a completed-match certification."
scenarios,three-hearth-auxiliary-charter,Three-Hearth Auxiliary Charter,content/scenarios.json,Player-faction adventure/battle and terminal outcome music; shared site/action audio,music_overworld_embercourt;music_battle_embercourt;music_outcome_victory;music_outcome_defeat;notice_objective_update;notice_objective_complete,"Reuse faction, terrain, object and outcome banks. No unique track per map, RMG seed, size or level; authored catalog coverage is not a completed-match certification."
scenarios,three-banner-field-commission,Three-Banner Field Commission,content/scenarios.json,Player-faction adventure/battle and terminal outcome music; shared site/action audio,music_overworld_sunvault;music_battle_sunvault;music_outcome_victory;music_outcome_defeat;notice_objective_update;notice_objective_complete,"Reuse faction, terrain, object and outcome banks. No unique track per map, RMG seed, size or level; authored catalog coverage is not a completed-match certification."
scenarios,veil-coast-sounding-circuit,Veil-Coast Sounding Circuit,content/scenarios.json,Player-faction adventure/battle and terminal outcome music; shared site/action audio,music_overworld_veilmourn;music_battle_veilmourn;music_outcome_victory;music_outcome_defeat;notice_objective_update;notice_objective_complete,"Reuse faction, terrain, object and outcome banks. No unique track per map, RMG seed, size or level; authored catalog coverage is not a completed-match certification."
scenarios,briarwheel-reclamation,Briarwheel Reclamation,content/scenarios.json,Player-faction adventure/battle and terminal outcome music; shared site/action audio,music_overworld_thornwake;music_battle_thornwake;music_outcome_victory;music_outcome_defeat;notice_objective_update;notice_objective_complete,"Reuse faction, terrain, object and outcome banks. No unique track per map, RMG seed, size or level; authored catalog coverage is not a completed-match certification."
scenarios,rootway-graftmarch,Rootway Graftmarch,content/scenarios.json,Player-faction adventure/battle and terminal outcome music; shared site/action audio,music_overworld_thornwake;music_battle_thornwake;music_outcome_victory;music_outcome_defeat;notice_objective_update;notice_objective_complete,"Reuse faction, terrain, object and outcome banks. No unique track per map, RMG seed, size or level; authored catalog coverage is not a completed-match certification."
scenarios,worldroot-crown-covenant,Worldroot Crown Covenant,content/scenarios.json,Player-faction adventure/battle and terminal outcome music; shared site/action audio,music_overworld_thornwake;music_battle_thornwake;music_outcome_victory;music_outcome_defeat;notice_objective_update;notice_objective_complete,"Reuse faction, terrain, object and outcome banks. No unique track per map, RMG seed, size or level; authored catalog coverage is not a completed-match certification."
scenarios,cindercoil-reclamation,Cindercoil Reclamation,content/scenarios.json,Player-faction adventure/battle and terminal outcome music; shared site/action audio,music_overworld_brasshollow;music_battle_brasshollow;music_outcome_victory;music_outcome_defeat;notice_objective_update;notice_objective_complete,"Reuse faction, terrain, object and outcome banks. No unique track per map, RMG seed, size or level; authored catalog coverage is not a completed-match certification."
scenarios,ashen-clausemarch,The Ashen Clausemarch,content/scenarios.json,Player-faction adventure/battle and terminal outcome music; shared site/action audio,music_overworld_brasshollow;music_battle_brasshollow;music_outcome_victory;music_outcome_defeat;notice_objective_update;notice_objective_complete,"Reuse faction, terrain, object and outcome banks. No unique track per map, RMG seed, size or level; authored catalog coverage is not a completed-match certification."
scenarios,furnace-reckoning,Furnace Reckoning,content/scenarios.json,Player-faction adventure/battle and terminal outcome music; shared site/action audio,music_overworld_brasshollow;music_battle_brasshollow;music_outcome_victory;music_outcome_defeat;notice_objective_update;notice_objective_complete,"Reuse faction, terrain, object and outcome banks. No unique track per map, RMG seed, size or level; authored catalog coverage is not a completed-match certification."
scenarios,gloamwake-recall,Gloamwake Recall,content/scenarios.json,Player-faction adventure/battle and terminal outcome music; shared site/action audio,music_overworld_veilmourn;music_battle_veilmourn;music_outcome_victory;music_outcome_defeat;notice_objective_update;notice_objective_complete,"Reuse faction, terrain, object and outcome banks. No unique track per map, RMG seed, size or level; authored catalog coverage is not a completed-match certification."
scenarios,false-channel-pursuit,False Channel Pursuit,content/scenarios.json,Player-faction adventure/battle and terminal outcome music; shared site/action audio,music_overworld_veilmourn;music_battle_veilmourn;music_outcome_victory;music_outcome_defeat;notice_objective_update;notice_objective_complete,"Reuse faction, terrain, object and outcome banks. No unique track per map, RMG seed, size or level; authored catalog coverage is not a completed-match certification."
scenarios,three-harbors-sounding,Three Harbors Sounding,content/scenarios.json,Player-faction adventure/battle and terminal outcome music; shared site/action audio,music_overworld_veilmourn;music_battle_veilmourn;music_outcome_victory;music_outcome_defeat;notice_objective_update;notice_objective_complete,"Reuse faction, terrain, object and outcome banks. No unique track per map, RMG seed, size or level; authored catalog coverage is not a completed-match certification."
scenarios,horizon-compact-six-citadels,Horizon Compact: Six Citadels,content/scenarios.json,Player-faction adventure/battle and terminal outcome music; shared site/action audio,music_overworld_embercourt;music_battle_embercourt;music_outcome_victory;music_outcome_defeat;notice_objective_update;notice_objective_complete,"Reuse faction, terrain, object and outcome banks. No unique track per map, RMG seed, size or level; authored catalog coverage is not a completed-match certification."
scenarios,hollowreed-noonwire-dispute,Hollowreed Noonwire Dispute,content/scenarios.json,Player-faction adventure/battle and terminal outcome music; shared site/action audio,music_overworld_mireclaw;music_battle_mireclaw;music_outcome_victory;music_outcome_defeat;notice_objective_update;notice_objective_complete,"Reuse faction, terrain, object and outcome banks. No unique track per map, RMG seed, size or level; authored catalog coverage is not a completed-match certification."
scenarios,meridian-rootglass-appeal,Meridian Rootglass Appeal,content/scenarios.json,Player-faction adventure/battle and terminal outcome music; shared site/action audio,music_overworld_sunvault;music_battle_sunvault;music_outcome_victory;music_outcome_defeat;notice_objective_update;notice_objective_complete,"Reuse faction, terrain, object and outcome banks. No unique track per map, RMG seed, size or level; authored catalog coverage is not a completed-match certification."
scenarios,crownroot-quenchline-verdict,Crownroot Quenchline Verdict,content/scenarios.json,Player-faction adventure/battle and terminal outcome music; shared site/action audio,music_overworld_thornwake;music_battle_thornwake;music_outcome_victory;music_outcome_defeat;notice_objective_update;notice_objective_complete,"Reuse faction, terrain, object and outcome banks. No unique track per map, RMG seed, size or level; authored catalog coverage is not a completed-match certification."
scenarios,blackbell-saltwake-foreclosure,Blackbell Saltwake Foreclosure,content/scenarios.json,Player-faction adventure/battle and terminal outcome music; shared site/action audio,music_overworld_brasshollow;music_battle_brasshollow;music_outcome_victory;music_outcome_defeat;notice_objective_update;notice_objective_complete,"Reuse faction, terrain, object and outcome banks. No unique track per map, RMG seed, size or level; authored catalog coverage is not a completed-match certification."
scenarios,pale-sounding-tidewrit-reckoning,Pale Sounding Tidewrit Reckoning,content/scenarios.json,Player-faction adventure/battle and terminal outcome music; shared site/action audio,music_overworld_veilmourn;music_battle_veilmourn;music_outcome_victory;music_outcome_defeat;notice_objective_update;notice_objective_complete,"Reuse faction, terrain, object and outcome banks. No unique track per map, RMG seed, size or level; authored catalog coverage is not a completed-match certification."
scenarios,chainboom-graftwake-cordon,Chainboom Graftwake Cordon,content/scenarios.json,Player-faction adventure/battle and terminal outcome music; shared site/action audio,music_overworld_mireclaw;music_battle_mireclaw;music_outcome_victory;music_outcome_defeat;notice_objective_update;notice_objective_complete,"Reuse faction, terrain, object and outcome banks. No unique track per map, RMG seed, size or level; authored catalog coverage is not a completed-match certification."
scenarios,reedscript-redline-reckoning,Reedscript Redline Reckoning,content/scenarios.json,Player-faction adventure/battle and terminal outcome music; shared site/action audio,music_overworld_mireclaw;music_battle_mireclaw;music_outcome_victory;music_outcome_defeat;notice_objective_update;notice_objective_complete,"Reuse faction, terrain, object and outcome banks. No unique track per map, RMG seed, size or level; authored catalog coverage is not a completed-match certification."
scenarios,glassmarshal-fenbell-refraction,Glassmarshal Fenbell Refraction,content/scenarios.json,Player-faction adventure/battle and terminal outcome music; shared site/action audio,music_overworld_sunvault;music_battle_sunvault;music_outcome_victory;music_outcome_defeat;notice_objective_update;notice_objective_complete,"Reuse faction, terrain, object and outcome banks. No unique track per map, RMG seed, size or level; authored catalog coverage is not a completed-match certification."
scenarios,facetlane-last-sounding,Facetlane Last Sounding,content/scenarios.json,Player-faction adventure/battle and terminal outcome music; shared site/action audio,music_overworld_sunvault;music_battle_sunvault;music_outcome_victory;music_outcome_defeat;notice_objective_update;notice_objective_complete,"Reuse faction, terrain, object and outcome banks. No unique track per map, RMG seed, size or level; authored catalog coverage is not a completed-match certification."
scenarios,thorncart-daybreak-tangle,Thorncart Daybreak Tangle,content/scenarios.json,Player-faction adventure/battle and terminal outcome music; shared site/action audio,music_overworld_thornwake;music_battle_thornwake;music_outcome_victory;music_outcome_defeat;notice_objective_update;notice_objective_complete,"Reuse faction, terrain, object and outcome banks. No unique track per map, RMG seed, size or level; authored catalog coverage is not a completed-match certification."
scenarios,pollenglass-lockglass-appeal,Pollenglass Lockglass Appeal,content/scenarios.json,Player-faction adventure/battle and terminal outcome music; shared site/action audio,music_overworld_thornwake;music_battle_thornwake;music_outcome_victory;music_outcome_defeat;notice_objective_update;notice_objective_complete,"Reuse faction, terrain, object and outcome banks. No unique track per map, RMG seed, size or level; authored catalog coverage is not a completed-match certification."
scenarios,powderwrit-fogchain-commission,Powderwrit Fogchain Commission,content/scenarios.json,Player-faction adventure/battle and terminal outcome music; shared site/action audio,music_overworld_embercourt;music_battle_embercourt;music_outcome_victory;music_outcome_defeat;notice_objective_update;notice_objective_complete,"Reuse faction, terrain, object and outcome banks. No unique track per map, RMG seed, size or level; authored catalog coverage is not a completed-match certification."
scenarios,reedcaller-redgauge-commission,Reedcaller Redgauge Commission,content/scenarios.json,Player-faction adventure/battle and terminal outcome music; shared site/action audio,music_overworld_mireclaw;music_battle_mireclaw;music_outcome_victory;music_outcome_defeat;notice_objective_update;notice_objective_complete,"Reuse faction, terrain, object and outcome banks. No unique track per map, RMG seed, size or level; authored catalog coverage is not a completed-match certification."
scenarios,sevenfold-rootmirror-commission,Sevenfold Rootmirror Commission,content/scenarios.json,Player-faction adventure/battle and terminal outcome music; shared site/action audio,music_overworld_sunvault;music_battle_sunvault;music_outcome_victory;music_outcome_defeat;notice_objective_update;notice_objective_complete,"Reuse faction, terrain, object and outcome banks. No unique track per map, RMG seed, size or level; authored catalog coverage is not a completed-match certification."
scenarios,boltroot-lockfire-commission,Boltroot Lockfire Commission,content/scenarios.json,Player-faction adventure/battle and terminal outcome music; shared site/action audio,music_overworld_thornwake;music_battle_thornwake;music_outcome_victory;music_outcome_defeat;notice_objective_update;notice_objective_complete,"Reuse faction, terrain, object and outcome banks. No unique track per map, RMG seed, size or level; authored catalog coverage is not a completed-match certification."
scenarios,blackgauge-noonwire-commission,Blackgauge Noonwire Commission,content/scenarios.json,Player-faction adventure/battle and terminal outcome music; shared site/action audio,music_overworld_brasshollow;music_battle_brasshollow;music_outcome_victory;music_outcome_defeat;notice_objective_update;notice_objective_complete,"Reuse faction, terrain, object and outcome banks. No unique track per map, RMG seed, size or level; authored catalog coverage is not a completed-match certification."
scenarios,tidehook-reedwake-commission,Tidehook Reedwake Commission,content/scenarios.json,Player-faction adventure/battle and terminal outcome music; shared site/action audio,music_overworld_veilmourn;music_battle_veilmourn;music_outcome_victory;music_outcome_defeat;notice_objective_update;notice_objective_complete,"Reuse faction, terrain, object and outcome banks. No unique track per map, RMG seed, size or level; authored catalog coverage is not a completed-match certification."
scenarios,powderwrit-two-lock-vigil,Powderwrit Two-Lock Vigil,content/scenarios.json,Player-faction adventure/battle and terminal outcome music; shared site/action audio,music_overworld_embercourt;music_battle_embercourt;music_outcome_victory;music_outcome_defeat;notice_objective_update;notice_objective_complete,"Reuse faction, terrain, object and outcome banks. No unique track per map, RMG seed, size or level; authored catalog coverage is not a completed-match certification."
scenarios,reedcaller-moonwax-stand,Reedcaller Moonwax Stand,content/scenarios.json,Player-faction adventure/battle and terminal outcome music; shared site/action audio,music_overworld_mireclaw;music_battle_mireclaw;music_outcome_victory;music_outcome_defeat;notice_objective_update;notice_objective_complete,"Reuse faction, terrain, object and outcome banks. No unique track per map, RMG seed, size or level; authored catalog coverage is not a completed-match certification."
scenarios,sevenfold-meridian-vigil,Sevenfold Meridian Vigil,content/scenarios.json,Player-faction adventure/battle and terminal outcome music; shared site/action audio,music_overworld_sunvault;music_battle_sunvault;music_outcome_victory;music_outcome_defeat;notice_objective_update;notice_objective_complete,"Reuse faction, terrain, object and outcome banks. No unique track per map, RMG seed, size or level; authored catalog coverage is not a completed-match certification."
scenarios,boltroot-twin-grove-stand,Boltroot Twin-Grove Stand,content/scenarios.json,Player-faction adventure/battle and terminal outcome music; shared site/action audio,music_overworld_thornwake;music_battle_thornwake;music_outcome_victory;music_outcome_defeat;notice_objective_update;notice_objective_complete,"Reuse faction, terrain, object and outcome banks. No unique track per map, RMG seed, size or level; authored catalog coverage is not a completed-match certification."
scenarios,blackgauge-double-assay,Blackgauge Double Assay,content/scenarios.json,Player-faction adventure/battle and terminal outcome music; shared site/action audio,music_overworld_brasshollow;music_battle_brasshollow;music_outcome_victory;music_outcome_defeat;notice_objective_update;notice_objective_complete,"Reuse faction, terrain, object and outcome banks. No unique track per map, RMG seed, size or level; authored catalog coverage is not a completed-match certification."
scenarios,tidehook-last-mooring-vigil,Tidehook Last-Mooring Vigil,content/scenarios.json,Player-faction adventure/battle and terminal outcome music; shared site/action audio,music_overworld_veilmourn;music_battle_veilmourn;music_outcome_victory;music_outcome_defeat;notice_objective_update;notice_objective_complete,"Reuse faction, terrain, object and outcome banks. No unique track per map, RMG seed, size or level; authored catalog coverage is not a completed-match certification."
scenarios,lockfire-three-seal-pilgrimage,Lockfire Three-Seal Pilgrimage,content/scenarios.json,Player-faction adventure/battle and terminal outcome music; shared site/action audio,music_overworld_embercourt;music_battle_embercourt;music_outcome_victory;music_outcome_defeat;notice_objective_update;notice_objective_complete,"Reuse faction, terrain, object and outcome banks. No unique track per map, RMG seed, size or level; authored catalog coverage is not a completed-match certification."
scenarios,miremoon-three-beat-pilgrimage,Miremoon Three-Beat Pilgrimage,content/scenarios.json,Player-faction adventure/battle and terminal outcome music; shared site/action audio,music_overworld_mireclaw;music_battle_mireclaw;music_outcome_victory;music_outcome_defeat;notice_objective_update;notice_objective_complete,"Reuse faction, terrain, object and outcome banks. No unique track per map, RMG seed, size or level; authored catalog coverage is not a completed-match certification."
scenarios,noonglass-three-orbit-pilgrimage,Noonglass Three-Orbit Pilgrimage,content/scenarios.json,Player-faction adventure/battle and terminal outcome music; shared site/action audio,music_overworld_sunvault;music_battle_sunvault;music_outcome_victory;music_outcome_defeat;notice_objective_update;notice_objective_complete,"Reuse faction, terrain, object and outcome banks. No unique track per map, RMG seed, size or level; authored catalog coverage is not a completed-match certification."
scenarios,worldroot-three-covenant-pilgrimage,Worldroot Three-Covenant Pilgrimage,content/scenarios.json,Player-faction adventure/battle and terminal outcome music; shared site/action audio,music_overworld_thornwake;music_battle_thornwake;music_outcome_victory;music_outcome_defeat;notice_objective_update;notice_objective_complete,"Reuse faction, terrain, object and outcome banks. No unique track per map, RMG seed, size or level; authored catalog coverage is not a completed-match certification."
scenarios,seventh-clause-three-key-pilgrimage,Seventh-Clause Three-Key Pilgrimage,content/scenarios.json,Player-faction adventure/battle and terminal outcome music; shared site/action audio,music_overworld_brasshollow;music_battle_brasshollow;music_outcome_victory;music_outcome_defeat;notice_objective_update;notice_objective_complete,"Reuse faction, terrain, object and outcome banks. No unique track per map, RMG seed, size or level; authored catalog coverage is not a completed-match certification."
scenarios,last-bell-three-sounding-pilgrimage,Last-Bell Three-Sounding Pilgrimage,content/scenarios.json,Player-faction adventure/battle and terminal outcome music; shared site/action audio,music_overworld_veilmourn;music_battle_veilmourn;music_outcome_victory;music_outcome_defeat;notice_objective_update;notice_objective_complete,"Reuse faction, terrain, object and outcome banks. No unique track per map, RMG seed, size or level; authored catalog coverage is not a completed-match certification."
scenarios,lockfire-upper-circle-trial,Lockfire Upper-Circle Trial,content/scenarios.json,Player-faction adventure/battle and terminal outcome music; shared site/action audio,music_overworld_embercourt;music_battle_embercourt;music_outcome_victory;music_outcome_defeat;notice_objective_update;notice_objective_complete,"Reuse faction, terrain, object and outcome banks. No unique track per map, RMG seed, size or level; authored catalog coverage is not a completed-match certification."
scenarios,moonfen-upper-circle-trial,Moonfen Upper-Circle Trial,content/scenarios.json,Player-faction adventure/battle and terminal outcome music; shared site/action audio,music_overworld_mireclaw;music_battle_mireclaw;music_outcome_victory;music_outcome_defeat;notice_objective_update;notice_objective_complete,"Reuse faction, terrain, object and outcome banks. No unique track per map, RMG seed, size or level; authored catalog coverage is not a completed-match certification."
scenarios,three-facet-upper-circle-trial,Three-Facet Upper-Circle Trial,content/scenarios.json,Player-faction adventure/battle and terminal outcome music; shared site/action audio,music_overworld_sunvault;music_battle_sunvault;music_outcome_victory;music_outcome_defeat;notice_objective_update;notice_objective_complete,"Reuse faction, terrain, object and outcome banks. No unique track per map, RMG seed, size or level; authored catalog coverage is not a completed-match certification."
scenarios,heartwood-upper-circle-trial,Heartwood Upper-Circle Trial,content/scenarios.json,Player-faction adventure/battle and terminal outcome music; shared site/action audio,music_overworld_thornwake;music_battle_thornwake;music_outcome_victory;music_outcome_defeat;notice_objective_update;notice_objective_complete,"Reuse faction, terrain, object and outcome banks. No unique track per map, RMG seed, size or level; authored catalog coverage is not a completed-match certification."
scenarios,redline-upper-circle-trial,Redline Upper-Circle Trial,content/scenarios.json,Player-faction adventure/battle and terminal outcome music; shared site/action audio,music_overworld_brasshollow;music_battle_brasshollow;music_outcome_victory;music_outcome_defeat;notice_objective_update;notice_objective_complete,"Reuse faction, terrain, object and outcome banks. No unique track per map, RMG seed, size or level; authored catalog coverage is not a completed-match certification."
scenarios,drowned-bell-upper-circle-trial,Drowned-Bell Upper-Circle Trial,content/scenarios.json,Player-faction adventure/battle and terminal outcome music; shared site/action audio,music_overworld_veilmourn;music_battle_veilmourn;music_outcome_victory;music_outcome_defeat;notice_objective_update;notice_objective_complete,"Reuse faction, terrain, object and outcome banks. No unique track per map, RMG seed, size or level; authored catalog coverage is not a completed-match certification."
scenarios,rainwrit-stormseal-charter-race,Rainwrit Stormseal Charter Race,content/scenarios.json,Player-faction adventure/battle and terminal outcome music; shared site/action audio,music_overworld_embercourt;music_battle_embercourt;music_outcome_victory;music_outcome_defeat;notice_objective_update;notice_objective_complete,"Reuse faction, terrain, object and outcome banks. No unique track per map, RMG seed, size or level; authored catalog coverage is not a completed-match certification."
scenarios,hollowreed-moonwax-charter-race,Hollowreed Moonwax Charter Race,content/scenarios.json,Player-faction adventure/battle and terminal outcome music; shared site/action audio,music_overworld_mireclaw;music_battle_mireclaw;music_outcome_victory;music_outcome_defeat;notice_objective_update;notice_objective_complete,"Reuse faction, terrain, object and outcome banks. No unique track per map, RMG seed, size or level; authored catalog coverage is not a completed-match certification."
scenarios,meridian-seven-facet-charter-race,Meridian Seven-Facet Charter Race,content/scenarios.json,Player-faction adventure/battle and terminal outcome music; shared site/action audio,music_overworld_sunvault;music_battle_sunvault;music_outcome_victory;music_outcome_defeat;notice_objective_update;notice_objective_complete,"Reuse faction, terrain, object and outcome banks. No unique track per map, RMG seed, size or level; authored catalog coverage is not a completed-match certification."
scenarios,crownroot-heartseed-charter-race,Crownroot Heartseed Charter Race,content/scenarios.json,Player-faction adventure/battle and terminal outcome music; shared site/action audio,music_overworld_thornwake;music_battle_thornwake;music_outcome_victory;music_outcome_defeat;notice_objective_update;notice_objective_complete,"Reuse faction, terrain, object and outcome banks. No unique track per map, RMG seed, size or level; authored catalog coverage is not a completed-match certification."
scenarios,blackbell-grand-assay-charter-race,Blackbell Grand Assay Charter Race,content/scenarios.json,Player-faction adventure/battle and terminal outcome music; shared site/action audio,music_overworld_brasshollow;music_battle_brasshollow;music_outcome_victory;music_outcome_defeat;notice_objective_update;notice_objective_complete,"Reuse faction, terrain, object and outcome banks. No unique track per map, RMG seed, size or level; authored catalog coverage is not a completed-match certification."
scenarios,pale-sounding-last-memory-charter-race,Pale Sounding Last-Memory Charter Race,content/scenarios.json,Player-faction adventure/battle and terminal outcome music; shared site/action audio,music_overworld_veilmourn;music_battle_veilmourn;music_outcome_victory;music_outcome_defeat;notice_objective_update;notice_objective_complete,"Reuse faction, terrain, object and outcome banks. No unique track per map, RMG seed, size or level; authored catalog coverage is not a completed-match certification."
scenarios,rainwrit-five-writ-grand-muster,Rainwrit Five-Writ Grand Muster,content/scenarios.json,Player-faction adventure/battle and terminal outcome music; shared site/action audio,music_overworld_embercourt;music_battle_embercourt;music_outcome_victory;music_outcome_defeat;notice_objective_update;notice_objective_complete,"Reuse faction, terrain, object and outcome banks. No unique track per map, RMG seed, size or level; authored catalog coverage is not a completed-match certification."
scenarios,hollowreed-moonhide-grand-muster,Hollowreed Moonhide Grand Muster,content/scenarios.json,Player-faction adventure/battle and terminal outcome music; shared site/action audio,music_overworld_mireclaw;music_battle_mireclaw;music_outcome_victory;music_outcome_defeat;notice_objective_update;notice_objective_complete,"Reuse faction, terrain, object and outcome banks. No unique track per map, RMG seed, size or level; authored catalog coverage is not a completed-match certification."
scenarios,meridian-five-facet-grand-muster,Meridian Five-Facet Grand Muster,content/scenarios.json,Player-faction adventure/battle and terminal outcome music; shared site/action audio,music_overworld_sunvault;music_battle_sunvault;music_outcome_victory;music_outcome_defeat;notice_objective_update;notice_objective_complete,"Reuse faction, terrain, object and outcome banks. No unique track per map, RMG seed, size or level; authored catalog coverage is not a completed-match certification."
scenarios,crownroot-five-seed-grand-muster,Crownroot Five-Seed Grand Muster,content/scenarios.json,Player-faction adventure/battle and terminal outcome music; shared site/action audio,music_overworld_thornwake;music_battle_thornwake;music_outcome_victory;music_outcome_defeat;notice_objective_update;notice_objective_complete,"Reuse faction, terrain, object and outcome banks. No unique track per map, RMG seed, size or level; authored catalog coverage is not a completed-match certification."
scenarios,blackbell-five-clause-grand-muster,Blackbell Five-Clause Grand Muster,content/scenarios.json,Player-faction adventure/battle and terminal outcome music; shared site/action audio,music_overworld_brasshollow;music_battle_brasshollow;music_outcome_victory;music_outcome_defeat;notice_objective_update;notice_objective_complete,"Reuse faction, terrain, object and outcome banks. No unique track per map, RMG seed, size or level; authored catalog coverage is not a completed-match certification."
scenarios,pale-sounding-five-wake-grand-muster,Pale Sounding Five-Wake Grand Muster,content/scenarios.json,Player-faction adventure/battle and terminal outcome music; shared site/action audio,music_overworld_veilmourn;music_battle_veilmourn;music_outcome_victory;music_outcome_defeat;notice_objective_update;notice_objective_complete,"Reuse faction, terrain, object and outcome banks. No unique track per map, RMG seed, size or level; authored catalog coverage is not a completed-match certification."
scenarios,beaconscribe-first-light-convocation,Beaconscribe First-Light Convocation,content/scenarios.json,Player-faction adventure/battle and terminal outcome music; shared site/action audio,music_overworld_embercourt;music_battle_embercourt;music_outcome_victory;music_outcome_defeat;notice_objective_update;notice_objective_complete,"Reuse faction, terrain, object and outcome banks. No unique track per map, RMG seed, size or level; authored catalog coverage is not a completed-match certification."
scenarios,rotlamp-shedskin-convocation,Rotlamp Shedskin Convocation,content/scenarios.json,Player-faction adventure/battle and terminal outcome music; shared site/action audio,music_overworld_mireclaw;music_battle_mireclaw;music_outcome_victory;music_outcome_defeat;notice_objective_update;notice_objective_complete,"Reuse faction, terrain, object and outcome banks. No unique track per map, RMG seed, size or level; authored catalog coverage is not a completed-match certification."
scenarios,daynote-true-angle-convocation,Daynote True-Angle Convocation,content/scenarios.json,Player-faction adventure/battle and terminal outcome music; shared site/action audio,music_overworld_sunvault;music_battle_sunvault;music_outcome_victory;music_outcome_defeat;notice_objective_update;notice_objective_complete,"Reuse faction, terrain, object and outcome banks. No unique track per map, RMG seed, size or level; authored catalog coverage is not a completed-match certification."
scenarios,loamchant-deep-root-convocation,Loamchant Deep-Root Convocation,content/scenarios.json,Player-faction adventure/battle and terminal outcome music; shared site/action audio,music_overworld_thornwake;music_battle_thornwake;music_outcome_victory;music_outcome_defeat;notice_objective_update;notice_objective_complete,"Reuse faction, terrain, object and outcome banks. No unique track per map, RMG seed, size or level; authored catalog coverage is not a completed-match certification."
scenarios,gaugesavant-fifth-measure-convocation,Gauge-Savant Fifth-Measure Convocation,content/scenarios.json,Player-faction adventure/battle and terminal outcome music; shared site/action audio,music_overworld_brasshollow;music_battle_brasshollow;music_outcome_victory;music_outcome_defeat;notice_objective_update;notice_objective_complete,"Reuse faction, terrain, object and outcome banks. No unique track per map, RMG seed, size or level; authored catalog coverage is not a completed-match certification."
scenarios,wakeoracle-last-echo-convocation,Wakeoracle Last-Echo Convocation,content/scenarios.json,Player-faction adventure/battle and terminal outcome music; shared site/action audio,music_overworld_veilmourn;music_battle_veilmourn;music_outcome_victory;music_outcome_defeat;notice_objective_update;notice_objective_complete,"Reuse faction, terrain, object and outcome banks. No unique track per map, RMG seed, size or level; authored catalog coverage is not a completed-match certification."
scenarios,pikeward-cinderquill-twin-beacon-council,Pikeward-Cinderquill Twin-Beacon Council,content/scenarios.json,Player-faction adventure/battle and terminal outcome music; shared site/action audio,music_overworld_embercourt;music_battle_embercourt;music_outcome_victory;music_outcome_defeat;notice_objective_update;notice_objective_complete,"Reuse faction, terrain, object and outcome banks. No unique track per map, RMG seed, size or level; authored catalog coverage is not a completed-match certification."
scenarios,fenhook-votivejaw-two-mask-council,Fenhook-Votivejaw Two-Mask Council,content/scenarios.json,Player-faction adventure/battle and terminal outcome music; shared site/action audio,music_overworld_mireclaw;music_battle_mireclaw;music_outcome_victory;music_outcome_defeat;notice_objective_update;notice_objective_complete,"Reuse faction, terrain, object and outcome banks. No unique track per map, RMG seed, size or level; authored catalog coverage is not a completed-match certification."
scenarios,lenscaptain-sunvein-split-ray-council,Lens-Captain-Sunvein Split-Ray Council,content/scenarios.json,Player-faction adventure/battle and terminal outcome music; shared site/action audio,music_overworld_sunvault;music_battle_sunvault;music_outcome_victory;music_outcome_defeat;notice_objective_update;notice_objective_complete,"Reuse faction, terrain, object and outcome banks. No unique track per map, RMG seed, size or level; authored catalog coverage is not a completed-match certification."
scenarios,greenbarrow-seedseer-forkroot-council,Greenbarrow-Seedseer Forkroot Council,content/scenarios.json,Player-faction adventure/battle and terminal outcome music; shared site/action audio,music_overworld_thornwake;music_battle_thornwake;music_outcome_victory;music_outcome_defeat;notice_objective_update;notice_objective_complete,"Reuse faction, terrain, object and outcome banks. No unique track per map, RMG seed, size or level; authored catalog coverage is not a completed-match certification."
scenarios,bellfounder-quench-double-gauge-council,Bellfounder-Quench Double-Gauge Council,content/scenarios.json,Player-faction adventure/battle and terminal outcome music; shared site/action audio,music_overworld_brasshollow;music_battle_brasshollow;music_outcome_victory;music_outcome_defeat;notice_objective_update;notice_objective_complete,"Reuse faction, terrain, object and outcome banks. No unique track per map, RMG seed, size or level; authored catalog coverage is not a completed-match certification."
scenarios,vanehook-obituaryink-twin-wake-council,Vanehook-Obituary-Ink Twin-Wake Council,content/scenarios.json,Player-faction adventure/battle and terminal outcome music; shared site/action audio,music_overworld_veilmourn;music_battle_veilmourn;music_outcome_victory;music_outcome_defeat;notice_objective_update;notice_objective_complete,"Reuse faction, terrain, object and outcome banks. No unique track per map, RMG seed, size or level; authored catalog coverage is not a completed-match certification."
scenarios,tollbrand-locklantern-relief-run,Tollbrand Locklantern Relief Run,content/scenarios.json,Player-faction adventure/battle and terminal outcome music; shared site/action audio,music_overworld_embercourt;music_battle_embercourt;music_outcome_victory;music_outcome_defeat;notice_objective_update;notice_objective_complete,"Reuse faction, terrain, object and outcome banks. No unique track per map, RMG seed, size or level; authored catalog coverage is not a completed-match certification."
scenarios,mudkeel-antlerraft-relief-run,Mudkeel Antlerraft Relief Run,content/scenarios.json,Player-faction adventure/battle and terminal outcome music; shared site/action audio,music_overworld_mireclaw;music_battle_mireclaw;music_outcome_victory;music_outcome_defeat;notice_objective_update;notice_objective_complete,"Reuse faction, terrain, object and outcome banks. No unique track per map, RMG seed, size or level; authored catalog coverage is not a completed-match certification."
scenarios,choirward-prismwheel-relief-run,Choirward Prismwheel Relief Run,content/scenarios.json,Player-faction adventure/battle and terminal outcome music; shared site/action audio,music_overworld_sunvault;music_battle_sunvault;music_outcome_victory;music_outcome_defeat;notice_objective_update;notice_objective_complete,"Reuse faction, terrain, object and outcome banks. No unique track per map, RMG seed, size or level; authored catalog coverage is not a completed-match certification."
scenarios,mossvein-seedcart-relief-run,Mossvein Seedcart Relief Run,content/scenarios.json,Player-faction adventure/battle and terminal outcome music; shared site/action audio,music_overworld_thornwake;music_battle_thornwake;music_outcome_victory;music_outcome_defeat;notice_objective_update;notice_objective_complete,"Reuse faction, terrain, object and outcome banks. No unique track per map, RMG seed, size or level; authored catalog coverage is not a completed-match certification."
scenarios,varn-quenchrail-relief-run,Varn Quenchrail Relief Run,content/scenarios.json,Player-faction adventure/battle and terminal outcome music; shared site/action audio,music_overworld_brasshollow;music_battle_brasshollow;music_outcome_victory;music_outcome_defeat;notice_objective_update;notice_objective_complete,"Reuse faction, terrain, object and outcome banks. No unique track per map, RMG seed, size or level; authored catalog coverage is not a completed-match certification."
scenarios,keelwarden-wakeglass-relief-run,Keelwarden Wakeglass Relief Run,content/scenarios.json,Player-faction adventure/battle and terminal outcome music; shared site/action audio,music_overworld_veilmourn;music_battle_veilmourn;music_outcome_victory;music_outcome_defeat;notice_objective_update;notice_objective_complete,"Reuse faction, terrain, object and outcome banks. No unique track per map, RMG seed, size or level; authored catalog coverage is not a completed-match certification."
scenarios,cinderquill-ashline-fogbreak-survey,Cinderquill Ashline Fogbreak Survey,content/scenarios.json,Player-faction adventure/battle and terminal outcome music; shared site/action audio,music_overworld_embercourt;music_battle_embercourt;music_outcome_victory;music_outcome_defeat;notice_objective_update;notice_objective_complete,"Reuse faction, terrain, object and outcome banks. No unique track per map, RMG seed, size or level; authored catalog coverage is not a completed-match certification."
scenarios,votivejaw-bogglass-fogbreak-survey,Votivejaw Bogglass Fogbreak Survey,content/scenarios.json,Player-faction adventure/battle and terminal outcome music; shared site/action audio,music_overworld_mireclaw;music_battle_mireclaw;music_outcome_victory;music_outcome_defeat;notice_objective_update;notice_objective_complete,"Reuse faction, terrain, object and outcome banks. No unique track per map, RMG seed, size or level; authored catalog coverage is not a completed-match certification."
scenarios,sunvein-meridian-fogbreak-survey,Sunvein Meridian Fogbreak Survey,content/scenarios.json,Player-faction adventure/battle and terminal outcome music; shared site/action audio,music_overworld_sunvault;music_battle_sunvault;music_outcome_victory;music_outcome_defeat;notice_objective_update;notice_objective_complete,"Reuse faction, terrain, object and outcome banks. No unique track per map, RMG seed, size or level; authored catalog coverage is not a completed-match certification."
scenarios,seedseer-rootstar-fogbreak-survey,Seedseer Rootstar Fogbreak Survey,content/scenarios.json,Player-faction adventure/battle and terminal outcome music; shared site/action audio,music_overworld_thornwake;music_battle_thornwake;music_outcome_victory;music_outcome_defeat;notice_objective_update;notice_objective_complete,"Reuse faction, terrain, object and outcome banks. No unique track per map, RMG seed, size or level; authored catalog coverage is not a completed-match certification."
scenarios,heatpriest-redgauge-fogbreak-survey,Heatpriest Redgauge Fogbreak Survey,content/scenarios.json,Player-faction adventure/battle and terminal outcome music; shared site/action audio,music_overworld_brasshollow;music_battle_brasshollow;music_outcome_victory;music_outcome_defeat;notice_objective_update;notice_objective_complete,"Reuse faction, terrain, object and outcome banks. No unique track per map, RMG seed, size or level; authored catalog coverage is not a completed-match certification."
scenarios,vowless-drowned-horizon-fogbreak-survey,Vowless Drowned-Horizon Fogbreak Survey,content/scenarios.json,Player-faction adventure/battle and terminal outcome music; shared site/action audio,music_overworld_veilmourn;music_battle_veilmourn;music_outcome_victory;music_outcome_defeat;notice_objective_update;notice_objective_complete,"Reuse faction, terrain, object and outcome banks. No unique track per map, RMG seed, size or level; authored catalog coverage is not a completed-match certification."
scenarios,powderwrit-rainwrit-treasury-commission,Powderwrit Rainwrit Treasury Commission,content/scenarios.json,Player-faction adventure/battle and terminal outcome music; shared site/action audio,music_overworld_embercourt;music_battle_embercourt;music_outcome_victory;music_outcome_defeat;notice_objective_update;notice_objective_complete,"Reuse faction, terrain, object and outcome banks. No unique track per map, RMG seed, size or level; authored catalog coverage is not a completed-match certification."
scenarios,orrik-reedbarrow-treasury-commission,Orrik Reedbarrow Treasury Commission,content/scenarios.json,Player-faction adventure/battle and terminal outcome music; shared site/action audio,music_overworld_mireclaw;music_battle_mireclaw;music_outcome_victory;music_outcome_defeat;notice_objective_update;notice_objective_complete,"Reuse faction, terrain, object and outcome banks. No unique track per map, RMG seed, size or level; authored catalog coverage is not a completed-match certification."
scenarios,neral-meridian-treasury-commission,Neral Meridian Treasury Commission,content/scenarios.json,Player-faction adventure/battle and terminal outcome music; shared site/action audio,music_overworld_sunvault;music_battle_sunvault;music_outcome_victory;music_outcome_defeat;notice_objective_update;notice_objective_complete,"Reuse faction, terrain, object and outcome banks. No unique track per map, RMG seed, size or level; authored catalog coverage is not a completed-match certification."
scenarios,bramblehound-crownroot-treasury-commission,Bramble-Hound Crownroot Treasury Commission,content/scenarios.json,Player-faction adventure/battle and terminal outcome music; shared site/action audio,music_overworld_thornwake;music_battle_thornwake;music_outcome_victory;music_outcome_defeat;notice_objective_update;notice_objective_complete,"Reuse faction, terrain, object and outcome banks. No unique track per map, RMG seed, size or level; authored catalog coverage is not a completed-match certification."
scenarios,ashmeter-blackbell-treasury-commission,Ashmeter Blackbell Treasury Commission,content/scenarios.json,Player-faction adventure/battle and terminal outcome music; shared site/action audio,music_overworld_brasshollow;music_battle_brasshollow;music_outcome_victory;music_outcome_defeat;notice_objective_update;notice_objective_complete,"Reuse faction, terrain, object and outcome banks. No unique track per map, RMG seed, size or level; authored catalog coverage is not a completed-match certification."
scenarios,mistcorsair-pale-sounding-treasury-commission,Mist-Corsair Pale Sounding Treasury Commission,content/scenarios.json,Player-faction adventure/battle and terminal outcome music; shared site/action audio,music_overworld_veilmourn;music_battle_veilmourn;music_outcome_victory;music_outcome_defeat;notice_objective_update;notice_objective_complete,"Reuse faction, terrain, object and outcome banks. No unique track per map, RMG seed, size or level; authored catalog coverage is not a completed-match certification."
scenarios,tollbrand-cinderlock-border-oath-seizure,Tollbrand Cinderlock Border Oath Seizure,content/scenarios.json,Player-faction adventure/battle and terminal outcome music; shared site/action audio,music_overworld_embercourt;music_battle_embercourt;music_outcome_victory;music_outcome_defeat;notice_objective_update;notice_objective_complete,"Reuse faction, terrain, object and outcome banks. No unique track per map, RMG seed, size or level; authored catalog coverage is not a completed-match certification."
scenarios,rotlamp-nightglass-border-oath-seizure,Rotlamp Nightglass Border Oath Seizure,content/scenarios.json,Player-faction adventure/battle and terminal outcome music; shared site/action audio,music_overworld_mireclaw;music_battle_mireclaw;music_outcome_victory;music_outcome_defeat;notice_objective_update;notice_objective_complete,"Reuse faction, terrain, object and outcome banks. No unique track per map, RMG seed, size or level; authored catalog coverage is not a completed-match certification."
scenarios,lenscaptain-dawnmirror-border-oath-seizure,Lens-Captain Dawnmirror Border Oath Seizure,content/scenarios.json,Player-faction adventure/battle and terminal outcome music; shared site/action audio,music_overworld_sunvault;music_battle_sunvault;music_outcome_victory;music_outcome_defeat;notice_objective_update;notice_objective_complete,"Reuse faction, terrain, object and outcome banks. No unique track per map, RMG seed, size or level; authored catalog coverage is not a completed-match certification."
scenarios,boltroot-briarwheel-border-oath-seizure,Boltroot Briarwheel Border Oath Seizure,content/scenarios.json,Player-faction adventure/battle and terminal outcome music; shared site/action audio,music_overworld_thornwake;music_battle_thornwake;music_outcome_victory;music_outcome_defeat;notice_objective_update;notice_objective_complete,"Reuse faction, terrain, object and outcome banks. No unique track per map, RMG seed, size or level; authored catalog coverage is not a completed-match certification."
scenarios,pitmarshal-cindercoil-border-oath-seizure,Pitmarshal Cindercoil Border Oath Seizure,content/scenarios.json,Player-faction adventure/battle and terminal outcome music; shared site/action audio,music_overworld_brasshollow;music_battle_brasshollow;music_outcome_victory;music_outcome_defeat;notice_objective_update;notice_objective_complete,"Reuse faction, terrain, object and outcome banks. No unique track per map, RMG seed, size or level; authored catalog coverage is not a completed-match certification."
scenarios,oriflag-gloamwake-border-oath-seizure,Oriflag Gloamwake Border Oath Seizure,content/scenarios.json,Player-faction adventure/battle and terminal outcome music; shared site/action audio,music_overworld_veilmourn;music_battle_veilmourn;music_outcome_victory;music_outcome_defeat;notice_objective_update;notice_objective_complete,"Reuse faction, terrain, object and outcome banks. No unique track per map, RMG seed, size or level; authored catalog coverage is not a completed-match certification."
scenarios,beaconscribe-cinderlock-three-seal-garrison-warrant,Beaconscribe Cinderlock Three-Seal Garrison Warrant,content/scenarios.json,Player-faction adventure/battle and terminal outcome music; shared site/action audio,music_overworld_embercourt;music_battle_embercourt;music_outcome_victory;music_outcome_defeat;notice_objective_update;notice_objective_complete,"Reuse faction, terrain, object and outcome banks. No unique track per map, RMG seed, size or level; authored catalog coverage is not a completed-match certification."
scenarios,reedscript-murkward-three-hook-garrison-warrant,Reedscript Murkward Three-Hook Garrison Warrant,content/scenarios.json,Player-faction adventure/battle and terminal outcome music; shared site/action audio,music_overworld_mireclaw;music_battle_mireclaw;music_outcome_victory;music_outcome_defeat;notice_objective_update;notice_objective_complete,"Reuse faction, terrain, object and outcome banks. No unique track per map, RMG seed, size or level; authored catalog coverage is not a completed-match certification."
scenarios,sevenfold-meridian-three-prism-garrison-warrant,Sevenfold Meridian Three-Prism Garrison Warrant,content/scenarios.json,Player-faction adventure/battle and terminal outcome music; shared site/action audio,music_overworld_sunvault;music_battle_sunvault;music_outcome_victory;music_outcome_defeat;notice_objective_update;notice_objective_complete,"Reuse faction, terrain, object and outcome banks. No unique track per map, RMG seed, size or level; authored catalog coverage is not a completed-match certification."
scenarios,loamchant-graftroot-three-seed-garrison-warrant,Loamchant Graftroot Three-Seed Garrison Warrant,content/scenarios.json,Player-faction adventure/battle and terminal outcome music; shared site/action audio,music_overworld_thornwake;music_battle_thornwake;music_outcome_victory;music_outcome_defeat;notice_objective_update;notice_objective_complete,"Reuse faction, terrain, object and outcome banks. No unique track per map, RMG seed, size or level; authored catalog coverage is not a completed-match certification."
scenarios,quench-orevein-three-gauge-garrison-warrant,Quench Orevein Three-Gauge Garrison Warrant,content/scenarios.json,Player-faction adventure/battle and terminal outcome music; shared site/action audio,music_overworld_brasshollow;music_battle_brasshollow;music_outcome_victory;music_outcome_defeat;notice_objective_update;notice_objective_complete,"Reuse faction, terrain, object and outcome banks. No unique track per map, RMG seed, size or level; authored catalog coverage is not a completed-match certification."
scenarios,obituaryink-bellwake-three-bell-garrison-warrant,Obituary-Ink Bellwake Three-Bell Garrison Warrant,content/scenarios.json,Player-faction adventure/battle and terminal outcome music; shared site/action audio,music_overworld_veilmourn;music_battle_veilmourn;music_outcome_victory;music_outcome_defeat;notice_objective_update;notice_objective_complete,"Reuse faction, terrain, object and outcome banks. No unique track per map, RMG seed, size or level; authored catalog coverage is not a completed-match certification."
scenarios,cinderquill-lockward-charter-assembly,Cinderquill Lockward Charter Assembly,content/scenarios.json,Player-faction adventure/battle and terminal outcome music; shared site/action audio,music_overworld_embercourt;music_battle_embercourt;music_outcome_victory;music_outcome_defeat;notice_objective_update;notice_objective_complete,"Reuse faction, terrain, object and outcome banks. No unique track per map, RMG seed, size or level; authored catalog coverage is not a completed-match certification."
scenarios,reedcaller-fenhound-pursuit-assembly,Reedcaller Fenhound Pursuit Assembly,content/scenarios.json,Player-faction adventure/battle and terminal outcome music; shared site/action audio,music_overworld_mireclaw;music_battle_mireclaw;music_outcome_victory;music_outcome_defeat;notice_objective_update;notice_objective_complete,"Reuse faction, terrain, object and outcome banks. No unique track per map, RMG seed, size or level; authored catalog coverage is not a completed-match certification."
scenarios,sunvein-meridian-relay-assembly,Sunvein Meridian Relay Assembly,content/scenarios.json,Player-faction adventure/battle and terminal outcome music; shared site/action audio,music_overworld_sunvault;music_battle_sunvault;music_outcome_victory;music_outcome_defeat;notice_objective_update;notice_objective_complete,"Reuse faction, terrain, object and outcome banks. No unique track per map, RMG seed, size or level; authored catalog coverage is not a completed-match certification."
scenarios,mossvein-rootpath-covenant-assembly,Mossvein Rootpath Covenant Assembly,content/scenarios.json,Player-faction adventure/battle and terminal outcome music; shared site/action audio,music_overworld_thornwake;music_battle_thornwake;music_outcome_victory;music_outcome_defeat;notice_objective_update;notice_objective_complete,"Reuse faction, terrain, object and outcome banks. No unique track per map, RMG seed, size or level; authored catalog coverage is not a completed-match certification."
scenarios,blackgauge-redline-survey-assembly,Blackgauge Redline Survey Warrant Assembly,content/scenarios.json,Player-faction adventure/battle and terminal outcome music; shared site/action audio,music_overworld_brasshollow;music_battle_brasshollow;music_outcome_victory;music_outcome_defeat;notice_objective_update;notice_objective_complete,"Reuse faction, terrain, object and outcome banks. No unique track per map, RMG seed, size or level; authored catalog coverage is not a completed-match certification."
scenarios,tidehook-drowned-wake-chart-assembly,Tidehook Drowned Wake Chart Assembly,content/scenarios.json,Player-faction adventure/battle and terminal outcome music; shared site/action audio,music_overworld_veilmourn;music_battle_veilmourn;music_outcome_victory;music_outcome_defeat;notice_objective_update;notice_objective_complete,"Reuse faction, terrain, object and outcome banks. No unique track per map, RMG seed, size or level; authored catalog coverage is not a completed-match certification."
scenarios,pikeward-brambleback-concord,Pikeward Brambleback Concord,content/scenarios.json,Player-faction adventure/battle and terminal outcome music; shared site/action audio,music_overworld_embercourt;music_battle_embercourt;music_outcome_victory;music_outcome_defeat;notice_objective_update;notice_objective_complete,"Reuse faction, terrain, object and outcome banks. No unique track per map, RMG seed, size or level; authored catalog coverage is not a completed-match certification."
scenarios,mudkeel-mireglass-concord,Mudkeel Mireglass Concord,content/scenarios.json,Player-faction adventure/battle and terminal outcome music; shared site/action audio,music_overworld_mireclaw;music_battle_mireclaw;music_outcome_victory;music_outcome_defeat;notice_objective_update;notice_objective_complete,"Reuse faction, terrain, object and outcome banks. No unique track per map, RMG seed, size or level; authored catalog coverage is not a completed-match certification."
scenarios,daynote-windcairn-concord,Daynote Windcairn Concord,content/scenarios.json,Player-faction adventure/battle and terminal outcome music; shared site/action audio,music_overworld_sunvault;music_battle_sunvault;music_outcome_victory;music_outcome_defeat;notice_objective_update;notice_objective_complete,"Reuse faction, terrain, object and outcome banks. No unique track per map, RMG seed, size or level; authored catalog coverage is not a completed-match certification."
scenarios,thorncart-greenbranch-concord,Thorncart Greenbranch Concord,content/scenarios.json,Player-faction adventure/battle and terminal outcome music; shared site/action audio,music_overworld_thornwake;music_battle_thornwake;music_outcome_victory;music_outcome_defeat;notice_objective_update;notice_objective_complete,"Reuse faction, terrain, object and outcome banks. No unique track per map, RMG seed, size or level; authored catalog coverage is not a completed-match certification."
scenarios,varn-scarshield-concord,Varn Scarshield Concord,content/scenarios.json,Player-faction adventure/battle and terminal outcome music; shared site/action audio,music_overworld_brasshollow;music_battle_brasshollow;music_outcome_victory;music_outcome_defeat;notice_objective_update;notice_objective_complete,"Reuse faction, terrain, object and outcome banks. No unique track per map, RMG seed, size or level; authored catalog coverage is not a completed-match certification."
scenarios,mistcorsair-flaremast-concord,Mistcorsair Flaremast Concord,content/scenarios.json,Player-faction adventure/battle and terminal outcome music; shared site/action audio,music_overworld_veilmourn;music_battle_veilmourn;music_outcome_victory;music_outcome_defeat;notice_objective_update;notice_objective_complete,"Reuse faction, terrain, object and outcome banks. No unique track per map, RMG seed, size or level; authored catalog coverage is not a completed-match certification."
scenarios,powderwrit-tollreaver-rival-banner-challenge,Powderwrit-Tollreaver Rival Banner Challenge,content/scenarios.json,Player-faction adventure/battle and terminal outcome music; shared site/action audio,music_overworld_embercourt;music_battle_embercourt;music_outcome_victory;music_outcome_defeat;notice_objective_update;notice_objective_complete,"Reuse faction, terrain, object and outcome banks. No unique track per map, RMG seed, size or level; authored catalog coverage is not a completed-match certification."
scenarios,fenhook-facetlane-rival-banner-challenge,Fenhook-Facetlane Rival Banner Challenge,content/scenarios.json,Player-faction adventure/battle and terminal outcome music; shared site/action audio,music_overworld_mireclaw;music_battle_mireclaw;music_outcome_victory;music_outcome_defeat;notice_objective_update;notice_objective_complete,"Reuse faction, terrain, object and outcome banks. No unique track per map, RMG seed, size or level; authored catalog coverage is not a completed-match certification."
scenarios,choirward-greenbarrow-rival-banner-challenge,Choirward-Greenbarrow Rival Banner Challenge,content/scenarios.json,Player-faction adventure/battle and terminal outcome music; shared site/action audio,music_overworld_sunvault;music_battle_sunvault;music_outcome_victory;music_outcome_defeat;notice_objective_update;notice_objective_complete,"Reuse faction, terrain, object and outcome banks. No unique track per map, RMG seed, size or level; authored catalog coverage is not a completed-match certification."
scenarios,pollenglass-bellfounder-rival-banner-challenge,Pollenglass-Bellfounder Rival Banner Challenge,content/scenarios.json,Player-faction adventure/battle and terminal outcome music; shared site/action audio,music_overworld_thornwake;music_battle_thornwake;music_outcome_victory;music_outcome_defeat;notice_objective_update;notice_objective_complete,"Reuse faction, terrain, object and outcome banks. No unique track per map, RMG seed, size or level; authored catalog coverage is not a completed-match certification."
scenarios,heatpriest-vanehook-rival-banner-challenge,Heatpriest-Vanehook Rival Banner Challenge,content/scenarios.json,Player-faction adventure/battle and terminal outcome music; shared site/action audio,music_overworld_brasshollow;music_battle_brasshollow;music_outcome_victory;music_outcome_defeat;notice_objective_update;notice_objective_complete,"Reuse faction, terrain, object and outcome banks. No unique track per map, RMG seed, size or level; authored catalog coverage is not a completed-match certification."
scenarios,oriflag-pikeward-rival-banner-challenge,Oriflag-Pikeward Rival Banner Challenge,content/scenarios.json,Player-faction adventure/battle and terminal outcome music; shared site/action audio,music_overworld_veilmourn;music_battle_veilmourn;music_outcome_victory;music_outcome_defeat;notice_objective_update;notice_objective_complete,"Reuse faction, terrain, object and outcome banks. No unique track per map, RMG seed, size or level; authored catalog coverage is not a completed-match certification."
scenarios,pikeward-ashcharter-veteran-muster,Pikeward Ash-Charter Veteran Muster,content/scenarios.json,Player-faction adventure/battle and terminal outcome music; shared site/action audio,music_overworld_embercourt;music_battle_embercourt;music_outcome_victory;music_outcome_defeat;notice_objective_update;notice_objective_complete,"Reuse faction, terrain, object and outcome banks. No unique track per map, RMG seed, size or level; authored catalog coverage is not a completed-match certification."
scenarios,chainboom-gorefen-veteran-muster,Chainboom Gorefen Veteran Muster,content/scenarios.json,Player-faction adventure/battle and terminal outcome music; shared site/action audio,music_overworld_mireclaw;music_battle_mireclaw;music_outcome_victory;music_outcome_defeat;notice_objective_update;notice_objective_complete,"Reuse faction, terrain, object and outcome banks. No unique track per map, RMG seed, size or level; authored catalog coverage is not a completed-match certification."
scenarios,glassmarshal-daybreak-veteran-muster,Glassmarshal Daybreak Veteran Muster,content/scenarios.json,Player-faction adventure/battle and terminal outcome music; shared site/action audio,music_overworld_sunvault;music_battle_sunvault;music_outcome_victory;music_outcome_defeat;notice_objective_update;notice_objective_complete,"Reuse faction, terrain, object and outcome banks. No unique track per map, RMG seed, size or level; authored catalog coverage is not a completed-match certification."
scenarios,bramblehound-worldroot-veteran-muster,Bramblehound Worldroot Veteran Muster,content/scenarios.json,Player-faction adventure/battle and terminal outcome music; shared site/action audio,music_overworld_thornwake;music_battle_thornwake;music_outcome_victory;music_outcome_defeat;notice_objective_update;notice_objective_complete,"Reuse faction, terrain, object and outcome banks. No unique track per map, RMG seed, size or level; authored catalog coverage is not a completed-match certification."
scenarios,pitmarshal-foundry-veteran-muster,Pitmarshal Foundry Veteran Muster,content/scenarios.json,Player-faction adventure/battle and terminal outcome music; shared site/action audio,music_overworld_brasshollow;music_battle_brasshollow;music_outcome_victory;music_outcome_defeat;notice_objective_update;notice_objective_complete,"Reuse faction, terrain, object and outcome banks. No unique track per map, RMG seed, size or level; authored catalog coverage is not a completed-match certification."
scenarios,keelwarden-fogkeel-veteran-muster,Keelwarden Fog-Keel Veteran Muster,content/scenarios.json,Player-faction adventure/battle and terminal outcome music; shared site/action audio,music_overworld_veilmourn;music_battle_veilmourn;music_outcome_victory;music_outcome_defeat;notice_objective_update;notice_objective_complete,"Reuse faction, terrain, object and outcome banks. No unique track per map, RMG seed, size or level; authored catalog coverage is not a completed-match certification."
scenarios,rainledger-amberweir-long-march,Rainledger Amberweir Long March,content/scenarios.json,Player-faction adventure/battle and terminal outcome music; shared site/action audio,music_overworld_embercourt;music_battle_embercourt;music_outcome_victory;music_outcome_defeat;notice_objective_update;notice_objective_complete,"Reuse faction, terrain, object and outcome banks. No unique track per map, RMG seed, size or level; authored catalog coverage is not a completed-match certification."
scenarios,votivejaw-moonbite-long-march,Votivejaw Moonbite Long March,content/scenarios.json,Player-faction adventure/battle and terminal outcome music; shared site/action audio,music_overworld_mireclaw;music_battle_mireclaw;music_outcome_victory;music_outcome_defeat;notice_objective_update;notice_objective_complete,"Reuse faction, terrain, object and outcome banks. No unique track per map, RMG seed, size or level; authored catalog coverage is not a completed-match certification."
scenarios,facetlane-splitprism-long-march,Facetlane Splitprism Long March,content/scenarios.json,Player-faction adventure/battle and terminal outcome music; shared site/action audio,music_overworld_sunvault;music_battle_sunvault;music_outcome_victory;music_outcome_defeat;notice_objective_update;notice_objective_complete,"Reuse faction, terrain, object and outcome banks. No unique track per map, RMG seed, size or level; authored catalog coverage is not a completed-match certification."
scenarios,greenbarrow-woundroot-long-march,Greenbarrow Woundroot Long March,content/scenarios.json,Player-faction adventure/battle and terminal outcome music; shared site/action audio,music_overworld_thornwake;music_battle_thornwake;music_outcome_victory;music_outcome_defeat;notice_objective_update;notice_objective_complete,"Reuse faction, terrain, object and outcome banks. No unique track per map, RMG seed, size or level; authored catalog coverage is not a completed-match certification."
scenarios,gaugesavant-whitegauge-long-march,Gauge-Savant Whitegauge Long March,content/scenarios.json,Player-faction adventure/battle and terminal outcome music; shared site/action audio,music_overworld_brasshollow;music_battle_brasshollow;music_outcome_victory;music_outcome_defeat;notice_objective_update;notice_objective_complete,"Reuse faction, terrain, object and outcome banks. No unique track per map, RMG seed, size or level; authored catalog coverage is not a completed-match certification."
scenarios,wakeoracle-dreamwake-long-march,Wakeoracle Dreamwake Long March,content/scenarios.json,Player-faction adventure/battle and terminal outcome music; shared site/action audio,music_overworld_veilmourn;music_battle_veilmourn;music_outcome_victory;music_outcome_defeat;notice_objective_update;notice_objective_complete,"Reuse faction, terrain, object and outcome banks. No unique track per map, RMG seed, size or level; authored catalog coverage is not a completed-match certification."
scenarios,rainledger-amberweir-lockpike-trial,Rainledger Amberweir Lockpike Trial,content/scenarios.json,Player-faction adventure/battle and terminal outcome music; shared site/action audio,music_overworld_embercourt;music_battle_embercourt;music_outcome_victory;music_outcome_defeat;notice_objective_update;notice_objective_complete,"Reuse faction, terrain, object and outcome banks. No unique track per map, RMG seed, size or level; authored catalog coverage is not a completed-match certification."
scenarios,votivejaw-moonbite-drum-trial,Votivejaw Moonbite Drum Trial,content/scenarios.json,Player-faction adventure/battle and terminal outcome music; shared site/action audio,music_overworld_mireclaw;music_battle_mireclaw;music_outcome_victory;music_outcome_defeat;notice_objective_update;notice_objective_complete,"Reuse faction, terrain, object and outcome banks. No unique track per map, RMG seed, size or level; authored catalog coverage is not a completed-match certification."
scenarios,facetlane-splitprism-parallax-trial,Facetlane Splitprism Parallax Trial,content/scenarios.json,Player-faction adventure/battle and terminal outcome music; shared site/action audio,music_overworld_sunvault;music_battle_sunvault;music_outcome_victory;music_outcome_defeat;notice_objective_update;notice_objective_complete,"Reuse faction, terrain, object and outcome banks. No unique track per map, RMG seed, size or level; authored catalog coverage is not a completed-match certification."
scenarios,greenbarrow-woundroot-hearthseed-trial,Greenbarrow Woundroot Hearthseed Trial,content/scenarios.json,Player-faction adventure/battle and terminal outcome music; shared site/action audio,music_overworld_thornwake;music_battle_thornwake;music_outcome_victory;music_outcome_defeat;notice_objective_update;notice_objective_complete,"Reuse faction, terrain, object and outcome banks. No unique track per map, RMG seed, size or level; authored catalog coverage is not a completed-match certification."
scenarios,gaugesavant-whitegauge-datum-trial,Gauge-Savant Whitegauge Datum Trial,content/scenarios.json,Player-faction adventure/battle and terminal outcome music; shared site/action audio,music_overworld_brasshollow;music_battle_brasshollow;music_outcome_victory;music_outcome_defeat;notice_objective_update;notice_objective_complete,"Reuse faction, terrain, object and outcome banks. No unique track per map, RMG seed, size or level; authored catalog coverage is not a completed-match certification."
scenarios,wakeoracle-dreamwake-tideglass-trial,Wakeoracle Dreamwake Tideglass Trial,content/scenarios.json,Player-faction adventure/battle and terminal outcome music; shared site/action audio,music_overworld_veilmourn;music_battle_veilmourn;music_outcome_victory;music_outcome_defeat;notice_objective_update;notice_objective_complete,"Reuse faction, terrain, object and outcome banks. No unique track per map, RMG seed, size or level; authored catalog coverage is not a completed-match certification."
scenarios,bellfounder-three-hammer-proving-road,Bellfounder Three-Hammer Proving Road,content/scenarios.json,Player-faction adventure/battle and terminal outcome music; shared site/action audio,music_overworld_brasshollow;music_battle_brasshollow;music_outcome_victory;music_outcome_defeat;notice_objective_update;notice_objective_complete,"Reuse faction, terrain, object and outcome banks. No unique track per map, RMG seed, size or level; authored catalog coverage is not a completed-match certification."
scenarios,ashmeter-cinder-measure-proving-road,Ashmeter Cinder-Measure Proving Road,content/scenarios.json,Player-faction adventure/battle and terminal outcome music; shared site/action audio,music_overworld_brasshollow;music_battle_brasshollow;music_outcome_victory;music_outcome_defeat;notice_objective_update;notice_objective_complete,"Reuse faction, terrain, object and outcome banks. No unique track per map, RMG seed, size or level; authored catalog coverage is not a completed-match certification."
scenarios,quench-three-cycle-proving-road,Quench Three-Cycle Proving Road,content/scenarios.json,Player-faction adventure/battle and terminal outcome music; shared site/action audio,music_overworld_brasshollow;music_battle_brasshollow;music_outcome_victory;music_outcome_defeat;notice_objective_update;notice_objective_complete,"Reuse faction, terrain, object and outcome banks. No unique track per map, RMG seed, size or level; authored catalog coverage is not a completed-match certification."
scenarios,tollreaver-deep-muster-proving-road,Tollreaver Deep-Muster Proving Road,content/scenarios.json,Player-faction adventure/battle and terminal outcome music; shared site/action audio,music_overworld_mireclaw;music_battle_mireclaw;music_outcome_victory;music_outcome_defeat;notice_objective_update;notice_objective_complete,"Reuse faction, terrain, object and outcome banks. No unique track per map, RMG seed, size or level; authored catalog coverage is not a completed-match certification."
scenarios,seedseer-root-future-proving-road,Seedseer Root-Future Proving Road,content/scenarios.json,Player-faction adventure/battle and terminal outcome music; shared site/action audio,music_overworld_thornwake;music_battle_thornwake;music_outcome_victory;music_outcome_defeat;notice_objective_update;notice_objective_complete,"Reuse faction, terrain, object and outcome banks. No unique track per map, RMG seed, size or level; authored catalog coverage is not a completed-match certification."
scenarios,vowless-broken-retort-proving-road,Vowless Broken-Retort Proving Road,content/scenarios.json,Player-faction adventure/battle and terminal outcome music; shared site/action audio,music_overworld_veilmourn;music_battle_veilmourn;music_outcome_victory;music_outcome_defeat;notice_objective_update;notice_objective_complete,"Reuse faction, terrain, object and outcome banks. No unique track per map, RMG seed, size or level; authored catalog coverage is not a completed-match certification."
scenarios,vanehook-three-line-proving-road,Vanehook Three-Line Proving Road,content/scenarios.json,Player-faction adventure/battle and terminal outcome music; shared site/action audio,music_overworld_veilmourn;music_battle_veilmourn;music_outcome_victory;music_outcome_defeat;notice_objective_update;notice_objective_complete,"Reuse faction, terrain, object and outcome banks. No unique track per map, RMG seed, size or level; authored catalog coverage is not a completed-match certification."
scenarios,obituaryink-last-name-proving-road,Obituary-Ink Last-Name Proving Road,content/scenarios.json,Player-faction adventure/battle and terminal outcome music; shared site/action audio,music_overworld_veilmourn;music_battle_veilmourn;music_outcome_victory;music_outcome_defeat;notice_objective_update;notice_objective_complete,"Reuse faction, terrain, object and outcome banks. No unique track per map, RMG seed, size or level; authored catalog coverage is not a completed-match certification."
scenarios,rainledger-amberweir-sluicebrand-works,Rainledger Amberweir Sluicebrand Works,content/scenarios.json,Player-faction adventure/battle and terminal outcome music; shared site/action audio,music_overworld_embercourt;music_battle_embercourt;music_outcome_victory;music_outcome_defeat;notice_objective_update;notice_objective_complete,"Reuse faction, terrain, object and outcome banks. No unique track per map, RMG seed, size or level; authored catalog coverage is not a completed-match certification."
scenarios,votivejaw-moonbite-mirehorn-works,Votivejaw Moonbite Mirehorn Works,content/scenarios.json,Player-faction adventure/battle and terminal outcome music; shared site/action audio,music_overworld_mireclaw;music_battle_mireclaw;music_outcome_victory;music_outcome_defeat;notice_objective_update;notice_objective_complete,"Reuse faction, terrain, object and outcome banks. No unique track per map, RMG seed, size or level; authored catalog coverage is not a completed-match certification."
scenarios,facetlane-splitprism-heliograph-works,Facetlane Splitprism Heliograph Works,content/scenarios.json,Player-faction adventure/battle and terminal outcome music; shared site/action audio,music_overworld_sunvault;music_battle_sunvault;music_outcome_victory;music_outcome_defeat;notice_objective_update;notice_objective_complete,"Reuse faction, terrain, object and outcome banks. No unique track per map, RMG seed, size or level; authored catalog coverage is not a completed-match certification."
scenarios,greenbarrow-woundroot-rootmaul-works,Greenbarrow Woundroot Rootmaul Works,content/scenarios.json,Player-faction adventure/battle and terminal outcome music; shared site/action audio,music_overworld_thornwake;music_battle_thornwake;music_outcome_victory;music_outcome_defeat;notice_objective_update;notice_objective_complete,"Reuse faction, terrain, object and outcome banks. No unique track per map, RMG seed, size or level; authored catalog coverage is not a completed-match certification."
scenarios,gaugesavant-whitegauge-breach-pressure-works,Gauge-Savant Whitegauge Breach-Pressure Works,content/scenarios.json,Player-faction adventure/battle and terminal outcome music; shared site/action audio,music_overworld_brasshollow;music_battle_brasshollow;music_outcome_victory;music_outcome_defeat;notice_objective_update;notice_objective_complete,"Reuse faction, terrain, object and outcome banks. No unique track per map, RMG seed, size or level; authored catalog coverage is not a completed-match certification."
scenarios,wakeoracle-dreamwake-foganchor-works,Wakeoracle Dreamwake Foganchor Works,content/scenarios.json,Player-faction adventure/battle and terminal outcome music; shared site/action audio,music_overworld_veilmourn;music_battle_veilmourn;music_outcome_victory;music_outcome_defeat;notice_objective_update;notice_objective_complete,"Reuse faction, terrain, object and outcome banks. No unique track per map, RMG seed, size or level; authored catalog coverage is not a completed-match certification."
scenarios,blackgauge-muster-bell-march,Blackgauge Muster-Bell March,content/scenarios.json,Player-faction adventure/battle and terminal outcome music; shared site/action audio,music_overworld_brasshollow;music_battle_brasshollow;music_outcome_victory;music_outcome_defeat;notice_objective_update;notice_objective_complete,"Reuse faction, terrain, object and outcome banks. No unique track per map, RMG seed, size or level; authored catalog coverage is not a completed-match certification."
scenarios,varn-switchrail-compass-march,Varn Switchrail Compass March,content/scenarios.json,Player-faction adventure/battle and terminal outcome music; shared site/action audio,music_overworld_brasshollow;music_battle_brasshollow;music_outcome_victory;music_outcome_defeat;notice_objective_update;notice_objective_complete,"Reuse faction, terrain, object and outcome banks. No unique track per map, RMG seed, size or level; authored catalog coverage is not a completed-match certification."
scenarios,valechant-star-cadence-march,Valechant Star-Cadence March,content/scenarios.json,Player-faction adventure/battle and terminal outcome music; shared site/action audio,music_overworld_embercourt;music_battle_embercourt;music_outcome_victory;music_outcome_defeat;notice_objective_update;notice_objective_complete,"Reuse faction, terrain, object and outcome banks. No unique track per map, RMG seed, size or level; authored catalog coverage is not a completed-match certification."
scenarios,ashgrove-millward-march,Ashgrove Millward Lantern March,content/scenarios.json,Player-faction adventure/battle and terminal outcome music; shared site/action audio,music_overworld_embercourt;music_battle_embercourt;music_outcome_victory;music_outcome_defeat;notice_objective_update;notice_objective_complete,"Reuse faction, terrain, object and outcome banks. No unique track per map, RMG seed, size or level; authored catalog coverage is not a completed-match certification."
scenarios,reedcaller-circle-horn-march,Reedcaller Circle-Horn March,content/scenarios.json,Player-faction adventure/battle and terminal outcome music; shared site/action audio,music_overworld_mireclaw;music_battle_mireclaw;music_outcome_victory;music_outcome_defeat;notice_objective_update;notice_objective_complete,"Reuse faction, terrain, object and outcome banks. No unique track per map, RMG seed, size or level; authored catalog coverage is not a completed-match certification."
scenarios,muckscribe-fen-ink-march,Muckscribe Fen-Ink March,content/scenarios.json,Player-faction adventure/battle and terminal outcome music; shared site/action audio,music_overworld_mireclaw;music_battle_mireclaw;music_outcome_victory;music_outcome_defeat;notice_objective_update;notice_objective_complete,"Reuse faction, terrain, object and outcome banks. No unique track per map, RMG seed, size or level; authored catalog coverage is not a completed-match certification."
scenarios,sevenfold-reserve-prism-march,Sevenfold Reserve-Prism March,content/scenarios.json,Player-faction adventure/battle and terminal outcome music; shared site/action audio,music_overworld_sunvault;music_battle_sunvault;music_outcome_victory;music_outcome_defeat;notice_objective_update;notice_objective_complete,"Reuse faction, terrain, object and outcome banks. No unique track per map, RMG seed, size or level; authored catalog coverage is not a completed-match certification."
scenarios,glasswind-sightline-march,Glasswind Sightline-Fan March,content/scenarios.json,Player-faction adventure/battle and terminal outcome music; shared site/action audio,music_overworld_sunvault;music_battle_sunvault;music_outcome_victory;music_outcome_defeat;notice_objective_update;notice_objective_complete,"Reuse faction, terrain, object and outcome banks. No unique track per map, RMG seed, size or level; authored catalog coverage is not a completed-match certification."
scenarios,boltroot-quiver-loom-march,Boltroot Quiver-Loom March,content/scenarios.json,Player-faction adventure/battle and terminal outcome music; shared site/action audio,music_overworld_thornwake;music_battle_thornwake;music_outcome_victory;music_outcome_defeat;notice_objective_update;notice_objective_complete,"Reuse faction, terrain, object and outcome banks. No unique track per map, RMG seed, size or level; authored catalog coverage is not a completed-match certification."
scenarios,pollenglass-spore-ampoule-march,Pollenglass Spore-Ampoule March,content/scenarios.json,Player-faction adventure/battle and terminal outcome music; shared site/action audio,music_overworld_thornwake;music_battle_thornwake;music_outcome_victory;music_outcome_defeat;notice_objective_update;notice_objective_complete,"Reuse faction, terrain, object and outcome banks. No unique track per map, RMG seed, size or level; authored catalog coverage is not a completed-match certification."
scenarios,oriflag-stolen-signal-march,Oriflag Stolen-Signal March,content/scenarios.json,Player-faction adventure/battle and terminal outcome music; shared site/action audio,music_overworld_veilmourn;music_battle_veilmourn;music_outcome_victory;music_outcome_defeat;notice_objective_update;notice_objective_complete,"Reuse faction, terrain, object and outcome banks. No unique track per map, RMG seed, size or level; authored catalog coverage is not a completed-match certification."
scenarios,tidehook-memory-bosun-march,Tidehook Memory-Bosun March,content/scenarios.json,Player-faction adventure/battle and terminal outcome music; shared site/action audio,music_overworld_veilmourn;music_battle_veilmourn;music_outcome_victory;music_outcome_defeat;notice_objective_update;notice_objective_complete,"Reuse faction, terrain, object and outcome banks. No unique track per map, RMG seed, size or level; authored catalog coverage is not a completed-match certification."
scenarios,heatpriest-quench-censer-expedition,Heatpriest Quench-Censer Expedition,content/scenarios.json,Player-faction adventure/battle and terminal outcome music; shared site/action audio,music_overworld_brasshollow;music_battle_brasshollow;music_outcome_victory;music_outcome_defeat;notice_objective_update;notice_objective_complete,"Reuse faction, terrain, object and outcome banks. No unique track per map, RMG seed, size or level; authored catalog coverage is not a completed-match certification."
scenarios,fenhook-blind-levee-expedition,Fenhook Blind-Levee Expedition,content/scenarios.json,Player-faction adventure/battle and terminal outcome music; shared site/action audio,music_overworld_mireclaw;music_battle_mireclaw;music_outcome_victory;music_outcome_defeat;notice_objective_update;notice_objective_complete,"Reuse faction, terrain, object and outcome banks. No unique track per map, RMG seed, size or level; authored catalog coverage is not a completed-match certification."
scenarios,choirward-resonance-bastion-expedition,Choirward Resonance-Bastion Expedition,content/scenarios.json,Player-faction adventure/battle and terminal outcome music; shared site/action audio,music_overworld_sunvault;music_battle_sunvault;music_outcome_victory;music_outcome_defeat;notice_objective_update;notice_objective_complete,"Reuse faction, terrain, object and outcome banks. No unique track per map, RMG seed, size or level; authored catalog coverage is not a completed-match certification."
scenarios,mirrorstep-parallax-gate-expedition,Mirrorstep Parallax-Gate Expedition,content/scenarios.json,Player-faction adventure/battle and terminal outcome music; shared site/action audio,music_overworld_sunvault;music_battle_sunvault;music_outcome_victory;music_outcome_defeat;notice_objective_update;notice_objective_complete,"Reuse faction, terrain, object and outcome banks. No unique track per map, RMG seed, size or level; authored catalog coverage is not a completed-match certification."
scenarios,mossvein-memory-cairn-expedition,Mossvein Memory-Cairn Expedition,content/scenarios.json,Player-faction adventure/battle and terminal outcome music; shared site/action audio,music_overworld_thornwake;music_battle_thornwake;music_outcome_victory;music_outcome_defeat;notice_objective_update;notice_objective_complete,"Reuse faction, terrain, object and outcome banks. No unique track per map, RMG seed, size or level; authored catalog coverage is not a completed-match certification."
scenarios,bramble-hound-pursuit-kennel-expedition,Bramble-Hound Pursuit-Kennel Expedition,content/scenarios.json,Player-faction adventure/battle and terminal outcome music; shared site/action audio,music_overworld_thornwake;music_battle_thornwake;music_outcome_victory;music_outcome_defeat;notice_objective_update;notice_objective_complete,"Reuse faction, terrain, object and outcome banks. No unique track per map, RMG seed, size or level; authored catalog coverage is not a completed-match certification."
scenarios,rootwright-living-span-expedition,Rootwright Living-Span Expedition,content/scenarios.json,Player-faction adventure/battle and terminal outcome music; shared site/action audio,music_overworld_thornwake;music_battle_thornwake;music_outcome_victory;music_outcome_defeat;notice_objective_update;notice_objective_complete,"Reuse faction, terrain, object and outcome banks. No unique track per map, RMG seed, size or level; authored catalog coverage is not a completed-match certification."
scenarios,nightchart-false-star-orrery-expedition,Nightchart False-Star Orrery Expedition,content/scenarios.json,Player-faction adventure/battle and terminal outcome music; shared site/action audio,music_overworld_veilmourn;music_battle_veilmourn;music_outcome_victory;music_outcome_defeat;notice_objective_update;notice_objective_complete,"Reuse faction, terrain, object and outcome banks. No unique track per map, RMG seed, size or level; authored catalog coverage is not a completed-match certification."
scenarios,tollbrand-toll-chain-muster,Tollbrand Toll-Chain Muster,content/scenarios.json,Player-faction adventure/battle and terminal outcome music; shared site/action audio,music_overworld_embercourt;music_battle_embercourt;music_outcome_victory;music_outcome_defeat;notice_objective_update;notice_objective_complete,"Reuse faction, terrain, object and outcome banks. No unique track per map, RMG seed, size or level; authored catalog coverage is not a completed-match certification."
scenarios,beaconscribe-beacon-ledger-muster,Beaconscribe Beacon-Ledger Muster,content/scenarios.json,Player-faction adventure/battle and terminal outcome music; shared site/action audio,music_overworld_embercourt;music_battle_embercourt;music_outcome_victory;music_outcome_defeat;notice_objective_update;notice_objective_complete,"Reuse faction, terrain, object and outcome banks. No unique track per map, RMG seed, size or level; authored catalog coverage is not a completed-match certification."
scenarios,mudkeel-keel-drum-muster,Mudkeel Keel-Drum Muster,content/scenarios.json,Player-faction adventure/battle and terminal outcome music; shared site/action audio,music_overworld_mireclaw;music_battle_mireclaw;music_outcome_victory;music_outcome_defeat;notice_objective_update;notice_objective_complete,"Reuse faction, terrain, object and outcome banks. No unique track per map, RMG seed, size or level; authored catalog coverage is not a completed-match certification."
scenarios,rotlamp-muster-cage,Rotlamp Muster-Cage,content/scenarios.json,Player-faction adventure/battle and terminal outcome music; shared site/action audio,music_overworld_mireclaw;music_battle_mireclaw;music_outcome_victory;music_outcome_defeat;notice_objective_update;notice_objective_complete,"Reuse faction, terrain, object and outcome banks. No unique track per map, RMG seed, size or level; authored catalog coverage is not a completed-match certification."
scenarios,sunvein-sun-thread-muster,Sunvein Sun-Thread Muster,content/scenarios.json,Player-faction adventure/battle and terminal outcome music; shared site/action audio,music_overworld_sunvault;music_battle_sunvault;music_outcome_victory;music_outcome_defeat;notice_objective_update;notice_objective_complete,"Reuse faction, terrain, object and outcome banks. No unique track per map, RMG seed, size or level; authored catalog coverage is not a completed-match certification."
scenarios,lenscaptain-range-lens-muster,Lens-Captain Range-Lens Muster,content/scenarios.json,Player-faction adventure/battle and terminal outcome music; shared site/action audio,music_overworld_sunvault;music_battle_sunvault;music_outcome_victory;music_outcome_defeat;notice_objective_update;notice_objective_complete,"Reuse faction, terrain, object and outcome banks. No unique track per map, RMG seed, size or level; authored catalog coverage is not a completed-match certification."
scenarios,loamchant-chorus-bough-muster,Loamchant Chorus-Bough Muster,content/scenarios.json,Player-faction adventure/battle and terminal outcome music; shared site/action audio,music_overworld_thornwake;music_battle_thornwake;music_outcome_victory;music_outcome_defeat;notice_objective_update;notice_objective_complete,"Reuse faction, terrain, object and outcome banks. No unique track per map, RMG seed, size or level; authored catalog coverage is not a completed-match certification."
scenarios,thorncart-cart-crown-muster,Thorncart Cart-Crown Muster,content/scenarios.json,Player-faction adventure/battle and terminal outcome music; shared site/action audio,music_overworld_thornwake;music_battle_thornwake;music_outcome_victory;music_outcome_defeat;notice_objective_update;notice_objective_complete,"Reuse faction, terrain, object and outcome banks. No unique track per map, RMG seed, size or level; authored catalog coverage is not a completed-match certification."
scenarios,debtrune-debt-seal-muster,Debt-Rune Debt-Seal Muster,content/scenarios.json,Player-faction adventure/battle and terminal outcome music; shared site/action audio,music_overworld_brasshollow;music_battle_brasshollow;music_outcome_victory;music_outcome_defeat;notice_objective_update;notice_objective_complete,"Reuse faction, terrain, object and outcome banks. No unique track per map, RMG seed, size or level; authored catalog coverage is not a completed-match certification."
scenarios,pitmarshal-pit-bell-muster,Pit-Marshal Pit-Bell Muster,content/scenarios.json,Player-faction adventure/battle and terminal outcome music; shared site/action audio,music_overworld_brasshollow;music_battle_brasshollow;music_outcome_victory;music_outcome_defeat;notice_objective_update;notice_objective_complete,"Reuse faction, terrain, object and outcome banks. No unique track per map, RMG seed, size or level; authored catalog coverage is not a completed-match certification."
scenarios,mistcorsair-fog-sail-muster,Mist-Corsair Fog-Sail Muster,content/scenarios.json,Player-faction adventure/battle and terminal outcome music; shared site/action audio,music_overworld_veilmourn;music_battle_veilmourn;music_outcome_victory;music_outcome_defeat;notice_objective_update;notice_objective_complete,"Reuse faction, terrain, object and outcome banks. No unique track per map, RMG seed, size or level; authored catalog coverage is not a completed-match certification."
scenarios,keelwarden-keel-sounding-muster,Keel-Warden Keel-Sounding Muster,content/scenarios.json,Player-faction adventure/battle and terminal outcome music; shared site/action audio,music_overworld_veilmourn;music_battle_veilmourn;music_outcome_victory;music_outcome_defeat;notice_objective_update;notice_objective_complete,"Reuse faction, terrain, object and outcome banks. No unique track per map, RMG seed, size or level; authored catalog coverage is not a completed-match certification."
scenarios,cinderquill-grand-route-kiln,Cinderquill Grand-Route Kiln,content/scenarios.json,Player-faction adventure/battle and terminal outcome music; shared site/action audio,music_overworld_embercourt;music_battle_embercourt;music_outcome_victory;music_outcome_defeat;notice_objective_update;notice_objective_complete,"Reuse faction, terrain, object and outcome banks. No unique track per map, RMG seed, size or level; authored catalog coverage is not a completed-match certification."
scenarios,lockmaster-seven-lock-march,Lockmaster Seven-Lock March,content/scenarios.json,Player-faction adventure/battle and terminal outcome music; shared site/action audio,music_overworld_embercourt;music_battle_embercourt;music_outcome_victory;music_outcome_defeat;notice_objective_update;notice_objective_complete,"Reuse faction, terrain, object and outcome banks. No unique track per map, RMG seed, size or level; authored catalog coverage is not a completed-match certification."
scenarios,chainboom-grand-route-breach,Chainboom Grand-Route Breach,content/scenarios.json,Player-faction adventure/battle and terminal outcome music; shared site/action audio,music_overworld_mireclaw;music_battle_mireclaw;music_outcome_victory;music_outcome_defeat;notice_objective_update;notice_objective_complete,"Reuse faction, terrain, object and outcome banks. No unique track per map, RMG seed, size or level; authored catalog coverage is not a completed-match certification."
scenarios,reedscript-flood-ledger-route,Reedscript Flood-Ledger Route,content/scenarios.json,Player-faction adventure/battle and terminal outcome music; shared site/action audio,music_overworld_mireclaw;music_battle_mireclaw;music_outcome_victory;music_outcome_defeat;notice_objective_update;notice_objective_complete,"Reuse faction, terrain, object and outcome banks. No unique track per map, RMG seed, size or level; authored catalog coverage is not a completed-match certification."
scenarios,daynote-dawn-chime-route,Daynote Dawn-Chime Route,content/scenarios.json,Player-faction adventure/battle and terminal outcome music; shared site/action audio,music_overworld_sunvault;music_battle_sunvault;music_outcome_victory;music_outcome_defeat;notice_objective_update;notice_objective_complete,"Reuse faction, terrain, object and outcome banks. No unique track per map, RMG seed, size or level; authored catalog coverage is not a completed-match certification."
scenarios,glassmarshal-prism-rank-march,Glassmarshal Prism-Rank March,content/scenarios.json,Player-faction adventure/battle and terminal outcome music; shared site/action audio,music_overworld_sunvault;music_battle_sunvault;music_outcome_victory;music_outcome_defeat;notice_objective_update;notice_objective_complete,"Reuse faction, terrain, object and outcome banks. No unique track per map, RMG seed, size or level; authored catalog coverage is not a completed-match certification."
scenarios,graftsibyl-root-omen-march,Graft-Sibyl Root-Omen March,content/scenarios.json,Player-faction adventure/battle and terminal outcome music; shared site/action audio,music_overworld_thornwake;music_battle_thornwake;music_outcome_victory;music_outcome_defeat;notice_objective_update;notice_objective_complete,"Reuse faction, terrain, object and outcome banks. No unique track per map, RMG seed, size or level; authored catalog coverage is not a completed-match certification."
scenarios,seedseer-windseed-route,Seedseer Windseed Route,content/scenarios.json,Player-faction adventure/battle and terminal outcome music; shared site/action audio,music_overworld_thornwake;music_battle_thornwake;music_outcome_victory;music_outcome_defeat;notice_objective_update;notice_objective_complete,"Reuse faction, terrain, object and outcome banks. No unique track per map, RMG seed, size or level; authored catalog coverage is not a completed-match certification."
scenarios,bellfounder-road-bell-march,Bellfounder Road-Bell March,content/scenarios.json,Player-faction adventure/battle and terminal outcome music; shared site/action audio,music_overworld_brasshollow;music_battle_brasshollow;music_outcome_victory;music_outcome_defeat;notice_objective_update;notice_objective_complete,"Reuse faction, terrain, object and outcome banks. No unique track per map, RMG seed, size or level; authored catalog coverage is not a completed-match certification."
scenarios,ashmeter-cinder-scale-route,Ashmeter Cinder-Scale Route,content/scenarios.json,Player-faction adventure/battle and terminal outcome music; shared site/action audio,music_overworld_brasshollow;music_battle_brasshollow;music_outcome_victory;music_outcome_defeat;notice_objective_update;notice_objective_complete,"Reuse faction, terrain, object and outcome banks. No unique track per map, RMG seed, size or level; authored catalog coverage is not a completed-match certification."
scenarios,vowless-blank-bell-route,Vowless Blank-Bell Route,content/scenarios.json,Player-faction adventure/battle and terminal outcome music; shared site/action audio,music_overworld_veilmourn;music_battle_veilmourn;music_outcome_victory;music_outcome_defeat;notice_objective_update;notice_objective_complete,"Reuse faction, terrain, object and outcome banks. No unique track per map, RMG seed, size or level; authored catalog coverage is not a completed-match certification."
scenarios,vanehook-crosswind-mooring,Vanehook Crosswind Mooring,content/scenarios.json,Player-faction adventure/battle and terminal outcome music; shared site/action audio,music_overworld_veilmourn;music_battle_veilmourn;music_outcome_victory;music_outcome_defeat;notice_objective_update;notice_objective_complete,"Reuse faction, terrain, object and outcome banks. No unique track per map, RMG seed, size or level; authored catalog coverage is not a completed-match certification."
scenarios,vellum-quenchline-dominion-siege,Vellum Quenchline Dominion Siege,content/scenarios.json,Player-faction adventure/battle and terminal outcome music; shared site/action audio,music_overworld_brasshollow;music_battle_brasshollow;music_outcome_victory;music_outcome_defeat;notice_objective_update;notice_objective_complete,"Reuse faction, terrain, object and outcome banks. No unique track per map, RMG seed, size or level; authored catalog coverage is not a completed-match certification."
scenarios,vellum-counterweight-verdict,Vellum Counterweight Verdict,content/scenarios.json,Player-faction adventure/battle and terminal outcome music; shared site/action audio,music_overworld_brasshollow;music_battle_brasshollow;music_outcome_victory;music_outcome_defeat;notice_objective_update;notice_objective_complete,"Reuse faction, terrain, object and outcome banks. No unique track per map, RMG seed, size or level; authored catalog coverage is not a completed-match certification."
scenarios,orrik-blackwake-toll-siege,Orrik Blackwake Toll Siege,content/scenarios.json,Player-faction adventure/battle and terminal outcome music; shared site/action audio,music_overworld_mireclaw;music_battle_mireclaw;music_outcome_victory;music_outcome_defeat;notice_objective_update;notice_objective_complete,"Reuse faction, terrain, object and outcome banks. No unique track per map, RMG seed, size or level; authored catalog coverage is not a completed-match certification."
scenarios,orrik-moonchain-verdict,Orrik Moonchain Verdict,content/scenarios.json,Player-faction adventure/battle and terminal outcome music; shared site/action audio,music_overworld_mireclaw;music_battle_mireclaw;music_outcome_victory;music_outcome_defeat;notice_objective_update;notice_objective_complete,"Reuse faction, terrain, object and outcome banks. No unique track per map, RMG seed, size or level; authored catalog coverage is not a completed-match certification."
scenarios,thir-last-margin-siege,Thir Last-Margin Siege,content/scenarios.json,Player-faction adventure/battle and terminal outcome music; shared site/action audio,music_overworld_veilmourn;music_battle_veilmourn;music_outcome_victory;music_outcome_defeat;notice_objective_update;notice_objective_complete,"Reuse faction, terrain, object and outcome banks. No unique track per map, RMG seed, size or level; authored catalog coverage is not a completed-match certification."
scenarios,thir-drowned-name-verdict,Thir Drowned-Name Verdict,content/scenarios.json,Player-faction adventure/battle and terminal outcome music; shared site/action audio,music_overworld_veilmourn;music_battle_veilmourn;music_outcome_victory;music_outcome_defeat;notice_objective_update;notice_objective_complete,"Reuse faction, terrain, object and outcome banks. No unique track per map, RMG seed, size or level; authored catalog coverage is not a completed-match certification."
scenarios,zhorra-crown-drum-siege,Zhorra Crown-Drum Siege,content/scenarios.json,Player-faction adventure/battle and terminal outcome music; shared site/action audio,music_overworld_mireclaw;music_battle_mireclaw;music_outcome_victory;music_outcome_defeat;notice_objective_update;notice_objective_complete,"Reuse faction, terrain, object and outcome banks. No unique track per map, RMG seed, size or level; authored catalog coverage is not a completed-match certification."
scenarios,zhorra-undertow-verdict,Zhorra Undertow Verdict,content/scenarios.json,Player-faction adventure/battle and terminal outcome music; shared site/action audio,music_overworld_mireclaw;music_battle_mireclaw;music_outcome_victory;music_outcome_defeat;notice_objective_update;notice_objective_complete,"Reuse faction, terrain, object and outcome banks. No unique track per map, RMG seed, size or level; authored catalog coverage is not a completed-match certification."
scenarios,mirro-nine-ray-siege,Mirro Nine-Ray Siege,content/scenarios.json,Player-faction adventure/battle and terminal outcome music; shared site/action audio,music_overworld_sunvault;music_battle_sunvault;music_outcome_victory;music_outcome_defeat;notice_objective_update;notice_objective_complete,"Reuse faction, terrain, object and outcome banks. No unique track per map, RMG seed, size or level; authored catalog coverage is not a completed-match certification."
scenarios,mirro-meridian-shadow-verdict,Mirro Meridian-Shadow Verdict,content/scenarios.json,Player-faction adventure/battle and terminal outcome music; shared site/action audio,music_overworld_sunvault;music_battle_sunvault;music_outcome_victory;music_outcome_defeat;notice_objective_update;notice_objective_complete,"Reuse faction, terrain, object and outcome banks. No unique track per map, RMG seed, size or level; authored catalog coverage is not a completed-match certification."
scenarios,emberwell-censerwing-updraft,Emberwell Censerwing Updraft,content/scenarios.json,Player-faction adventure/battle and terminal outcome music; shared site/action audio,music_overworld_embercourt;music_battle_embercourt;music_outcome_victory;music_outcome_defeat;notice_objective_update;notice_objective_complete,"Reuse faction, terrain, object and outcome banks. No unique track per map, RMG seed, size or level; authored catalog coverage is not a completed-match certification."
scenarios,fenhook-fenmirror-muster,Fenhook Fenmirror Muster,content/scenarios.json,Player-faction adventure/battle and terminal outcome music; shared site/action audio,music_overworld_mireclaw;music_battle_mireclaw;music_outcome_victory;music_outcome_defeat;notice_objective_update;notice_objective_complete,"Reuse faction, terrain, object and outcome banks. No unique track per map, RMG seed, size or level; authored catalog coverage is not a completed-match certification."
scenarios,glasswind-prismwake-crossing,Glasswind Prismwake Crossing,content/scenarios.json,Player-faction adventure/battle and terminal outcome music; shared site/action audio,music_overworld_sunvault;music_battle_sunvault;music_outcome_victory;music_outcome_defeat;notice_objective_update;notice_objective_complete,"Reuse faction, terrain, object and outcome banks. No unique track per map, RMG seed, size or level; authored catalog coverage is not a completed-match certification."
scenarios,boltroot-knotstag-circuit,Boltroot Knotstag Circuit,content/scenarios.json,Player-faction adventure/battle and terminal outcome music; shared site/action audio,music_overworld_thornwake;music_battle_thornwake;music_outcome_victory;music_outcome_defeat;notice_objective_update;notice_objective_complete,"Reuse faction, terrain, object and outcome banks. No unique track per map, RMG seed, size or level; authored catalog coverage is not a completed-match certification."
scenarios,debtrune-gaugecoil-burrow,Debtrune Gaugecoil Burrow,content/scenarios.json,Player-faction adventure/battle and terminal outcome music; shared site/action audio,music_overworld_brasshollow;music_battle_brasshollow;music_outcome_victory;music_outcome_defeat;notice_objective_update;notice_objective_complete,"Reuse faction, terrain, object and outcome banks. No unique track per map, RMG seed, size or level; authored catalog coverage is not a completed-match certification."
scenarios,mistcorsair-gloambell-sounding,Mist-Corsair Gloambell Sounding,content/scenarios.json,Player-faction adventure/battle and terminal outcome music; shared site/action audio,music_overworld_veilmourn;music_battle_veilmourn;music_outcome_victory;music_outcome_defeat;notice_objective_update;notice_objective_complete,"Reuse faction, terrain, object and outcome banks. No unique track per map, RMG seed, size or level; authored catalog coverage is not a completed-match certification."
scenarios,beaconscribe-dawnwrit-convocation,Dawn-Writ Grand Convocation,content/scenarios.json,Player-faction adventure/battle and terminal outcome music; shared site/action audio,music_overworld_embercourt;music_battle_embercourt;music_outcome_victory;music_outcome_defeat;notice_objective_update;notice_objective_complete,"Reuse faction, terrain, object and outcome banks. No unique track per map, RMG seed, size or level; authored catalog coverage is not a completed-match certification."
scenarios,rotlamp-leechmoon-convocation,Leechmoon Grand Convocation,content/scenarios.json,Player-faction adventure/battle and terminal outcome music; shared site/action audio,music_overworld_mireclaw;music_battle_mireclaw;music_outcome_victory;music_outcome_defeat;notice_objective_update;notice_objective_complete,"Reuse faction, terrain, object and outcome banks. No unique track per map, RMG seed, size or level; authored catalog coverage is not a completed-match certification."
scenarios,daynote-aurora-halo-convocation,Aurora Halo Grand Convocation,content/scenarios.json,Player-faction adventure/battle and terminal outcome music; shared site/action audio,music_overworld_sunvault;music_battle_sunvault;music_outcome_victory;music_outcome_defeat;notice_objective_update;notice_objective_complete,"Reuse faction, terrain, object and outcome banks. No unique track per map, RMG seed, size or level; authored catalog coverage is not a completed-match certification."
scenarios,graftsibyl-loambriar-convocation,Loam-Briar Grand Convocation,content/scenarios.json,Player-faction adventure/battle and terminal outcome music; shared site/action audio,music_overworld_thornwake;music_battle_thornwake;music_outcome_victory;music_outcome_defeat;notice_objective_update;notice_objective_complete,"Reuse faction, terrain, object and outcome banks. No unique track per map, RMG seed, size or level; authored catalog coverage is not a completed-match certification."
scenarios,heatpriest-ashrail-convocation,Ash-Rail Grand Convocation,content/scenarios.json,Player-faction adventure/battle and terminal outcome music; shared site/action audio,music_overworld_brasshollow;music_battle_brasshollow;music_outcome_victory;music_outcome_defeat;notice_objective_update;notice_objective_complete,"Reuse faction, terrain, object and outcome banks. No unique track per map, RMG seed, size or level; authored catalog coverage is not a completed-match certification."
scenarios,vowless-mistmourning-convocation,Mist-Mourning Grand Convocation,content/scenarios.json,Player-faction adventure/battle and terminal outcome music; shared site/action audio,music_overworld_veilmourn;music_battle_veilmourn;music_outcome_victory;music_outcome_defeat;notice_objective_update;notice_objective_complete,"Reuse faction, terrain, object and outcome banks. No unique track per map, RMG seed, size or level; authored catalog coverage is not a completed-match certification."
scenarios,powderwrit-cinderlock-charter-ascent,Cinderlock Charter Ascent,content/scenarios.json,Player-faction adventure/battle and terminal outcome music; shared site/action audio,music_overworld_embercourt;music_battle_embercourt;music_outcome_victory;music_outcome_defeat;notice_objective_update;notice_objective_complete,"Reuse faction, terrain, object and outcome banks. No unique track per map, RMG seed, size or level; authored catalog coverage is not a completed-match certification."
scenarios,reedscript-murkward-antler-ascent,Murkward Antler Ascent,content/scenarios.json,Player-faction adventure/battle and terminal outcome music; shared site/action audio,music_overworld_mireclaw;music_battle_mireclaw;music_outcome_victory;music_outcome_defeat;notice_objective_update;notice_objective_complete,"Reuse faction, terrain, object and outcome banks. No unique track per map, RMG seed, size or level; authored catalog coverage is not a completed-match certification."
scenarios,sevenfold-dawnmirror-daybreak-ascent,Dawnmirror Daybreak Ascent,content/scenarios.json,Player-faction adventure/battle and terminal outcome music; shared site/action audio,music_overworld_sunvault;music_battle_sunvault;music_outcome_victory;music_outcome_defeat;notice_objective_update;notice_objective_complete,"Reuse faction, terrain, object and outcome banks. No unique track per map, RMG seed, size or level; authored catalog coverage is not a completed-match certification."
scenarios,seedseer-graftroot-worldroot-ascent,Graftroot Worldroot Ascent,content/scenarios.json,Player-faction adventure/battle and terminal outcome music; shared site/action audio,music_overworld_thornwake;music_battle_thornwake;music_outcome_victory;music_outcome_defeat;notice_objective_update;notice_objective_complete,"Reuse faction, terrain, object and outcome banks. No unique track per map, RMG seed, size or level; authored catalog coverage is not a completed-match certification."
scenarios,blackgauge-orevein-foundry-ascent,Orevein Foundry Ascent,content/scenarios.json,Player-faction adventure/battle and terminal outcome music; shared site/action audio,music_overworld_brasshollow;music_battle_brasshollow;music_outcome_victory;music_outcome_defeat;notice_objective_update;notice_objective_complete,"Reuse faction, terrain, object and outcome banks. No unique track per map, RMG seed, size or level; authored catalog coverage is not a completed-match certification."
scenarios,keelwarden-bellwake-leviathan-ascent,Bellwake Leviathan Ascent,content/scenarios.json,Player-faction adventure/battle and terminal outcome music; shared site/action audio,music_overworld_veilmourn;music_battle_veilmourn;music_outcome_victory;music_outcome_defeat;notice_objective_update;notice_objective_complete,"Reuse faction, terrain, object and outcome banks. No unique track per map, RMG seed, size or level; authored catalog coverage is not a completed-match certification."
