brief_id,category,title,priority,current_status,target_cue_ids_or_content,edited_duration_seconds,approved_variants,planned_deliverable_files,loop,generation_model,sound_brief,integration_requirement,source_refs,generation_status
ambient_day_pulse,ambience,Day_Pulse ambience,P0,nonfinal_existing,overworld_ambient_day_pulse,45-90,1,1,yes,Medium,"subtle nonmelodic long-session air variation; this is not a day/night cycle or turn-start stinger. Natural continuous bed, no music, no speech, no foreground event or dramatic swell.",Existing terrain/pressure/day route. Edit seamless loop and update 12-second duration validation; biome identity and level selection need separate routing review.,content/ambient_sfx_manifest.json; scripts/autoload/AmbientAudio.gd:193,not_started
ambient_dirt,ambience,Dirt ambience,P0,nonfinal_existing,overworld_ambient_dirt,45-90,1,1,yes,Medium,"dry ground breeze, sparse scrub rustle and restrained outdoor texture. Natural continuous bed, no music, no speech, no foreground event or dramatic swell.",Existing terrain/pressure/day route. Edit seamless loop and update 12-second duration validation; biome identity and level selection need separate routing review.,content/ambient_sfx_manifest.json; scripts/autoload/AmbientAudio.gd:193,not_started
ambient_grass,ambience,Grass ambience,P0,nonfinal_existing,overworld_ambient_grass,45-90,1,1,yes,Medium,"open meadow wind and sparse distant birds, no close footsteps. Natural continuous bed, no music, no speech, no foreground event or dramatic swell.",Existing terrain/pressure/day route. Edit seamless loop and update 12-second duration validation; biome identity and level selection need separate routing review.,content/ambient_sfx_manifest.json; scripts/autoload/AmbientAudio.gd:193,not_started
ambient_lava,ambience,Lava ambience,P0,nonfinal_existing,overworld_ambient_lava,45-90,1,1,yes,Medium,"low hot-earth rumble, restrained lava bubbles and sparse ember crackle. Natural continuous bed, no music, no speech, no foreground event or dramatic swell.",Existing terrain/pressure/day route. Edit seamless loop and update 12-second duration validation; biome identity and level selection need separate routing review.,content/ambient_sfx_manifest.json; scripts/autoload/AmbientAudio.gd:193,not_started
ambient_mire,ambience,Mire ambience,P0,nonfinal_existing,overworld_ambient_mire,45-90,1,1,yes,Medium,"wet reed movement, insects, occasional distant frogs and low marsh air. Natural continuous bed, no music, no speech, no foreground event or dramatic swell.",Existing terrain/pressure/day route. Edit seamless loop and update 12-second duration validation; biome identity and level selection need separate routing review.,content/ambient_sfx_manifest.json; scripts/autoload/AmbientAudio.gd:193,not_started
ambient_pressure,ambience,Pressure ambience,P0,nonfinal_existing,overworld_ambient_pressure,45-90,1,1,yes,Medium,"very quiet nonmelodic unease texture; no fake enemy footsteps or positional warning. Natural continuous bed, no music, no speech, no foreground event or dramatic swell.",Existing terrain/pressure/day route. Edit seamless loop and update 12-second duration validation; biome identity and level selection need separate routing review.,content/ambient_sfx_manifest.json; scripts/autoload/AmbientAudio.gd:193,not_started
ambient_rough,ambience,Rough ambience,P0,nonfinal_existing,overworld_ambient_rough,45-90,1,1,yes,Medium,"exposed rocky ridge wind, sparse distant stone ticks. Natural continuous bed, no music, no speech, no foreground event or dramatic swell.",Existing terrain/pressure/day route. Edit seamless loop and update 12-second duration validation; biome identity and level selection need separate routing review.,content/ambient_sfx_manifest.json; scripts/autoload/AmbientAudio.gd:193,not_started
ambient_sand,ambience,Sand ambience,P0,nonfinal_existing,overworld_ambient_sand,45-90,1,1,yes,Medium,"dry sand hiss and sheltered desert breeze without constant howling. Natural continuous bed, no music, no speech, no foreground event or dramatic swell.",Existing terrain/pressure/day route. Edit seamless loop and update 12-second duration validation; biome identity and level selection need separate routing review.,content/ambient_sfx_manifest.json; scripts/autoload/AmbientAudio.gd:193,not_started
ambient_snow,ambience,Snow ambience,P0,nonfinal_existing,overworld_ambient_snow,45-90,1,1,yes,Medium,"soft cold wind and rare distant ice creaks, no footstep loop. Natural continuous bed, no music, no speech, no foreground event or dramatic swell.",Existing terrain/pressure/day route. Edit seamless loop and update 12-second duration validation; biome identity and level selection need separate routing review.,content/ambient_sfx_manifest.json; scripts/autoload/AmbientAudio.gd:193,not_started
ambient_underground,ambience,Underground ambience,P0,nonfinal_existing,overworld_ambient_underground,45-90,1,1,yes,Medium,"subterranean air, distant drips and occasional rock resonance. Natural continuous bed, no music, no speech, no foreground event or dramatic swell.",Existing terrain/pressure/day route. Edit seamless loop and update 12-second duration validation; biome identity and level selection need separate routing review.,content/ambient_sfx_manifest.json; scripts/autoload/AmbientAudio.gd:193,not_started
ambient_water,ambience,Water ambience,P0,nonfinal_existing,overworld_ambient_water,45-90,1,1,yes,Medium,"gentle shoreline wash with water lapping, sparse distant seabirds. Natural continuous bed, no music, no speech, no foreground event or dramatic swell.",Existing terrain/pressure/day route. Edit seamless loop and update 12-second duration validation; biome identity and level selection need separate routing review.,content/ambient_sfx_manifest.json; scripts/autoload/AmbientAudio.gd:193,not_started
replace_audio_placeholder_cast,battle,Cast,P0,nonfinal_existing,audio_placeholder_cast,0.22,1,1,no,Small-SFX,"short focused energy gathering and release, neutral fallback. Isolated recording, no speech, no music, minimal room tail.",Existing cue/path; preserve onset and current event timing. Record longer source then trim. Any longer tail requires lifetime/timing/validator review; variant selection is not currently wired.,content/battle_sfx_manifest.json; content/animation_event_cues.json,not_started
replace_audio_placeholder_defend,battle,Defend,P0,nonfinal_existing,audio_placeholder_defend,0.1,1,1,no,Small-SFX,"shield raised and firm brace, no attack hit. Isolated recording, no speech, no music, minimal room tail.",Existing cue/path; preserve onset and current event timing. Record longer source then trim. Any longer tail requires lifetime/timing/validator review; variant selection is not currently wired.,content/battle_sfx_manifest.json; content/animation_event_cues.json,not_started
replace_audio_placeholder_hit,battle,Hit,P0,nonfinal_existing,audio_placeholder_hit,0.1,1,1,no,Small-SFX,"compact body and equipment impact with clear attack and short decay, no gore emphasis. Isolated recording, no speech, no music, minimal room tail.",Existing cue/path; preserve onset and current event timing. Record longer source then trim. Any longer tail requires lifetime/timing/validator review; variant selection is not currently wired.,content/battle_sfx_manifest.json; content/animation_event_cues.json,not_started
replace_audio_placeholder_idle_soft,battle,Idle Soft,P0,nonfinal_existing,audio_placeholder_idle_soft,0.07,1,1,no,Small-SFX,"barely audible clothing or equipment settling; no constant creature grunting. Isolated recording, no speech, no music, minimal room tail.",Existing cue/path; preserve onset and current event timing. Record longer source then trim. Any longer tail requires lifetime/timing/validator review; variant selection is not currently wired.,content/battle_sfx_manifest.json; content/animation_event_cues.json,not_started
replace_audio_placeholder_melee_release,battle,Melee Release,P0,nonfinal_existing,audio_placeholder_melee_release,0.12,1,1,no,Small-SFX,"single close weapon swing through air, no impact baked in. Isolated recording, no speech, no music, minimal room tail.",Existing cue/path; preserve onset and current event timing. Record longer source then trim. Any longer tail requires lifetime/timing/validator review; variant selection is not currently wired.,content/battle_sfx_manifest.json; content/animation_event_cues.json,not_started
replace_audio_placeholder_ranged_release,battle,Ranged Release,P0,nonfinal_existing,audio_placeholder_ranged_release,0.15,1,1,no,Small-SFX,"bowstring snap with a short projectile air flick, no impact baked in. Isolated recording, no speech, no music, minimal room tail.",Existing cue/path; preserve onset and current event timing. Record longer source then trim. Any longer tail requires lifetime/timing/validator review; variant selection is not currently wired.,content/battle_sfx_manifest.json; content/animation_event_cues.json,not_started
replace_audio_placeholder_retaliation,battle,Retaliation,P0,nonfinal_existing,audio_placeholder_retaliation,0.13,1,1,no,Small-SFX,"quick counter-swing air accent, distinct from the subsequent impact. Isolated recording, no speech, no music, minimal room tail.",Existing cue/path; preserve onset and current event timing. Record longer source then trim. Any longer tail requires lifetime/timing/validator review; variant selection is not currently wired.,content/battle_sfx_manifest.json; content/animation_event_cues.json,not_started
replace_audio_placeholder_retreat_order,battle,Retreat Order,P0,nonfinal_existing,audio_placeholder_retreat_order,0.21,1,1,no,Small-SFX,"short descending field-horn order, urgent but restrained. Isolated recording, no speech, no music, minimal room tail.",Existing cue/path; preserve onset and current event timing. Record longer source then trim. Any longer tail requires lifetime/timing/validator review; variant selection is not currently wired.,content/battle_sfx_manifest.json; content/animation_event_cues.json,not_started
replace_audio_placeholder_status_apply,battle,Status Apply,P0,nonfinal_existing,audio_placeholder_status_apply,0.19,1,1,no,Small-SFX,"brief neutral arcane pulse settling onto a target, no school-specific melody. Isolated recording, no speech, no music, minimal room tail.",Existing cue/path; preserve onset and current event timing. Record longer source then trim. Any longer tail requires lifetime/timing/validator review; variant selection is not currently wired.,content/battle_sfx_manifest.json; content/animation_event_cues.json,not_started
replace_audio_placeholder_status_clear,battle,Status Clear,P0,nonfinal_existing,audio_placeholder_status_clear,0.15,1,1,no,Small-SFX,"soft dispersal and gentle release of tension. Isolated recording, no speech, no music, minimal room tail.",Existing cue/path; preserve onset and current event timing. Record longer source then trim. Any longer tail requires lifetime/timing/validator review; variant selection is not currently wired.,content/battle_sfx_manifest.json; content/animation_event_cues.json,not_started
replace_audio_placeholder_surrender_order,battle,Surrender Order,P0,nonfinal_existing,audio_placeholder_surrender_order,0.21,1,1,no,Small-SFX,"quiet lowered-horn phrase and cloth settling, distinct from retreat. Isolated recording, no speech, no music, minimal room tail.",Existing cue/path; preserve onset and current event timing. Record longer source then trim. Any longer tail requires lifetime/timing/validator review; variant selection is not currently wired.,content/battle_sfx_manifest.json; content/animation_event_cues.json,not_started
replace_audio_placeholder_turn_ready,battle,Turn Ready,P0,nonfinal_existing,audio_placeholder_turn_ready,0.11,1,1,no,Small-SFX,"tiny low-fatigue command accent, audible under music without becoming a notification alarm. Isolated recording, no speech, no music, minimal room tail.",Existing cue/path; preserve onset and current event timing. Record longer source then trim. Any longer tail requires lifetime/timing/validator review; variant selection is not currently wired.,content/battle_sfx_manifest.json; content/animation_event_cues.json,not_started
replace_audio_placeholder_unit_rout,battle,Unit Rout,P0,nonfinal_existing,audio_placeholder_unit_rout,0.26,1,1,no,Small-SFX,"equipment collapse and receding movement, concise defeat gesture with no speech. Isolated recording, no speech, no music, minimal room tail.",Existing cue/path; preserve onset and current event timing. Record longer source then trim. Any longer tail requires lifetime/timing/validator review; variant selection is not currently wired.,content/battle_sfx_manifest.json; content/animation_event_cues.json,not_started
replace_audio_placeholder_unit_step,battle,Unit Step,P0,nonfinal_existing,audio_placeholder_unit_step,0.08,1,1,no,Small-SFX,"one dry bootstep and tiny equipment movement, no repeating gait baked in. Isolated recording, no speech, no music, minimal room tail.",Existing cue/path; preserve onset and current event timing. Record longer source then trim. Any longer tail requires lifetime/timing/validator review; variant selection is not currently wired.,content/battle_sfx_manifest.json; content/animation_event_cues.json,not_started
replace_audio_spell_briar_bind,battle,Spell Control Bind,P0,nonfinal_existing,audio_spell_briar_bind,0.27,1,1,no,Small-SFX,"roots whipping outward and fibrous wood tightening around a target. Isolated recording, no speech, no music, minimal room tail.",Existing cue/path; preserve onset and current event timing. Record longer source then trim. Any longer tail requires lifetime/timing/validator review; variant selection is not currently wired.,content/battle_sfx_manifest.json; content/animation_event_cues.json,not_started
replace_audio_spell_cinder_burst,battle,Spell Damage Fire,P0,nonfinal_existing,audio_spell_cinder_burst,0.26,1,1,no,Small-SFX,"tight ignition, fiery pressure pop and dry ember decay. Isolated recording, no speech, no music, minimal room tail.",Existing cue/path; preserve onset and current event timing. Record longer source then trim. Any longer tail requires lifetime/timing/validator review; variant selection is not currently wired.,content/battle_sfx_manifest.json; content/animation_event_cues.json,not_started
replace_audio_spell_coal_rain,battle,Spell Damage Rain,P0,nonfinal_existing,audio_spell_coal_rain,0.3,1,1,no,Small-SFX,"brief clustered hot coal impacts with gritty crackling tails. Isolated recording, no speech, no music, minimal room tail.",Existing cue/path; preserve onset and current event timing. Record longer source then trim. Any longer tail requires lifetime/timing/validator review; variant selection is not currently wired.,content/battle_sfx_manifest.json; content/animation_event_cues.json,not_started
replace_audio_spell_command_ward,battle,Spell Buff,P0,nonfinal_existing,audio_spell_command_ward,0.24,1,1,no,Small-SFX,"neutral protective field settling with a warm low pulse; shared effect fallback. Isolated recording, no speech, no music, minimal room tail.",Existing cue/path; preserve onset and current event timing. Record longer source then trim. Any longer tail requires lifetime/timing/validator review; variant selection is not currently wired.,content/battle_sfx_manifest.json; content/animation_event_cues.json,not_started
replace_audio_spell_graft_mend,battle,Spell Recovery,P0,nonfinal_existing,audio_spell_graft_mend,0.28,1,1,no,Small-SFX,"gentle living-wood growth, leaf movement and a warm healing resolution. Isolated recording, no speech, no music, minimal room tail.",Existing cue/path; preserve onset and current event timing. Record longer source then trim. Any longer tail requires lifetime/timing/validator review; variant selection is not currently wired.,content/battle_sfx_manifest.json; content/animation_event_cues.json,not_started
replace_audio_spell_prism_bastion,battle,Spell Cleanse,P0,nonfinal_existing,audio_spell_prism_bastion,0.27,1,1,no,Small-SFX,"clean crystalline facets locking, followed by a restrained cleansing shimmer. Isolated recording, no speech, no music, minimal room tail.",Existing cue/path; preserve onset and current event timing. Record longer source then trim. Any longer tail requires lifetime/timing/validator review; variant selection is not currently wired.,content/battle_sfx_manifest.json; content/animation_event_cues.json,not_started
replace_audio_spell_resonant_chorus,battle,Spell Tempo Chorus,P0,nonfinal_existing,audio_spell_resonant_chorus,0.29,1,1,no,Small-SFX,"short layered instrumental harmonic rising in confidence, no lyrics. Isolated recording, no speech, no music, minimal room tail.",Existing cue/path; preserve onset and current event timing. Record longer source then trim. Any longer tail requires lifetime/timing/validator review; variant selection is not currently wired.,content/battle_sfx_manifest.json; content/animation_event_cues.json,not_started
replace_audio_spell_sunlance_arc,battle,Spell Damage Lance,P0,nonfinal_existing,audio_spell_sunlance_arc,0.24,1,1,no,Small-SFX,"sharp glass-light charge and focused radiant lance sweep. Isolated recording, no speech, no music, minimal room tail.",Existing cue/path; preserve onset and current event timing. Record longer source then trim. Any longer tail requires lifetime/timing/validator review; variant selection is not currently wired.,content/battle_sfx_manifest.json; content/animation_event_cues.json,not_started
music_battle,music,Battle,P0,nonfinal_existing,music_battle_theme;music_battle_theme_harmony;music_battle_theme_motion,90-150,1,3,yes,Medium,"Instrumental, no vocals. clear restrained urgency, rhythmic purpose and space for attack/impact sounds. original acoustic fantasy ensemble: flute, lute, strings, horns and restrained hand percussion; exploration, wonder and consequence. Deliver one coherent composition arranged into synchronized root, harmony and motion stems.","Existing route. Longer-loop manifest/tests update; shared exact stem length, key, tempo and loop boundary. Compose/edit one piece before stems; never stack three independent generations.",content/music_runtime_manifest.json; scripts/autoload/MusicAudio.gd:227; tools/generate_music_runtime_assets.py:25,not_started
music_battle_brasshollow,music,Battle Brasshollow,P0,nonfinal_existing,music_battle_brasshollow_theme;music_battle_brasshollow_theme_harmony;music_battle_brasshollow_theme_motion,90-150,1,3,yes,Medium,"Instrumental, no vocals. clear restrained urgency, rhythmic purpose and space for attack/impact sounds. low brass, struck iron, deep drums and measured mechanical rhythms; furnace works, pressure and contractual discipline. Deliver one coherent composition arranged into synchronized root, harmony and motion stems.","Existing route. Longer-loop manifest/tests update; shared exact stem length, key, tempo and loop boundary. Compose/edit one piece before stems; never stack three independent generations.",content/music_runtime_manifest.json; scripts/autoload/MusicAudio.gd:227; tools/generate_music_runtime_assets.py:25,not_started
music_battle_embercourt,music,Battle Embercourt,P0,nonfinal_existing,music_battle_embercourt_theme;music_battle_embercourt_theme_harmony;music_battle_embercourt_theme_motion,90-150,1,3,yes,Medium,"Instrumental, no vocals. clear restrained urgency, rhythmic purpose and space for attack/impact sounds. warm horns, restrained field drums, plucked strings and small civic bells; river-charter confidence and humane resolve. Deliver one coherent composition arranged into synchronized root, harmony and motion stems.","Existing route. Longer-loop manifest/tests update; shared exact stem length, key, tempo and loop boundary. Compose/edit one piece before stems; never stack three independent generations.",content/music_runtime_manifest.json; scripts/autoload/MusicAudio.gd:227; tools/generate_music_runtime_assets.py:25,not_started
music_battle_mireclaw,music,Battle Mireclaw,P0,nonfinal_existing,music_battle_mireclaw_theme;music_battle_mireclaw_theme_harmony;music_battle_mireclaw_theme_motion,90-150,1,3,yes,Medium,"Instrumental, no vocals. clear restrained urgency, rhythmic purpose and space for attack/impact sounds. low skin drums, breathy reeds, rough bowed bass and irregular hand percussion; patient bog hunters and ferry-chain tension. Deliver one coherent composition arranged into synchronized root, harmony and motion stems.","Existing route. Longer-loop manifest/tests update; shared exact stem length, key, tempo and loop boundary. Compose/edit one piece before stems; never stack three independent generations.",content/music_runtime_manifest.json; scripts/autoload/MusicAudio.gd:227; tools/generate_music_runtime_assets.py:25,not_started
music_battle_sunvault,music,Battle Sunvault,P0,nonfinal_existing,music_battle_sunvault_theme;music_battle_sunvault_theme_harmony;music_battle_sunvault_theme_motion,90-150,1,3,yes,Medium,"Instrumental, no vocals. clear restrained urgency, rhythmic purpose and space for attack/impact sounds. glass harmonics, clean mallets, bright strings and precise interlocking rhythms; crystal relays and carefully timed power. Deliver one coherent composition arranged into synchronized root, harmony and motion stems.","Existing route. Longer-loop manifest/tests update; shared exact stem length, key, tempo and loop boundary. Compose/edit one piece before stems; never stack three independent generations.",content/music_runtime_manifest.json; scripts/autoload/MusicAudio.gd:227; tools/generate_music_runtime_assets.py:25,not_started
music_battle_thornwake,music,Battle Thornwake,P0,nonfinal_existing,music_battle_thornwake_theme;music_battle_thornwake_theme_harmony;music_battle_thornwake_theme_motion,90-150,1,3,yes,Medium,"Instrumental, no vocals. clear restrained urgency, rhythmic purpose and space for attack/impact sounds. wooden flute, plucked wood, soft bowed strings and seed-rattle percussion; living orchards, recovery and encroaching roots. Deliver one coherent composition arranged into synchronized root, harmony and motion stems.","Existing route. Longer-loop manifest/tests update; shared exact stem length, key, tempo and loop boundary. Compose/edit one piece before stems; never stack three independent generations.",content/music_runtime_manifest.json; scripts/autoload/MusicAudio.gd:227; tools/generate_music_runtime_assets.py:25,not_started
music_battle_veilmourn,music,Battle Veilmourn,P0,nonfinal_existing,music_battle_veilmourn_theme;music_battle_veilmourn_theme_harmony;music_battle_veilmourn_theme_motion,90-150,1,3,yes,Medium,"Instrumental, no vocals. clear restrained urgency, rhythmic purpose and space for attack/impact sounds. distant funeral bells, breathy low winds, bowed strings and muted frame drums; fog, memory, tides and solemn resolve. Deliver one coherent composition arranged into synchronized root, harmony and motion stems.","Existing route. Longer-loop manifest/tests update; shared exact stem length, key, tempo and loop boundary. Compose/edit one piece before stems; never stack three independent generations.",content/music_runtime_manifest.json; scripts/autoload/MusicAudio.gd:227; tools/generate_music_runtime_assets.py:25,not_started
music_menu,music,Menu,P0,nonfinal_existing,music_menu_theme;music_menu_theme_harmony;music_menu_theme_motion,120-180,1,3,yes,Medium,"Instrumental, no vocals. broad inviting title theme with memorable original motif and a clear horizon. original acoustic fantasy ensemble: flute, lute, strings, horns and restrained hand percussion; exploration, wonder and consequence. Deliver one coherent composition arranged into synchronized root, harmony and motion stems.","Existing route. Longer-loop manifest/tests update; shared exact stem length, key, tempo and loop boundary. Compose/edit one piece before stems; never stack three independent generations.",content/music_runtime_manifest.json; scripts/autoload/MusicAudio.gd:227; tools/generate_music_runtime_assets.py:25,not_started
music_outcome,music,Outcome,P0,nonfinal_existing,music_outcome_theme;music_outcome_theme_harmony;music_outcome_theme_motion,30-60,1,3,yes,Medium,"Instrumental, no vocals. reflective neutral aftermath without assuming win or loss. original acoustic fantasy ensemble: flute, lute, strings, horns and restrained hand percussion; exploration, wonder and consequence. Deliver one coherent composition arranged into synchronized root, harmony and motion stems.","Existing route. Longer-loop manifest/tests update; shared exact stem length, key, tempo and loop boundary. Compose/edit one piece before stems; never stack three independent generations.",content/music_runtime_manifest.json; scripts/autoload/MusicAudio.gd:227; tools/generate_music_runtime_assets.py:25,not_started
music_outcome_defeat,music,Outcome Defeat,P0,nonfinal_existing,music_outcome_defeat_theme;music_outcome_defeat_theme_harmony;music_outcome_defeat_theme_motion,30-60,1,3,yes,Medium,"Instrumental, no vocals. dignified loss, unresolved sadness and room to regroup. original acoustic fantasy ensemble: flute, lute, strings, horns and restrained hand percussion; exploration, wonder and consequence. Deliver one coherent composition arranged into synchronized root, harmony and motion stems.","Existing route. Longer-loop manifest/tests update; shared exact stem length, key, tempo and loop boundary. Compose/edit one piece before stems; never stack three independent generations.",content/music_runtime_manifest.json; scripts/autoload/MusicAudio.gd:227; tools/generate_music_runtime_assets.py:25,not_started
music_outcome_victory,music,Outcome Victory,P0,nonfinal_existing,music_outcome_victory_theme;music_outcome_victory_theme_harmony;music_outcome_victory_theme_motion,30-60,1,3,yes,Medium,"Instrumental, no vocals. earned victory, warm resolution and restrained celebration. original acoustic fantasy ensemble: flute, lute, strings, horns and restrained hand percussion; exploration, wonder and consequence. Deliver one coherent composition arranged into synchronized root, harmony and motion stems.","Existing route. Longer-loop manifest/tests update; shared exact stem length, key, tempo and loop boundary. Compose/edit one piece before stems; never stack three independent generations.",content/music_runtime_manifest.json; scripts/autoload/MusicAudio.gd:227; tools/generate_music_runtime_assets.py:25,not_started
music_overworld,music,Overworld,P0,nonfinal_existing,music_overworld_theme;music_overworld_theme_harmony;music_overworld_theme_motion,120-180,1,3,yes,Medium,"Instrumental, no vocals. patient exploration, spacious phrases, low fatigue over long turns. original acoustic fantasy ensemble: flute, lute, strings, horns and restrained hand percussion; exploration, wonder and consequence. Deliver one coherent composition arranged into synchronized root, harmony and motion stems.","Existing route. Longer-loop manifest/tests update; shared exact stem length, key, tempo and loop boundary. Compose/edit one piece before stems; never stack three independent generations.",content/music_runtime_manifest.json; scripts/autoload/MusicAudio.gd:227; tools/generate_music_runtime_assets.py:25,not_started
music_overworld_brasshollow,music,Overworld Brasshollow,P0,nonfinal_existing,music_overworld_brasshollow_theme;music_overworld_brasshollow_theme_harmony;music_overworld_brasshollow_theme_motion,120-180,1,3,yes,Medium,"Instrumental, no vocals. patient exploration, spacious phrases, low fatigue over long turns. low brass, struck iron, deep drums and measured mechanical rhythms; furnace works, pressure and contractual discipline. Deliver one coherent composition arranged into synchronized root, harmony and motion stems.","Existing route. Longer-loop manifest/tests update; shared exact stem length, key, tempo and loop boundary. Compose/edit one piece before stems; never stack three independent generations.",content/music_runtime_manifest.json; scripts/autoload/MusicAudio.gd:227; tools/generate_music_runtime_assets.py:25,not_started
music_overworld_embercourt,music,Overworld Embercourt,P0,nonfinal_existing,music_overworld_embercourt_theme;music_overworld_embercourt_theme_harmony;music_overworld_embercourt_theme_motion,120-180,1,3,yes,Medium,"Instrumental, no vocals. patient exploration, spacious phrases, low fatigue over long turns. warm horns, restrained field drums, plucked strings and small civic bells; river-charter confidence and humane resolve. Deliver one coherent composition arranged into synchronized root, harmony and motion stems.","Existing route. Longer-loop manifest/tests update; shared exact stem length, key, tempo and loop boundary. Compose/edit one piece before stems; never stack three independent generations.",content/music_runtime_manifest.json; scripts/autoload/MusicAudio.gd:227; tools/generate_music_runtime_assets.py:25,not_started
music_overworld_mireclaw,music,Overworld Mireclaw,P0,nonfinal_existing,music_overworld_mireclaw_theme;music_overworld_mireclaw_theme_harmony;music_overworld_mireclaw_theme_motion,120-180,1,3,yes,Medium,"Instrumental, no vocals. patient exploration, spacious phrases, low fatigue over long turns. low skin drums, breathy reeds, rough bowed bass and irregular hand percussion; patient bog hunters and ferry-chain tension. Deliver one coherent composition arranged into synchronized root, harmony and motion stems.","Existing route. Longer-loop manifest/tests update; shared exact stem length, key, tempo and loop boundary. Compose/edit one piece before stems; never stack three independent generations.",content/music_runtime_manifest.json; scripts/autoload/MusicAudio.gd:227; tools/generate_music_runtime_assets.py:25,not_started
music_overworld_sunvault,music,Overworld Sunvault,P0,nonfinal_existing,music_overworld_sunvault_theme;music_overworld_sunvault_theme_harmony;music_overworld_sunvault_theme_motion,120-180,1,3,yes,Medium,"Instrumental, no vocals. patient exploration, spacious phrases, low fatigue over long turns. glass harmonics, clean mallets, bright strings and precise interlocking rhythms; crystal relays and carefully timed power. Deliver one coherent composition arranged into synchronized root, harmony and motion stems.","Existing route. Longer-loop manifest/tests update; shared exact stem length, key, tempo and loop boundary. Compose/edit one piece before stems; never stack three independent generations.",content/music_runtime_manifest.json; scripts/autoload/MusicAudio.gd:227; tools/generate_music_runtime_assets.py:25,not_started
music_overworld_thornwake,music,Overworld Thornwake,P0,nonfinal_existing,music_overworld_thornwake_theme;music_overworld_thornwake_theme_harmony;music_overworld_thornwake_theme_motion,120-180,1,3,yes,Medium,"Instrumental, no vocals. patient exploration, spacious phrases, low fatigue over long turns. wooden flute, plucked wood, soft bowed strings and seed-rattle percussion; living orchards, recovery and encroaching roots. Deliver one coherent composition arranged into synchronized root, harmony and motion stems.","Existing route. Longer-loop manifest/tests update; shared exact stem length, key, tempo and loop boundary. Compose/edit one piece before stems; never stack three independent generations.",content/music_runtime_manifest.json; scripts/autoload/MusicAudio.gd:227; tools/generate_music_runtime_assets.py:25,not_started
music_overworld_veilmourn,music,Overworld Veilmourn,P0,nonfinal_existing,music_overworld_veilmourn_theme;music_overworld_veilmourn_theme_harmony;music_overworld_veilmourn_theme_motion,120-180,1,3,yes,Medium,"Instrumental, no vocals. patient exploration, spacious phrases, low fatigue over long turns. distant funeral bells, breathy low winds, bowed strings and muted frame drums; fog, memory, tides and solemn resolve. Deliver one coherent composition arranged into synchronized root, harmony and motion stems.","Existing route. Longer-loop manifest/tests update; shared exact stem length, key, tempo and loop boundary. Compose/edit one piece before stems; never stack three independent generations.",content/music_runtime_manifest.json; scripts/autoload/MusicAudio.gd:227; tools/generate_music_runtime_assets.py:25,not_started
music_town,music,Town,P0,nonfinal_existing,music_town_theme;music_town_theme_harmony;music_town_theme_motion,120-180,1,3,yes,Medium,"Instrumental, no vocals. warm settled place identity with small internal development and breathing room. original acoustic fantasy ensemble: flute, lute, strings, horns and restrained hand percussion; exploration, wonder and consequence. Deliver one coherent composition arranged into synchronized root, harmony and motion stems.","Existing route. Longer-loop manifest/tests update; shared exact stem length, key, tempo and loop boundary. Compose/edit one piece before stems; never stack three independent generations.",content/music_runtime_manifest.json; scripts/autoload/MusicAudio.gd:227; tools/generate_music_runtime_assets.py:25,not_started
music_town_brasshollow,music,Town Brasshollow,P0,nonfinal_existing,music_town_brasshollow_theme;music_town_brasshollow_theme_harmony;music_town_brasshollow_theme_motion,120-180,1,3,yes,Medium,"Instrumental, no vocals. warm settled place identity with small internal development and breathing room. low brass, struck iron, deep drums and measured mechanical rhythms; furnace works, pressure and contractual discipline. Deliver one coherent composition arranged into synchronized root, harmony and motion stems.","Existing route. Longer-loop manifest/tests update; shared exact stem length, key, tempo and loop boundary. Compose/edit one piece before stems; never stack three independent generations.",content/music_runtime_manifest.json; scripts/autoload/MusicAudio.gd:227; tools/generate_music_runtime_assets.py:25,not_started
music_town_embercourt,music,Town Embercourt,P0,nonfinal_existing,music_town_embercourt_theme;music_town_embercourt_theme_harmony;music_town_embercourt_theme_motion,120-180,1,3,yes,Medium,"Instrumental, no vocals. warm settled place identity with small internal development and breathing room. warm horns, restrained field drums, plucked strings and small civic bells; river-charter confidence and humane resolve. Deliver one coherent composition arranged into synchronized root, harmony and motion stems.","Existing route. Longer-loop manifest/tests update; shared exact stem length, key, tempo and loop boundary. Compose/edit one piece before stems; never stack three independent generations.",content/music_runtime_manifest.json; scripts/autoload/MusicAudio.gd:227; tools/generate_music_runtime_assets.py:25,not_started
music_town_mireclaw,music,Town Mireclaw,P0,nonfinal_existing,music_town_mireclaw_theme;music_town_mireclaw_theme_harmony;music_town_mireclaw_theme_motion,120-180,1,3,yes,Medium,"Instrumental, no vocals. warm settled place identity with small internal development and breathing room. low skin drums, breathy reeds, rough bowed bass and irregular hand percussion; patient bog hunters and ferry-chain tension. Deliver one coherent composition arranged into synchronized root, harmony and motion stems.","Existing route. Longer-loop manifest/tests update; shared exact stem length, key, tempo and loop boundary. Compose/edit one piece before stems; never stack three independent generations.",content/music_runtime_manifest.json; scripts/autoload/MusicAudio.gd:227; tools/generate_music_runtime_assets.py:25,not_started
music_town_sunvault,music,Town Sunvault,P0,nonfinal_existing,music_town_sunvault_theme;music_town_sunvault_theme_harmony;music_town_sunvault_theme_motion,120-180,1,3,yes,Medium,"Instrumental, no vocals. warm settled place identity with small internal development and breathing room. glass harmonics, clean mallets, bright strings and precise interlocking rhythms; crystal relays and carefully timed power. Deliver one coherent composition arranged into synchronized root, harmony and motion stems.","Existing route. Longer-loop manifest/tests update; shared exact stem length, key, tempo and loop boundary. Compose/edit one piece before stems; never stack three independent generations.",content/music_runtime_manifest.json; scripts/autoload/MusicAudio.gd:227; tools/generate_music_runtime_assets.py:25,not_started
music_town_thornwake,music,Town Thornwake,P0,nonfinal_existing,music_town_thornwake_theme;music_town_thornwake_theme_harmony;music_town_thornwake_theme_motion,120-180,1,3,yes,Medium,"Instrumental, no vocals. warm settled place identity with small internal development and breathing room. wooden flute, plucked wood, soft bowed strings and seed-rattle percussion; living orchards, recovery and encroaching roots. Deliver one coherent composition arranged into synchronized root, harmony and motion stems.","Existing route. Longer-loop manifest/tests update; shared exact stem length, key, tempo and loop boundary. Compose/edit one piece before stems; never stack three independent generations.",content/music_runtime_manifest.json; scripts/autoload/MusicAudio.gd:227; tools/generate_music_runtime_assets.py:25,not_started
music_town_veilmourn,music,Town Veilmourn,P0,nonfinal_existing,music_town_veilmourn_theme;music_town_veilmourn_theme_harmony;music_town_veilmourn_theme_motion,120-180,1,3,yes,Medium,"Instrumental, no vocals. warm settled place identity with small internal development and breathing room. distant funeral bells, breathy low winds, bowed strings and muted frame drums; fog, memory, tides and solemn resolve. Deliver one coherent composition arranged into synchronized root, harmony and motion stems.","Existing route. Longer-loop manifest/tests update; shared exact stem length, key, tempo and loop boundary. Compose/edit one piece before stems; never stack three independent generations.",content/music_runtime_manifest.json; scripts/autoload/MusicAudio.gd:227; tools/generate_music_runtime_assets.py:25,not_started
replace_audio_placeholder_artifact_claim,presentation,Overworld Artifact Recovered,P0,nonfinal_existing,audio_placeholder_artifact_claim,0.42,1,1,no,Small-SFX,"relic unwrapped from a chest, old metal and a brief wondrous shimmer. Isolated recording, no speech, no music, minimal room tail.",Existing cue/path; preserve onset and current event timing. Record longer source then trim. Any longer tail requires lifetime/timing/validator review; variant selection is not currently wired.,content/presentation_sfx_manifest.json; content/animation_event_cues.json,not_started
replace_audio_placeholder_artifact_equip,presentation,Overworld Artifact Equipped,P0,nonfinal_existing,audio_placeholder_artifact_equip,0.26,1,1,no,Small-SFX,"leather buckle and firm metal clasp engaging. Isolated recording, no speech, no music, minimal room tail.",Existing cue/path; preserve onset and current event timing. Record longer source then trim. Any longer tail requires lifetime/timing/validator review; variant selection is not currently wired.,content/presentation_sfx_manifest.json; content/animation_event_cues.json,not_started
replace_audio_placeholder_artifact_stow,presentation,Overworld Artifact Stowed,P0,nonfinal_existing,audio_placeholder_artifact_stow,0.28,1,1,no,Small-SFX,"cloth satchel opening and a small object gently settling inside. Isolated recording, no speech, no music, minimal room tail.",Existing cue/path; preserve onset and current event timing. Record longer source then trim. Any longer tail requires lifetime/timing/validator review; variant selection is not currently wired.,content/presentation_sfx_manifest.json; content/animation_event_cues.json,not_started
replace_audio_placeholder_blocked_object,presentation,Overworld Object Blocked,P0,nonfinal_existing,audio_placeholder_blocked_object,0.34,1,1,no,Small-SFX,"dull barred-gate knock, distinct from invalid route. Isolated recording, no speech, no music, minimal room tail.",Existing cue/path; preserve onset and current event timing. Record longer source then trim. Any longer tail requires lifetime/timing/validator review; variant selection is not currently wired.,content/presentation_sfx_manifest.json; content/animation_event_cues.json,not_started
replace_audio_placeholder_capture,presentation,Overworld Object Captured,P0,nonfinal_existing,audio_placeholder_capture,0.42,1,1,no,Small-SFX,"small banner unfurl and restrained ownership accent. Isolated recording, no speech, no music, minimal room tail.",Existing cue/path; preserve onset and current event timing. Record longer source then trim. Any longer tail requires lifetime/timing/validator review; variant selection is not currently wired.,content/presentation_sfx_manifest.json; content/animation_event_cues.json,not_started
replace_audio_placeholder_collect,presentation,Overworld Object Depleted,P0,nonfinal_existing,audio_placeholder_collect,0.28,1,1,no,Small-SFX,"small pouch pickup and stock rustle, distinct from artifact discovery. Isolated recording, no speech, no music, minimal room tail.",Existing cue/path; preserve onset and current event timing. Record longer source then trim. Any longer tail requires lifetime/timing/validator review; variant selection is not currently wired.,content/presentation_sfx_manifest.json; content/animation_event_cues.json,not_started
replace_audio_placeholder_guard_warning,presentation,Overworld Object Guarded,P0,nonfinal_existing,audio_placeholder_guard_warning,0.34,1,1,no,Small-SFX,"subtle tense weapon scrape and low warning accent. Isolated recording, no speech, no music, minimal room tail.",Existing cue/path; preserve onset and current event timing. Record longer source then trim. Any longer tail requires lifetime/timing/validator review; variant selection is not currently wired.,content/presentation_sfx_manifest.json; content/animation_event_cues.json,not_started
replace_audio_placeholder_invalid_route,presentation,Overworld Route Blocked,P0,nonfinal_existing,audio_placeholder_invalid_route,0.3,1,1,no,Small-SFX,"short low refusal knock for an impossible route. Isolated recording, no speech, no music, minimal room tail.",Existing cue/path; preserve onset and current event timing. Record longer source then trim. Any longer tail requires lifetime/timing/validator review; variant selection is not currently wired.,content/presentation_sfx_manifest.json; content/animation_event_cues.json,not_started
replace_audio_placeholder_load_resume,presentation,System Load Resumed,P0,nonfinal_existing,audio_placeholder_load_resume,0.36,1,1,no,Small-SFX,"book reopening with a soft returning breath. Isolated recording, no speech, no music, minimal room tail.",Existing cue/path; preserve onset and current event timing. Record longer source then trim. Any longer tail requires lifetime/timing/validator review; variant selection is not currently wired.,content/presentation_sfx_manifest.json; content/animation_event_cues.json,not_started
replace_audio_placeholder_map_step,presentation,Overworld Route Moved,P0,nonfinal_existing,audio_placeholder_map_step,0.22,1,1,no,Small-SFX,"muted boot and travelling equipment step, readable without rapid-fire rattling. Isolated recording, no speech, no music, minimal room tail.",Existing cue/path; preserve onset and current event timing. Record longer source then trim. Any longer tail requires lifetime/timing/validator review; variant selection is not currently wired.,content/presentation_sfx_manifest.json; content/animation_event_cues.json,not_started
replace_audio_placeholder_object_focus,presentation,Overworld Object Selected,P0,nonfinal_existing,audio_placeholder_object_focus,0.26,1,1,no,Small-SFX,"delicate wooden pointer tap, quieter than committing a visit. Isolated recording, no speech, no music, minimal room tail.",Existing cue/path; preserve onset and current event timing. Record longer source then trim. Any longer tail requires lifetime/timing/validator review; variant selection is not currently wired.,content/presentation_sfx_manifest.json; content/animation_event_cues.json,not_started
replace_audio_placeholder_object_visit,presentation,Overworld Object Visited,P0,nonfinal_existing,audio_placeholder_object_visit,0.3,1,1,no,Small-SFX,"light boot stop and cloth settle at a site. Isolated recording, no speech, no music, minimal room tail.",Existing cue/path; preserve onset and current event timing. Record longer source then trim. Any longer tail requires lifetime/timing/validator review; variant selection is not currently wired.,content/presentation_sfx_manifest.json; content/animation_event_cues.json,not_started
replace_audio_placeholder_recruit,presentation,Town Recruitment Muster,P0,nonfinal_existing,audio_placeholder_recruit,0.36,1,1,no,Small-SFX,"several boots forming up with restrained armor and equipment movement. Isolated recording, no speech, no music, minimal room tail.",Existing cue/path; preserve onset and current event timing. Record longer source then trim. Any longer tail requires lifetime/timing/validator review; variant selection is not currently wired.,content/presentation_sfx_manifest.json; content/animation_event_cues.json,not_started
replace_audio_placeholder_resource_tick,presentation,Overworld Resource Collected,P0,nonfinal_existing,audio_placeholder_resource_tick,0.24,1,1,no,Small-SFX,"brief coin or stock transfer tick, no cascading jackpot sound. Isolated recording, no speech, no music, minimal room tail.",Existing cue/path; preserve onset and current event timing. Record longer source then trim. Any longer tail requires lifetime/timing/validator review; variant selection is not currently wired.,content/presentation_sfx_manifest.json; content/animation_event_cues.json,not_started
replace_audio_placeholder_route_closed,presentation,Overworld Route Closed,P0,nonfinal_existing,audio_placeholder_route_closed,0.44,1,1,no,Small-SFX,"bar dropping across a wooden gate, compact closing gesture. Isolated recording, no speech, no music, minimal room tail.",Existing cue/path; preserve onset and current event timing. Record longer source then trim. Any longer tail requires lifetime/timing/validator review; variant selection is not currently wired.,content/presentation_sfx_manifest.json; content/animation_event_cues.json,not_started
replace_audio_placeholder_route_open,presentation,Overworld Route Open,P0,nonfinal_existing,audio_placeholder_route_open,0.42,1,1,no,Small-SFX,"wooden gate latch releasing, short airy opening gesture. Isolated recording, no speech, no music, minimal room tail.",Existing cue/path; preserve onset and current event timing. Record longer source then trim. Any longer tail requires lifetime/timing/validator review; variant selection is not currently wired.,content/presentation_sfx_manifest.json; content/animation_event_cues.json,not_started
replace_audio_placeholder_save_confirm,presentation,System Save Confirmed,P0,nonfinal_existing,audio_placeholder_save_confirm,0.32,1,1,no,Small-SFX,"small book seal closing with a warm confirmation accent. Isolated recording, no speech, no music, minimal room tail.",Existing cue/path; preserve onset and current event timing. Record longer source then trim. Any longer tail requires lifetime/timing/validator review; variant selection is not currently wired.,content/presentation_sfx_manifest.json; content/animation_event_cues.json,not_started
replace_audio_placeholder_spell_school_soft,presentation,Overworld Field Spell Cast,P0,nonfinal_existing,audio_placeholder_spell_school_soft,0.48,1,1,no,Small-SFX,"quiet field-magic breath and resolving chime, neutral school fallback. Isolated recording, no speech, no music, minimal room tail.",Existing cue/path; preserve onset and current event timing. Record longer source then trim. Any longer tail requires lifetime/timing/validator review; variant selection is not currently wired.,content/presentation_sfx_manifest.json; content/animation_event_cues.json,not_started
replace_audio_placeholder_town_build,presentation,Town Construction Complete,P0,nonfinal_existing,audio_placeholder_town_build,0.42,1,1,no,Small-SFX,"hammer strike, fitting timber and masonry settle, concise completion gesture. Isolated recording, no speech, no music, minimal room tail.",Existing cue/path; preserve onset and current event timing. Record longer source then trim. Any longer tail requires lifetime/timing/validator review; variant selection is not currently wired.,content/presentation_sfx_manifest.json; content/animation_event_cues.json,not_started
replace_audio_placeholder_town_capture,presentation,Overworld Town Captured,P0,nonfinal_existing,audio_placeholder_town_capture,0.46,1,1,no,Small-SFX,"heavier banner unfurl with a short low horn of control. Isolated recording, no speech, no music, minimal room tail.",Existing cue/path; preserve onset and current event timing. Record longer source then trim. Any longer tail requires lifetime/timing/validator review; variant selection is not currently wired.,content/presentation_sfx_manifest.json; content/animation_event_cues.json,not_started
replace_audio_placeholder_town_hero_hire,presentation,Town Hero Hired,P0,nonfinal_existing,audio_placeholder_town_hero_hire,0.42,1,1,no,Small-SFX,"travel kit clasp, firm footfall and a short welcoming accent. Isolated recording, no speech, no music, minimal room tail.",Existing cue/path; preserve onset and current event timing. Record longer source then trim. Any longer tail requires lifetime/timing/validator review; variant selection is not currently wired.,content/presentation_sfx_manifest.json; content/animation_event_cues.json,not_started
replace_audio_placeholder_town_market_exchange,presentation,Town Market Exchange Completed,P0,nonfinal_existing,audio_placeholder_town_market_exchange,0.36,1,1,no,Small-SFX,"coins changing hands, scale pan tap and soft purse closure. Isolated recording, no speech, no music, minimal room tail.",Existing cue/path; preserve onset and current event timing. Record longer source then trim. Any longer tail requires lifetime/timing/validator review; variant selection is not currently wired.,content/presentation_sfx_manifest.json; content/animation_event_cues.json,not_started
replace_audio_placeholder_town_route_response,presentation,Town Route Response Dispatched,P0,nonfinal_existing,audio_placeholder_town_route_response,0.38,1,1,no,Small-SFX,"dispatch scroll snap and purposeful equipment departure. Isolated recording, no speech, no music, minimal room tail.",Existing cue/path; preserve onset and current event timing. Record longer source then trim. Any longer tail requires lifetime/timing/validator review; variant selection is not currently wired.,content/presentation_sfx_manifest.json; content/animation_event_cues.json,not_started
replace_audio_placeholder_town_specialty_rank,presentation,Town Specialty Rank Gained,P0,nonfinal_existing,audio_placeholder_town_specialty_rank,0.4,1,1,no,Small-SFX,"small ceremonial stamp and restrained ascending achievement motif. Isolated recording, no speech, no music, minimal room tail.",Existing cue/path; preserve onset and current event timing. Record longer source then trim. Any longer tail requires lifetime/timing/validator review; variant selection is not currently wired.,content/presentation_sfx_manifest.json; content/animation_event_cues.json,not_started
replace_audio_placeholder_town_spell_study,presentation,Town Spell Studied,P0,nonfinal_existing,audio_placeholder_town_spell_study,0.4,1,1,no,Small-SFX,"page turn and focused small arcane resonance. Isolated recording, no speech, no music, minimal room tail.",Existing cue/path; preserve onset and current event timing. Record longer source then trim. Any longer tail requires lifetime/timing/validator review; variant selection is not currently wired.,content/presentation_sfx_manifest.json; content/animation_event_cues.json,not_started
replace_audio_placeholder_town_unit_transfer,presentation,Town Army Redeployed,P0,nonfinal_existing,audio_placeholder_town_unit_transfer,0.38,1,1,no,Small-SFX,"equipment bundle lifted and boots shifting formation. Isolated recording, no speech, no music, minimal room tail.",Existing cue/path; preserve onset and current event timing. Record longer source then trim. Any longer tail requires lifetime/timing/validator review; variant selection is not currently wired.,content/presentation_sfx_manifest.json; content/animation_event_cues.json,not_started
replace_ui_adjust,ui,Slider Adjust,P0,nonfinal_existing,ui_adjust,0.06,1,1,no,Small-SFX,"very quiet single wooden ratchet tick, comfortable under repeated slider use. Isolated recording, no speech, no music, minimal room tail.",Existing cue/path; preserve onset and current event timing. Record longer source then trim. Any longer tail requires lifetime/timing/validator review; variant selection is not currently wired.,content/ui_sfx_manifest.json; content/animation_event_cues.json,not_started
replace_ui_click,ui,Button Click,P0,nonfinal_existing,ui_click,0.07,1,1,no,Small-SFX,"tiny tactile brass latch, dry and soft, no bell tail. Isolated recording, no speech, no music, minimal room tail.",Existing cue/path; preserve onset and current event timing. Record longer source then trim. Any longer tail requires lifetime/timing/validator review; variant selection is not currently wired.,content/ui_sfx_manifest.json; content/animation_event_cues.json,not_started
replace_ui_confirm,ui,Confirm Action,P0,nonfinal_existing,ui_confirm;audio_placeholder_ui_confirm,0.12,1,1,no,Small-SFX,"restrained seal stamp with one warm affirmative resonance. Isolated recording, no speech, no music, minimal room tail.",Existing cue/path; preserve onset and current event timing. Record longer source then trim. Any longer tail requires lifetime/timing/validator review; variant selection is not currently wired.,content/ui_sfx_manifest.json; content/animation_event_cues.json,not_started
replace_ui_invalid,ui,Invalid Action,P0,nonfinal_existing,ui_invalid,0.15,1,1,no,Small-SFX,"soft low wooden double knock, clearly distinct from success without startling. Isolated recording, no speech, no music, minimal room tail.",Existing cue/path; preserve onset and current event timing. Record longer source then trim. Any longer tail requires lifetime/timing/validator review; variant selection is not currently wired.,content/ui_sfx_manifest.json; content/animation_event_cues.json,not_started
replace_ui_select,ui,List Select,P0,nonfinal_existing,ui_select,0.08,1,1,no,Small-SFX,"small muted glass pluck, precise and unobtrusive. Isolated recording, no speech, no music, minimal room tail.",Existing cue/path; preserve onset and current event timing. Record longer source then trim. Any longer tail requires lifetime/timing/validator review; variant selection is not currently wired.,content/ui_sfx_manifest.json; content/animation_event_cues.json,not_started
replace_ui_tab,ui,Tab Change,P0,nonfinal_existing,ui_tab,0.09,1,1,no,Small-SFX,"short parchment page flick with a light cloth edge. Isolated recording, no speech, no music, minimal room tail.",Existing cue/path; preserve onset and current event timing. Record longer source then trim. Any longer tail requires lifetime/timing/validator review; variant selection is not currently wired.,content/ui_sfx_manifest.json; content/animation_event_cues.json,not_started
impact_cloth,impacts,Cloth impact bank,P1,shared_generic_only,cloth,0.1-0.6,4,4,no,Small-SFX,"Four clearly different short weapon impacts on cloth and soft equipment. No weapon release, speech or music; compact and readable.","New data-driven selection and event routing required; preserve existing generic fallback, event timing, mute, cooldown and voice-budget behavior.",content/units.json; scenes/battle/BattleBoardView.gd,not_started
impact_machine,impacts,Machine impact bank,P1,shared_generic_only,machine,0.1-0.6,4,4,no,Small-SFX,"Four clearly different short weapon impacts on mechanical shell and loose rivets. No weapon release, speech or music; compact and readable.","New data-driven selection and event routing required; preserve existing generic fallback, event timing, mute, cooldown and voice-budget behavior.",content/units.json; scenes/battle/BattleBoardView.gd,not_started
impact_metal,impacts,Metal impact bank,P1,shared_generic_only,metal,0.1-0.6,4,4,no,Small-SFX,"Four clearly different short weapon impacts on metal armor or shield. No weapon release, speech or music; compact and readable.","New data-driven selection and event routing required; preserve existing generic fallback, event timing, mute, cooldown and voice-budget behavior.",content/units.json; scenes/battle/BattleBoardView.gd,not_started
impact_stone,impacts,Stone impact bank,P1,shared_generic_only,stone,0.1-0.6,4,4,no,Small-SFX,"Four clearly different short weapon impacts on stone or crystal body. No weapon release, speech or music; compact and readable.","New data-driven selection and event routing required; preserve existing generic fallback, event timing, mute, cooldown and voice-budget behavior.",content/units.json; scenes/battle/BattleBoardView.gd,not_started
impact_wet,impacts,Wet impact bank,P1,shared_generic_only,wet,0.1-0.6,4,4,no,Small-SFX,"Four clearly different short weapon impacts on wet hide or marsh creature. No weapon release, speech or music; compact and readable.","New data-driven selection and event routing required; preserve existing generic fallback, event timing, mute, cooldown and voice-budget behavior.",content/units.json; scenes/battle/BattleBoardView.gd,not_started
impact_wood,impacts,Wood impact bank,P1,shared_generic_only,wood,0.1-0.6,4,4,no,Small-SFX,"Four clearly different short weapon impacts on wooden shield or living bark. No weapon release, speech or music; compact and readable.","New data-driven selection and event routing required; preserve existing generic fallback, event timing, mute, cooldown and voice-budget behavior.",content/units.json; scenes/battle/BattleBoardView.gd,not_started
magic_beacon_cast,magic,Beacon / cast,P1,shared_or_specific_fallback_only,spell_waystride;spell_quickmarch_hymn;spell_trailglyph;spell_beacon_path;spell_bulwark_litany;spell_lantern_phalanx;spell_beacon_roadward_signal_07;spell_beacon_bell_ward_09;spell_beacon_column_charge_11;spell_beacon_writ_lance_13;spell_beacon_waymark_road_15;spell_beacon_lantern_oath_17;spell_beacon_crown_signal_19;spell_beacon_dawn_ward_21;spell_beacon_roadward_charge_23;spell_beacon_bell_lance_25;spell_beacon_lockfire_muster,0.4-2.0,2,2,no,Small-SFX,"warm civic fire, bright waymarks and controlled horn-like resonance. Two short cast gestures with clear onset, no speech or music. Cast, impact and expiry must remain separate assets.","New data-driven selection and event routing required; preserve existing generic fallback, event timing, mute, cooldown and voice-budget behavior. Route by actual school/effect, without giving unrelated spells another spell identity; only emit expiry where a timed status actually expires.",content/spells.json; scenes/battle/BattleBoardView.gd:2542,not_started
magic_beacon_cleanse,magic,Beacon / cleanse,P1,shared_or_specific_fallback_only,spell_beacon_lantern_oath_17,0.4-2.0,2,2,no,Small-SFX,"warm civic fire, bright waymarks and controlled horn-like resonance. Two short cleanse gestures with clear onset, no speech or music. Cast, impact and expiry must remain separate assets.","New data-driven selection and event routing required; preserve existing generic fallback, event timing, mute, cooldown and voice-budget behavior. Route by actual school/effect, without giving unrelated spells another spell identity; only emit expiry where a timed status actually expires.",content/spells.json; scenes/battle/BattleBoardView.gd:2542,not_started
magic_beacon_empower,magic,Beacon / empower,P1,shared_or_specific_fallback_only,spell_lantern_phalanx;spell_beacon_column_charge_11;spell_beacon_roadward_charge_23;spell_beacon_lockfire_muster,0.4-2.0,2,2,no,Small-SFX,"warm civic fire, bright waymarks and controlled horn-like resonance. Two short empower gestures with clear onset, no speech or music. Cast, impact and expiry must remain separate assets.","New data-driven selection and event routing required; preserve existing generic fallback, event timing, mute, cooldown and voice-budget behavior. Route by actual school/effect, without giving unrelated spells another spell identity; only emit expiry where a timed status actually expires.",content/spells.json; scenes/battle/BattleBoardView.gd:2542,not_started
magic_beacon_expire,magic,Beacon / expire,P1,shared_or_specific_fallback_only,spell_waystride;spell_quickmarch_hymn;spell_trailglyph;spell_beacon_path;spell_bulwark_litany;spell_lantern_phalanx;spell_beacon_roadward_signal_07;spell_beacon_bell_ward_09;spell_beacon_column_charge_11;spell_beacon_writ_lance_13;spell_beacon_waymark_road_15;spell_beacon_lantern_oath_17;spell_beacon_crown_signal_19;spell_beacon_dawn_ward_21;spell_beacon_roadward_charge_23;spell_beacon_bell_lance_25;spell_beacon_lockfire_muster,0.4-2.0,2,2,no,Small-SFX,"warm civic fire, bright waymarks and controlled horn-like resonance. Two short expire gestures with clear onset, no speech or music. Cast, impact and expiry must remain separate assets.","New data-driven selection and event routing required; preserve existing generic fallback, event timing, mute, cooldown and voice-budget behavior. Route by actual school/effect, without giving unrelated spells another spell identity; only emit expiry where a timed status actually expires.",content/spells.json; scenes/battle/BattleBoardView.gd:2542,not_started
magic_beacon_field_march,magic,Beacon / field_march,P1,shared_or_specific_fallback_only,spell_waystride;spell_trailglyph;spell_beacon_path;spell_beacon_waymark_road_15,0.4-2.0,2,2,no,Small-SFX,"warm civic fire, bright waymarks and controlled horn-like resonance. Two short field march gestures with clear onset, no speech or music. Cast, impact and expiry must remain separate assets.","New data-driven selection and event routing required; preserve existing generic fallback, event timing, mute, cooldown and voice-budget behavior. Route by actual school/effect, without giving unrelated spells another spell identity; only emit expiry where a timed status actually expires.",content/spells.json; scenes/battle/BattleBoardView.gd:2542,not_started
magic_beacon_haste,magic,Beacon / haste,P1,shared_or_specific_fallback_only,spell_quickmarch_hymn;spell_beacon_roadward_signal_07;spell_beacon_crown_signal_19,0.4-2.0,2,2,no,Small-SFX,"warm civic fire, bright waymarks and controlled horn-like resonance. Two short haste gestures with clear onset, no speech or music. Cast, impact and expiry must remain separate assets.","New data-driven selection and event routing required; preserve existing generic fallback, event timing, mute, cooldown and voice-budget behavior. Route by actual school/effect, without giving unrelated spells another spell identity; only emit expiry where a timed status actually expires.",content/spells.json; scenes/battle/BattleBoardView.gd:2542,not_started
magic_beacon_impact,magic,Beacon / impact,P1,shared_or_specific_fallback_only,spell_beacon_writ_lance_13;spell_beacon_bell_lance_25,0.4-2.0,2,2,no,Small-SFX,"warm civic fire, bright waymarks and controlled horn-like resonance. Two short impact gestures with clear onset, no speech or music. Cast, impact and expiry must remain separate assets.","New data-driven selection and event routing required; preserve existing generic fallback, event timing, mute, cooldown and voice-budget behavior. Route by actual school/effect, without giving unrelated spells another spell identity; only emit expiry where a timed status actually expires.",content/spells.json; scenes/battle/BattleBoardView.gd:2542,not_started
magic_beacon_ward,magic,Beacon / ward,P1,shared_or_specific_fallback_only,spell_bulwark_litany;spell_beacon_bell_ward_09;spell_beacon_dawn_ward_21,0.4-2.0,2,2,no,Small-SFX,"warm civic fire, bright waymarks and controlled horn-like resonance. Two short ward gestures with clear onset, no speech or music. Cast, impact and expiry must remain separate assets.","New data-driven selection and event routing required; preserve existing generic fallback, event timing, mute, cooldown and voice-budget behavior. Route by actual school/effect, without giving unrelated spells another spell identity; only emit expiry where a timed status actually expires.",content/spells.json; scenes/battle/BattleBoardView.gd:2542,not_started
magic_furnace_bind,magic,Furnace / bind,P1,shared_or_specific_fallback_only,spell_furnace_slag_clamp_15;spell_furnace_foundry_clamp_27,0.4-2.0,2,2,no,Small-SFX,"ignition, dry embers, hot iron, pressure and quenched metal. Two short bind gestures with clear onset, no speech or music. Cast, impact and expiry must remain separate assets.","New data-driven selection and event routing required; preserve existing generic fallback, event timing, mute, cooldown and voice-budget behavior. Route by actual school/effect, without giving unrelated spells another spell identity; only emit expiry where a timed status actually expires.",content/spells.json; scenes/battle/BattleBoardView.gd:2542,not_started
magic_furnace_cast,magic,Furnace / cast,P1,shared_or_specific_fallback_only,spell_cinder_burst;spell_stone_veil;spell_heat_rite;spell_pressure_clause;spell_furnace_rivet_clause_05;spell_furnace_brass_rite_07;spell_furnace_ash_mantle_09;spell_furnace_foundry_bellows_11;spell_furnace_hammer_rail_13;spell_furnace_slag_clamp_15;spell_furnace_coal_clause_17;spell_furnace_kiln_rite_19;spell_furnace_rivet_mantle_21;spell_furnace_brass_bellows_23;spell_furnace_ash_rail_25;spell_furnace_foundry_clamp_27;spell_furnace_redline_overdrive,0.4-2.0,2,2,no,Small-SFX,"ignition, dry embers, hot iron, pressure and quenched metal. Two short cast gestures with clear onset, no speech or music. Cast, impact and expiry must remain separate assets.","New data-driven selection and event routing required; preserve existing generic fallback, event timing, mute, cooldown and voice-budget behavior. Route by actual school/effect, without giving unrelated spells another spell identity; only emit expiry where a timed status actually expires.",content/spells.json; scenes/battle/BattleBoardView.gd:2542,not_started
magic_furnace_empower,magic,Furnace / empower,P1,shared_or_specific_fallback_only,spell_heat_rite;spell_furnace_brass_rite_07;spell_furnace_kiln_rite_19;spell_furnace_redline_overdrive,0.4-2.0,2,2,no,Small-SFX,"ignition, dry embers, hot iron, pressure and quenched metal. Two short empower gestures with clear onset, no speech or music. Cast, impact and expiry must remain separate assets.","New data-driven selection and event routing required; preserve existing generic fallback, event timing, mute, cooldown and voice-budget behavior. Route by actual school/effect, without giving unrelated spells another spell identity; only emit expiry where a timed status actually expires.",content/spells.json; scenes/battle/BattleBoardView.gd:2542,not_started
magic_furnace_expire,magic,Furnace / expire,P1,shared_or_specific_fallback_only,spell_cinder_burst;spell_stone_veil;spell_heat_rite;spell_pressure_clause;spell_furnace_rivet_clause_05;spell_furnace_brass_rite_07;spell_furnace_ash_mantle_09;spell_furnace_foundry_bellows_11;spell_furnace_hammer_rail_13;spell_furnace_slag_clamp_15;spell_furnace_coal_clause_17;spell_furnace_kiln_rite_19;spell_furnace_rivet_mantle_21;spell_furnace_brass_bellows_23;spell_furnace_ash_rail_25;spell_furnace_foundry_clamp_27;spell_furnace_redline_overdrive,0.4-2.0,2,2,no,Small-SFX,"ignition, dry embers, hot iron, pressure and quenched metal. Two short expire gestures with clear onset, no speech or music. Cast, impact and expiry must remain separate assets.","New data-driven selection and event routing required; preserve existing generic fallback, event timing, mute, cooldown and voice-budget behavior. Route by actual school/effect, without giving unrelated spells another spell identity; only emit expiry where a timed status actually expires.",content/spells.json; scenes/battle/BattleBoardView.gd:2542,not_started
magic_furnace_field_march,magic,Furnace / field_march,P1,shared_or_specific_fallback_only,spell_furnace_hammer_rail_13;spell_furnace_ash_rail_25,0.4-2.0,2,2,no,Small-SFX,"ignition, dry embers, hot iron, pressure and quenched metal. Two short field march gestures with clear onset, no speech or music. Cast, impact and expiry must remain separate assets.","New data-driven selection and event routing required; preserve existing generic fallback, event timing, mute, cooldown and voice-budget behavior. Route by actual school/effect, without giving unrelated spells another spell identity; only emit expiry where a timed status actually expires.",content/spells.json; scenes/battle/BattleBoardView.gd:2542,not_started
magic_furnace_haste,magic,Furnace / haste,P1,shared_or_specific_fallback_only,spell_furnace_foundry_bellows_11;spell_furnace_brass_bellows_23,0.4-2.0,2,2,no,Small-SFX,"ignition, dry embers, hot iron, pressure and quenched metal. Two short haste gestures with clear onset, no speech or music. Cast, impact and expiry must remain separate assets.","New data-driven selection and event routing required; preserve existing generic fallback, event timing, mute, cooldown and voice-budget behavior. Route by actual school/effect, without giving unrelated spells another spell identity; only emit expiry where a timed status actually expires.",content/spells.json; scenes/battle/BattleBoardView.gd:2542,not_started
magic_furnace_impact,magic,Furnace / impact,P1,shared_or_specific_fallback_only,spell_cinder_burst;spell_pressure_clause;spell_furnace_rivet_clause_05;spell_furnace_coal_clause_17,0.4-2.0,2,2,no,Small-SFX,"ignition, dry embers, hot iron, pressure and quenched metal. Two short impact gestures with clear onset, no speech or music. Cast, impact and expiry must remain separate assets.","New data-driven selection and event routing required; preserve existing generic fallback, event timing, mute, cooldown and voice-budget behavior. Route by actual school/effect, without giving unrelated spells another spell identity; only emit expiry where a timed status actually expires.",content/spells.json; scenes/battle/BattleBoardView.gd:2542,not_started
magic_furnace_ward,magic,Furnace / ward,P1,shared_or_specific_fallback_only,spell_stone_veil;spell_furnace_ash_mantle_09;spell_furnace_rivet_mantle_21,0.4-2.0,2,2,no,Small-SFX,"ignition, dry embers, hot iron, pressure and quenched metal. Two short ward gestures with clear onset, no speech or music. Cast, impact and expiry must remain separate assets.","New data-driven selection and event routing required; preserve existing generic fallback, event timing, mute, cooldown and voice-budget behavior. Route by actual school/effect, without giving unrelated spells another spell identity; only emit expiry where a timed status actually expires.",content/spells.json; scenes/battle/BattleBoardView.gd:2542,not_started
magic_lens_cast,magic,Lens / cast,P1,shared_or_specific_fallback_only,spell_prism_bastion;spell_resonant_chorus;spell_sunlance_arc;spell_lens_mirror_prism_04;spell_lens_array_ray_06;spell_lens_glass_facet_08;spell_lens_aurora_chorus_10;spell_lens_starlens_survey_12;spell_lens_focus_array_14;spell_lens_crown_prism_16;spell_lens_halo_ray_18;spell_lens_mirror_facet_20;spell_lens_array_chorus_22;spell_lens_glass_survey_24;spell_lens_aurora_array_26;spell_lens_starlens_prism_28;spell_lens_seven_facet_refrain,0.4-2.0,2,2,no,Small-SFX,"glass facets, clean harmonics, light sweeps and focused crystalline pulses. Two short cast gestures with clear onset, no speech or music. Cast, impact and expiry must remain separate assets.","New data-driven selection and event routing required; preserve existing generic fallback, event timing, mute, cooldown and voice-budget behavior. Route by actual school/effect, without giving unrelated spells another spell identity; only emit expiry where a timed status actually expires.",content/spells.json; scenes/battle/BattleBoardView.gd:2542,not_started
magic_lens_cleanse,magic,Lens / cleanse,P1,shared_or_specific_fallback_only,spell_prism_bastion;spell_lens_mirror_prism_04;spell_lens_crown_prism_16;spell_lens_starlens_prism_28;spell_lens_seven_facet_refrain,0.4-2.0,2,2,no,Small-SFX,"glass facets, clean harmonics, light sweeps and focused crystalline pulses. Two short cleanse gestures with clear onset, no speech or music. Cast, impact and expiry must remain separate assets.","New data-driven selection and event routing required; preserve existing generic fallback, event timing, mute, cooldown and voice-budget behavior. Route by actual school/effect, without giving unrelated spells another spell identity; only emit expiry where a timed status actually expires.",content/spells.json; scenes/battle/BattleBoardView.gd:2542,not_started
magic_lens_empower,magic,Lens / empower,P1,shared_or_specific_fallback_only,spell_lens_focus_array_14;spell_lens_aurora_array_26,0.4-2.0,2,2,no,Small-SFX,"glass facets, clean harmonics, light sweeps and focused crystalline pulses. Two short empower gestures with clear onset, no speech or music. Cast, impact and expiry must remain separate assets.","New data-driven selection and event routing required; preserve existing generic fallback, event timing, mute, cooldown and voice-budget behavior. Route by actual school/effect, without giving unrelated spells another spell identity; only emit expiry where a timed status actually expires.",content/spells.json; scenes/battle/BattleBoardView.gd:2542,not_started
magic_lens_expire,magic,Lens / expire,P1,shared_or_specific_fallback_only,spell_prism_bastion;spell_resonant_chorus;spell_sunlance_arc;spell_lens_mirror_prism_04;spell_lens_array_ray_06;spell_lens_glass_facet_08;spell_lens_aurora_chorus_10;spell_lens_starlens_survey_12;spell_lens_focus_array_14;spell_lens_crown_prism_16;spell_lens_halo_ray_18;spell_lens_mirror_facet_20;spell_lens_array_chorus_22;spell_lens_glass_survey_24;spell_lens_aurora_array_26;spell_lens_starlens_prism_28;spell_lens_seven_facet_refrain,0.4-2.0,2,2,no,Small-SFX,"glass facets, clean harmonics, light sweeps and focused crystalline pulses. Two short expire gestures with clear onset, no speech or music. Cast, impact and expiry must remain separate assets.","New data-driven selection and event routing required; preserve existing generic fallback, event timing, mute, cooldown and voice-budget behavior. Route by actual school/effect, without giving unrelated spells another spell identity; only emit expiry where a timed status actually expires.",content/spells.json; scenes/battle/BattleBoardView.gd:2542,not_started
magic_lens_field_reveal,magic,Lens / field_reveal,P1,shared_or_specific_fallback_only,spell_lens_starlens_survey_12;spell_lens_glass_survey_24,0.4-2.0,2,2,no,Small-SFX,"glass facets, clean harmonics, light sweeps and focused crystalline pulses. Two short field reveal gestures with clear onset, no speech or music. Cast, impact and expiry must remain separate assets.","New data-driven selection and event routing required; preserve existing generic fallback, event timing, mute, cooldown and voice-budget behavior. Route by actual school/effect, without giving unrelated spells another spell identity; only emit expiry where a timed status actually expires.",content/spells.json; scenes/battle/BattleBoardView.gd:2542,not_started
magic_lens_haste,magic,Lens / haste,P1,shared_or_specific_fallback_only,spell_resonant_chorus;spell_lens_aurora_chorus_10;spell_lens_array_chorus_22,0.4-2.0,2,2,no,Small-SFX,"glass facets, clean harmonics, light sweeps and focused crystalline pulses. Two short haste gestures with clear onset, no speech or music. Cast, impact and expiry must remain separate assets.","New data-driven selection and event routing required; preserve existing generic fallback, event timing, mute, cooldown and voice-budget behavior. Route by actual school/effect, without giving unrelated spells another spell identity; only emit expiry where a timed status actually expires.",content/spells.json; scenes/battle/BattleBoardView.gd:2542,not_started
magic_lens_impact,magic,Lens / impact,P1,shared_or_specific_fallback_only,spell_sunlance_arc;spell_lens_array_ray_06;spell_lens_halo_ray_18,0.4-2.0,2,2,no,Small-SFX,"glass facets, clean harmonics, light sweeps and focused crystalline pulses. Two short impact gestures with clear onset, no speech or music. Cast, impact and expiry must remain separate assets.","New data-driven selection and event routing required; preserve existing generic fallback, event timing, mute, cooldown and voice-budget behavior. Route by actual school/effect, without giving unrelated spells another spell identity; only emit expiry where a timed status actually expires.",content/spells.json; scenes/battle/BattleBoardView.gd:2542,not_started
magic_lens_ward,magic,Lens / ward,P1,shared_or_specific_fallback_only,spell_lens_glass_facet_08;spell_lens_mirror_facet_20,0.4-2.0,2,2,no,Small-SFX,"glass facets, clean harmonics, light sweeps and focused crystalline pulses. Two short ward gestures with clear onset, no speech or music. Cast, impact and expiry must remain separate assets.","New data-driven selection and event routing required; preserve existing generic fallback, event timing, mute, cooldown and voice-budget behavior. Route by actual school/effect, without giving unrelated spells another spell identity; only emit expiry where a timed status actually expires.",content/spells.json; scenes/battle/BattleBoardView.gd:2542,not_started
magic_mire_bind,magic,Mire / bind,P1,shared_or_specific_fallback_only,spell_mire_leech_snare_10;spell_mire_dusk_snare_22;spell_mire_moonfen_dragnet,0.4-2.0,2,2,no,Small-SFX,"reeds, wet pressure, bubbles, breathy low tones and creeping marsh tension. Two short bind gestures with clear onset, no speech or music. Cast, impact and expiry must remain separate assets.","New data-driven selection and event routing required; preserve existing generic fallback, event timing, mute, cooldown and voice-budget behavior. Route by actual school/effect, without giving unrelated spells another spell identity; only emit expiry where a timed status actually expires.",content/spells.json; scenes/battle/BattleBoardView.gd:2542,not_started
magic_mire_cast,magic,Mire / cast,P1,shared_or_specific_fallback_only,spell_coal_rain;spell_relay_drum;spell_bloodwake_drum;spell_mire_silt_rot_04;spell_mire_dusk_drum_06;spell_mire_brine_frenzy_08;spell_mire_leech_snare_10;spell_mire_flood_fenlight_12;spell_mire_sluice_poultice_14;spell_mire_lowtide_rot_16;spell_mire_bog_drum_18;spell_mire_silt_frenzy_20;spell_mire_dusk_snare_22;spell_mire_brine_fenlight_24;spell_mire_leech_poultice_26;spell_mire_flood_rot_28;spell_mire_moonfen_dragnet,0.4-2.0,2,2,no,Small-SFX,"reeds, wet pressure, bubbles, breathy low tones and creeping marsh tension. Two short cast gestures with clear onset, no speech or music. Cast, impact and expiry must remain separate assets.","New data-driven selection and event routing required; preserve existing generic fallback, event timing, mute, cooldown and voice-budget behavior. Route by actual school/effect, without giving unrelated spells another spell identity; only emit expiry where a timed status actually expires.",content/spells.json; scenes/battle/BattleBoardView.gd:2542,not_started
magic_mire_empower,magic,Mire / empower,P1,shared_or_specific_fallback_only,spell_bloodwake_drum;spell_mire_brine_frenzy_08;spell_mire_silt_frenzy_20,0.4-2.0,2,2,no,Small-SFX,"reeds, wet pressure, bubbles, breathy low tones and creeping marsh tension. Two short empower gestures with clear onset, no speech or music. Cast, impact and expiry must remain separate assets.","New data-driven selection and event routing required; preserve existing generic fallback, event timing, mute, cooldown and voice-budget behavior. Route by actual school/effect, without giving unrelated spells another spell identity; only emit expiry where a timed status actually expires.",content/spells.json; scenes/battle/BattleBoardView.gd:2542,not_started
magic_mire_expire,magic,Mire / expire,P1,shared_or_specific_fallback_only,spell_coal_rain;spell_relay_drum;spell_bloodwake_drum;spell_mire_silt_rot_04;spell_mire_dusk_drum_06;spell_mire_brine_frenzy_08;spell_mire_leech_snare_10;spell_mire_flood_fenlight_12;spell_mire_sluice_poultice_14;spell_mire_lowtide_rot_16;spell_mire_bog_drum_18;spell_mire_silt_frenzy_20;spell_mire_dusk_snare_22;spell_mire_brine_fenlight_24;spell_mire_leech_poultice_26;spell_mire_flood_rot_28;spell_mire_moonfen_dragnet,0.4-2.0,2,2,no,Small-SFX,"reeds, wet pressure, bubbles, breathy low tones and creeping marsh tension. Two short expire gestures with clear onset, no speech or music. Cast, impact and expiry must remain separate assets.","New data-driven selection and event routing required; preserve existing generic fallback, event timing, mute, cooldown and voice-budget behavior. Route by actual school/effect, without giving unrelated spells another spell identity; only emit expiry where a timed status actually expires.",content/spells.json; scenes/battle/BattleBoardView.gd:2542,not_started
magic_mire_field_reveal,magic,Mire / field_reveal,P1,shared_or_specific_fallback_only,spell_mire_flood_fenlight_12;spell_mire_brine_fenlight_24,0.4-2.0,2,2,no,Small-SFX,"reeds, wet pressure, bubbles, breathy low tones and creeping marsh tension. Two short field reveal gestures with clear onset, no speech or music. Cast, impact and expiry must remain separate assets.","New data-driven selection and event routing required; preserve existing generic fallback, event timing, mute, cooldown and voice-budget behavior. Route by actual school/effect, without giving unrelated spells another spell identity; only emit expiry where a timed status actually expires.",content/spells.json; scenes/battle/BattleBoardView.gd:2542,not_started
magic_mire_haste,magic,Mire / haste,P1,shared_or_specific_fallback_only,spell_relay_drum;spell_mire_dusk_drum_06;spell_mire_bog_drum_18,0.4-2.0,2,2,no,Small-SFX,"reeds, wet pressure, bubbles, breathy low tones and creeping marsh tension. Two short haste gestures with clear onset, no speech or music. Cast, impact and expiry must remain separate assets.","New data-driven selection and event routing required; preserve existing generic fallback, event timing, mute, cooldown and voice-budget behavior. Route by actual school/effect, without giving unrelated spells another spell identity; only emit expiry where a timed status actually expires.",content/spells.json; scenes/battle/BattleBoardView.gd:2542,not_started
magic_mire_heal,magic,Mire / heal,P1,shared_or_specific_fallback_only,spell_mire_sluice_poultice_14;spell_mire_leech_poultice_26,0.4-2.0,2,2,no,Small-SFX,"reeds, wet pressure, bubbles, breathy low tones and creeping marsh tension. Two short heal gestures with clear onset, no speech or music. Cast, impact and expiry must remain separate assets.","New data-driven selection and event routing required; preserve existing generic fallback, event timing, mute, cooldown and voice-budget behavior. Route by actual school/effect, without giving unrelated spells another spell identity; only emit expiry where a timed status actually expires.",content/spells.json; scenes/battle/BattleBoardView.gd:2542,not_started
magic_mire_impact,magic,Mire / impact,P1,shared_or_specific_fallback_only,spell_coal_rain;spell_mire_silt_rot_04;spell_mire_lowtide_rot_16;spell_mire_flood_rot_28,0.4-2.0,2,2,no,Small-SFX,"reeds, wet pressure, bubbles, breathy low tones and creeping marsh tension. Two short impact gestures with clear onset, no speech or music. Cast, impact and expiry must remain separate assets.","New data-driven selection and event routing required; preserve existing generic fallback, event timing, mute, cooldown and voice-budget behavior. Route by actual school/effect, without giving unrelated spells another spell identity; only emit expiry where a timed status actually expires.",content/spells.json; scenes/battle/BattleBoardView.gd:2542,not_started
magic_old_measure_bind,magic,Old Measure / bind,P1,shared_or_specific_fallback_only,spell_old_measure_compass_boundary_06;spell_old_measure_survey_boundary_18;spell_old_measure_count_boundary_30,0.4-2.0,2,2,no,Small-SFX,"precise clicks, restrained low resonances and ordered geometric pulses. Two short bind gestures with clear onset, no speech or music. Cast, impact and expiry must remain separate assets.","New data-driven selection and event routing required; preserve existing generic fallback, event timing, mute, cooldown and voice-budget behavior. Route by actual school/effect, without giving unrelated spells another spell identity; only emit expiry where a timed status actually expires.",content/spells.json; scenes/battle/BattleBoardView.gd:2542,not_started
magic_old_measure_cast,magic,Old Measure / cast,P1,shared_or_specific_fallback_only,spell_survey_chain;spell_old_measure_survey_survey_02;spell_old_measure_tally_axiom_04;spell_old_measure_compass_boundary_06;spell_old_measure_marker_tally_08;spell_old_measure_index_correction_10;spell_old_measure_proof_pace_12;spell_old_measure_count_survey_14;spell_old_measure_measure_axiom_16;spell_old_measure_survey_boundary_18;spell_old_measure_tally_tally_20;spell_old_measure_compass_correction_22;spell_old_measure_marker_pace_24;spell_old_measure_index_survey_26;spell_old_measure_proof_axiom_28;spell_old_measure_count_boundary_30;spell_old_measure_unbroken_meridian,0.4-2.0,2,2,no,Small-SFX,"precise clicks, restrained low resonances and ordered geometric pulses. Two short cast gestures with clear onset, no speech or music. Cast, impact and expiry must remain separate assets.","New data-driven selection and event routing required; preserve existing generic fallback, event timing, mute, cooldown and voice-budget behavior. Route by actual school/effect, without giving unrelated spells another spell identity; only emit expiry where a timed status actually expires.",content/spells.json; scenes/battle/BattleBoardView.gd:2542,not_started
magic_old_measure_cleanse,magic,Old Measure / cleanse,P1,shared_or_specific_fallback_only,spell_old_measure_index_correction_10;spell_old_measure_compass_correction_22,0.4-2.0,2,2,no,Small-SFX,"precise clicks, restrained low resonances and ordered geometric pulses. Two short cleanse gestures with clear onset, no speech or music. Cast, impact and expiry must remain separate assets.","New data-driven selection and event routing required; preserve existing generic fallback, event timing, mute, cooldown and voice-budget behavior. Route by actual school/effect, without giving unrelated spells another spell identity; only emit expiry where a timed status actually expires.",content/spells.json; scenes/battle/BattleBoardView.gd:2542,not_started
magic_old_measure_expire,magic,Old Measure / expire,P1,shared_or_specific_fallback_only,spell_survey_chain;spell_old_measure_survey_survey_02;spell_old_measure_tally_axiom_04;spell_old_measure_compass_boundary_06;spell_old_measure_marker_tally_08;spell_old_measure_index_correction_10;spell_old_measure_proof_pace_12;spell_old_measure_count_survey_14;spell_old_measure_measure_axiom_16;spell_old_measure_survey_boundary_18;spell_old_measure_tally_tally_20;spell_old_measure_compass_correction_22;spell_old_measure_marker_pace_24;spell_old_measure_index_survey_26;spell_old_measure_proof_axiom_28;spell_old_measure_count_boundary_30;spell_old_measure_unbroken_meridian,0.4-2.0,2,2,no,Small-SFX,"precise clicks, restrained low resonances and ordered geometric pulses. Two short expire gestures with clear onset, no speech or music. Cast, impact and expiry must remain separate assets.","New data-driven selection and event routing required; preserve existing generic fallback, event timing, mute, cooldown and voice-budget behavior. Route by actual school/effect, without giving unrelated spells another spell identity; only emit expiry where a timed status actually expires.",content/spells.json; scenes/battle/BattleBoardView.gd:2542,not_started
magic_old_measure_field_march,magic,Old Measure / field_march,P1,shared_or_specific_fallback_only,spell_old_measure_proof_pace_12;spell_old_measure_marker_pace_24,0.4-2.0,2,2,no,Small-SFX,"precise clicks, restrained low resonances and ordered geometric pulses. Two short field march gestures with clear onset, no speech or music. Cast, impact and expiry must remain separate assets.","New data-driven selection and event routing required; preserve existing generic fallback, event timing, mute, cooldown and voice-budget behavior. Route by actual school/effect, without giving unrelated spells another spell identity; only emit expiry where a timed status actually expires.",content/spells.json; scenes/battle/BattleBoardView.gd:2542,not_started
magic_old_measure_field_reveal,magic,Old Measure / field_reveal,P1,shared_or_specific_fallback_only,spell_survey_chain;spell_old_measure_survey_survey_02;spell_old_measure_count_survey_14;spell_old_measure_index_survey_26,0.4-2.0,2,2,no,Small-SFX,"precise clicks, restrained low resonances and ordered geometric pulses. Two short field reveal gestures with clear onset, no speech or music. Cast, impact and expiry must remain separate assets.","New data-driven selection and event routing required; preserve existing generic fallback, event timing, mute, cooldown and voice-budget behavior. Route by actual school/effect, without giving unrelated spells another spell identity; only emit expiry where a timed status actually expires.",content/spells.json; scenes/battle/BattleBoardView.gd:2542,not_started
magic_old_measure_impact,magic,Old Measure / impact,P1,shared_or_specific_fallback_only,spell_old_measure_marker_tally_08;spell_old_measure_tally_tally_20,0.4-2.0,2,2,no,Small-SFX,"precise clicks, restrained low resonances and ordered geometric pulses. Two short impact gestures with clear onset, no speech or music. Cast, impact and expiry must remain separate assets.","New data-driven selection and event routing required; preserve existing generic fallback, event timing, mute, cooldown and voice-budget behavior. Route by actual school/effect, without giving unrelated spells another spell identity; only emit expiry where a timed status actually expires.",content/spells.json; scenes/battle/BattleBoardView.gd:2542,not_started
magic_old_measure_ward,magic,Old Measure / ward,P1,shared_or_specific_fallback_only,spell_old_measure_tally_axiom_04;spell_old_measure_measure_axiom_16;spell_old_measure_proof_axiom_28;spell_old_measure_unbroken_meridian,0.4-2.0,2,2,no,Small-SFX,"precise clicks, restrained low resonances and ordered geometric pulses. Two short ward gestures with clear onset, no speech or music. Cast, impact and expiry must remain separate assets.","New data-driven selection and event routing required; preserve existing generic fallback, event timing, mute, cooldown and voice-budget behavior. Route by actual school/effect, without giving unrelated spells another spell identity; only emit expiry where a timed status actually expires.",content/spells.json; scenes/battle/BattleBoardView.gd:2542,not_started
magic_root_bind,magic,Root / bind,P1,shared_or_specific_fallback_only,spell_briar_bind;spell_root_bloom_briar_04;spell_root_wild_briar_16;spell_root_green_briar_28,0.4-2.0,2,2,no,Small-SFX,"growing wood, roots, leaf movement, pollen and living repair. Two short bind gestures with clear onset, no speech or music. Cast, impact and expiry must remain separate assets.","New data-driven selection and event routing required; preserve existing generic fallback, event timing, mute, cooldown and voice-budget behavior. Route by actual school/effect, without giving unrelated spells another spell identity; only emit expiry where a timed status actually expires.",content/spells.json; scenes/battle/BattleBoardView.gd:2542,not_started
magic_root_cast,magic,Root / cast,P1,shared_or_specific_fallback_only,spell_rootway_tangle;spell_briar_bind;spell_graft_mend;spell_root_bloom_briar_04;spell_root_canopy_graft_06;spell_root_bark_bark_08;spell_root_loam_thorn_10;spell_root_green_rootway_12;spell_root_branch_bloom_14;spell_root_wild_briar_16;spell_root_graft_graft_18;spell_root_bloom_bark_20;spell_root_canopy_thorn_22;spell_root_bark_rootway_24;spell_root_loam_bloom_26;spell_root_green_briar_28;spell_root_heartwood_renewal,0.4-2.0,2,2,no,Small-SFX,"growing wood, roots, leaf movement, pollen and living repair. Two short cast gestures with clear onset, no speech or music. Cast, impact and expiry must remain separate assets.","New data-driven selection and event routing required; preserve existing generic fallback, event timing, mute, cooldown and voice-budget behavior. Route by actual school/effect, without giving unrelated spells another spell identity; only emit expiry where a timed status actually expires.",content/spells.json; scenes/battle/BattleBoardView.gd:2542,not_started
magic_root_empower,magic,Root / empower,P1,shared_or_specific_fallback_only,spell_root_branch_bloom_14;spell_root_loam_bloom_26,0.4-2.0,2,2,no,Small-SFX,"growing wood, roots, leaf movement, pollen and living repair. Two short empower gestures with clear onset, no speech or music. Cast, impact and expiry must remain separate assets.","New data-driven selection and event routing required; preserve existing generic fallback, event timing, mute, cooldown and voice-budget behavior. Route by actual school/effect, without giving unrelated spells another spell identity; only emit expiry where a timed status actually expires.",content/spells.json; scenes/battle/BattleBoardView.gd:2542,not_started
magic_root_expire,magic,Root / expire,P1,shared_or_specific_fallback_only,spell_rootway_tangle;spell_briar_bind;spell_graft_mend;spell_root_bloom_briar_04;spell_root_canopy_graft_06;spell_root_bark_bark_08;spell_root_loam_thorn_10;spell_root_green_rootway_12;spell_root_branch_bloom_14;spell_root_wild_briar_16;spell_root_graft_graft_18;spell_root_bloom_bark_20;spell_root_canopy_thorn_22;spell_root_bark_rootway_24;spell_root_loam_bloom_26;spell_root_green_briar_28;spell_root_heartwood_renewal,0.4-2.0,2,2,no,Small-SFX,"growing wood, roots, leaf movement, pollen and living repair. Two short expire gestures with clear onset, no speech or music. Cast, impact and expiry must remain separate assets.","New data-driven selection and event routing required; preserve existing generic fallback, event timing, mute, cooldown and voice-budget behavior. Route by actual school/effect, without giving unrelated spells another spell identity; only emit expiry where a timed status actually expires.",content/spells.json; scenes/battle/BattleBoardView.gd:2542,not_started
magic_root_field_march,magic,Root / field_march,P1,shared_or_specific_fallback_only,spell_rootway_tangle;spell_root_green_rootway_12;spell_root_bark_rootway_24,0.4-2.0,2,2,no,Small-SFX,"growing wood, roots, leaf movement, pollen and living repair. Two short field march gestures with clear onset, no speech or music. Cast, impact and expiry must remain separate assets.","New data-driven selection and event routing required; preserve existing generic fallback, event timing, mute, cooldown and voice-budget behavior. Route by actual school/effect, without giving unrelated spells another spell identity; only emit expiry where a timed status actually expires.",content/spells.json; scenes/battle/BattleBoardView.gd:2542,not_started
magic_root_heal,magic,Root / heal,P1,shared_or_specific_fallback_only,spell_graft_mend;spell_root_canopy_graft_06;spell_root_graft_graft_18;spell_root_heartwood_renewal,0.4-2.0,2,2,no,Small-SFX,"growing wood, roots, leaf movement, pollen and living repair. Two short heal gestures with clear onset, no speech or music. Cast, impact and expiry must remain separate assets.","New data-driven selection and event routing required; preserve existing generic fallback, event timing, mute, cooldown and voice-budget behavior. Route by actual school/effect, without giving unrelated spells another spell identity; only emit expiry where a timed status actually expires.",content/spells.json; scenes/battle/BattleBoardView.gd:2542,not_started
magic_root_impact,magic,Root / impact,P1,shared_or_specific_fallback_only,spell_root_loam_thorn_10;spell_root_canopy_thorn_22,0.4-2.0,2,2,no,Small-SFX,"growing wood, roots, leaf movement, pollen and living repair. Two short impact gestures with clear onset, no speech or music. Cast, impact and expiry must remain separate assets.","New data-driven selection and event routing required; preserve existing generic fallback, event timing, mute, cooldown and voice-budget behavior. Route by actual school/effect, without giving unrelated spells another spell identity; only emit expiry where a timed status actually expires.",content/spells.json; scenes/battle/BattleBoardView.gd:2542,not_started
magic_root_ward,magic,Root / ward,P1,shared_or_specific_fallback_only,spell_root_bark_bark_08;spell_root_bloom_bark_20,0.4-2.0,2,2,no,Small-SFX,"growing wood, roots, leaf movement, pollen and living repair. Two short ward gestures with clear onset, no speech or music. Cast, impact and expiry must remain separate assets.","New data-driven selection and event routing required; preserve existing generic fallback, event timing, mute, cooldown and voice-budget behavior. Route by actual school/effect, without giving unrelated spells another spell identity; only emit expiry where a timed status actually expires.",content/spells.json; scenes/battle/BattleBoardView.gd:2542,not_started
magic_veil_bind,magic,Veil / bind,P1,shared_or_specific_fallback_only,spell_veil_tide_fogbind_08;spell_veil_mourning_fogbind_20,0.4-2.0,2,2,no,Small-SFX,"fog breath, water, memory bells and dissolving spectral cloth. Two short bind gestures with clear onset, no speech or music. Cast, impact and expiry must remain separate assets.","New data-driven selection and event routing required; preserve existing generic fallback, event timing, mute, cooldown and voice-budget behavior. Route by actual school/effect, without giving unrelated spells another spell identity; only emit expiry where a timed status actually expires.",content/spells.json; scenes/battle/BattleBoardView.gd:2542,not_started
magic_veil_cast,magic,Veil / cast,P1,shared_or_specific_fallback_only,spell_fogline_drift;spell_fogwake_step;spell_obituary_mark;spell_veil_mourning_mark_04;spell_veil_salt_step_06;spell_veil_tide_fogbind_08;spell_veil_mist_shroud_10;spell_veil_moon_drift_12;spell_veil_wraith_duel_14;spell_veil_lantern_mark_16;spell_veil_obituary_step_18;spell_veil_mourning_fogbind_20;spell_veil_salt_shroud_22;spell_veil_tide_drift_24;spell_veil_mist_duel_26;spell_veil_moon_mark_28;spell_veil_drowned_bell_verdict,0.4-2.0,2,2,no,Small-SFX,"fog breath, water, memory bells and dissolving spectral cloth. Two short cast gestures with clear onset, no speech or music. Cast, impact and expiry must remain separate assets.","New data-driven selection and event routing required; preserve existing generic fallback, event timing, mute, cooldown and voice-budget behavior. Route by actual school/effect, without giving unrelated spells another spell identity; only emit expiry where a timed status actually expires.",content/spells.json; scenes/battle/BattleBoardView.gd:2542,not_started
magic_veil_empower,magic,Veil / empower,P1,shared_or_specific_fallback_only,spell_veil_wraith_duel_14;spell_veil_mist_duel_26,0.4-2.0,2,2,no,Small-SFX,"fog breath, water, memory bells and dissolving spectral cloth. Two short empower gestures with clear onset, no speech or music. Cast, impact and expiry must remain separate assets.","New data-driven selection and event routing required; preserve existing generic fallback, event timing, mute, cooldown and voice-budget behavior. Route by actual school/effect, without giving unrelated spells another spell identity; only emit expiry where a timed status actually expires.",content/spells.json; scenes/battle/BattleBoardView.gd:2542,not_started
magic_veil_expire,magic,Veil / expire,P1,shared_or_specific_fallback_only,spell_fogline_drift;spell_fogwake_step;spell_obituary_mark;spell_veil_mourning_mark_04;spell_veil_salt_step_06;spell_veil_tide_fogbind_08;spell_veil_mist_shroud_10;spell_veil_moon_drift_12;spell_veil_wraith_duel_14;spell_veil_lantern_mark_16;spell_veil_obituary_step_18;spell_veil_mourning_fogbind_20;spell_veil_salt_shroud_22;spell_veil_tide_drift_24;spell_veil_mist_duel_26;spell_veil_moon_mark_28;spell_veil_drowned_bell_verdict,0.4-2.0,2,2,no,Small-SFX,"fog breath, water, memory bells and dissolving spectral cloth. Two short expire gestures with clear onset, no speech or music. Cast, impact and expiry must remain separate assets.","New data-driven selection and event routing required; preserve existing generic fallback, event timing, mute, cooldown and voice-budget behavior. Route by actual school/effect, without giving unrelated spells another spell identity; only emit expiry where a timed status actually expires.",content/spells.json; scenes/battle/BattleBoardView.gd:2542,not_started
magic_veil_field_march,magic,Veil / field_march,P1,shared_or_specific_fallback_only,spell_fogline_drift;spell_veil_moon_drift_12;spell_veil_tide_drift_24,0.4-2.0,2,2,no,Small-SFX,"fog breath, water, memory bells and dissolving spectral cloth. Two short field march gestures with clear onset, no speech or music. Cast, impact and expiry must remain separate assets.","New data-driven selection and event routing required; preserve existing generic fallback, event timing, mute, cooldown and voice-budget behavior. Route by actual school/effect, without giving unrelated spells another spell identity; only emit expiry where a timed status actually expires.",content/spells.json; scenes/battle/BattleBoardView.gd:2542,not_started
magic_veil_haste,magic,Veil / haste,P1,shared_or_specific_fallback_only,spell_fogwake_step;spell_veil_salt_step_06;spell_veil_obituary_step_18,0.4-2.0,2,2,no,Small-SFX,"fog breath, water, memory bells and dissolving spectral cloth. Two short haste gestures with clear onset, no speech or music. Cast, impact and expiry must remain separate assets.","New data-driven selection and event routing required; preserve existing generic fallback, event timing, mute, cooldown and voice-budget behavior. Route by actual school/effect, without giving unrelated spells another spell identity; only emit expiry where a timed status actually expires.",content/spells.json; scenes/battle/BattleBoardView.gd:2542,not_started
magic_veil_impact,magic,Veil / impact,P1,shared_or_specific_fallback_only,spell_obituary_mark;spell_veil_mourning_mark_04;spell_veil_lantern_mark_16;spell_veil_moon_mark_28;spell_veil_drowned_bell_verdict,0.4-2.0,2,2,no,Small-SFX,"fog breath, water, memory bells and dissolving spectral cloth. Two short impact gestures with clear onset, no speech or music. Cast, impact and expiry must remain separate assets.","New data-driven selection and event routing required; preserve existing generic fallback, event timing, mute, cooldown and voice-budget behavior. Route by actual school/effect, without giving unrelated spells another spell identity; only emit expiry where a timed status actually expires.",content/spells.json; scenes/battle/BattleBoardView.gd:2542,not_started
magic_veil_ward,magic,Veil / ward,P1,shared_or_specific_fallback_only,spell_veil_mist_shroud_10;spell_veil_salt_shroud_22,0.4-2.0,2,2,no,Small-SFX,"fog breath, water, memory bells and dissolving spectral cloth. Two short ward gestures with clear onset, no speech or music. Cast, impact and expiry must remain separate assets.","New data-driven selection and event routing required; preserve existing generic fallback, event timing, mute, cooldown and voice-budget behavior. Route by actual school/effect, without giving unrelated spells another spell identity; only emit expiry where a timed status actually expires.",content/spells.json; scenes/battle/BattleBoardView.gd:2542,not_started
move_dirt,movement,Travel steps: dirt,P1,shared_generic_only,dirt,0.15-0.5,4,4,no,Small-SFX,Four separate dry dirt boot or equipment step variations. No baked rhythmic loop; no music or speech. Mounted gait requires confirmed hero art.,"New data-driven selection and event routing required; preserve existing generic fallback, event timing, mute, cooldown and voice-budget behavior. Ground material must come from the actual visible movement context, including level.",scripts/autoload/PresentationAudio.gd; scenes/battle/BattleBoardView.gd; content/biomes.json,not_started
move_grass,movement,Travel steps: grass,P1,shared_generic_only,grass,0.15-0.5,4,4,no,Small-SFX,Four separate dry grass boot or equipment step variations. No baked rhythmic loop; no music or speech. Mounted gait requires confirmed hero art.,"New data-driven selection and event routing required; preserve existing generic fallback, event timing, mute, cooldown and voice-budget behavior. Ground material must come from the actual visible movement context, including level.",scripts/autoload/PresentationAudio.gd; scenes/battle/BattleBoardView.gd; content/biomes.json,not_started
move_mud,movement,Travel steps: mud,P1,shared_generic_only,mud,0.15-0.5,4,4,no,Small-SFX,Four separate dry mud boot or equipment step variations. No baked rhythmic loop; no music or speech. Mounted gait requires confirmed hero art.,"New data-driven selection and event routing required; preserve existing generic fallback, event timing, mute, cooldown and voice-budget behavior. Ground material must come from the actual visible movement context, including level.",scripts/autoload/PresentationAudio.gd; scenes/battle/BattleBoardView.gd; content/biomes.json,not_started
move_sand,movement,Travel steps: sand,P1,shared_generic_only,sand,0.15-0.5,4,4,no,Small-SFX,Four separate dry sand boot or equipment step variations. No baked rhythmic loop; no music or speech. Mounted gait requires confirmed hero art.,"New data-driven selection and event routing required; preserve existing generic fallback, event timing, mute, cooldown and voice-budget behavior. Ground material must come from the actual visible movement context, including level.",scripts/autoload/PresentationAudio.gd; scenes/battle/BattleBoardView.gd; content/biomes.json,not_started
move_shallow_water,movement,Travel steps: shallow_water,P1,shared_generic_only,shallow_water,0.15-0.5,4,4,no,Small-SFX,Four separate dry shallow water boot or equipment step variations. No baked rhythmic loop; no music or speech. Mounted gait requires confirmed hero art.,"New data-driven selection and event routing required; preserve existing generic fallback, event timing, mute, cooldown and voice-budget behavior. Ground material must come from the actual visible movement context, including level.",scripts/autoload/PresentationAudio.gd; scenes/battle/BattleBoardView.gd; content/biomes.json,not_started
move_snow,movement,Travel steps: snow,P1,shared_generic_only,snow,0.15-0.5,4,4,no,Small-SFX,Four separate dry snow boot or equipment step variations. No baked rhythmic loop; no music or speech. Mounted gait requires confirmed hero art.,"New data-driven selection and event routing required; preserve existing generic fallback, event timing, mute, cooldown and voice-budget behavior. Ground material must come from the actual visible movement context, including level.",scripts/autoload/PresentationAudio.gd; scenes/battle/BattleBoardView.gd; content/biomes.json,not_started
move_stone,movement,Travel steps: stone,P1,shared_generic_only,stone,0.15-0.5,4,4,no,Small-SFX,Four separate dry stone boot or equipment step variations. No baked rhythmic loop; no music or speech. Mounted gait requires confirmed hero art.,"New data-driven selection and event routing required; preserve existing generic fallback, event timing, mute, cooldown and voice-budget behavior. Ground material must come from the actual visible movement context, including level.",scripts/autoload/PresentationAudio.gd; scenes/battle/BattleBoardView.gd; content/biomes.json,not_started
move_underground,movement,Travel steps: underground,P1,shared_generic_only,underground,0.15-0.5,4,4,no,Small-SFX,Four separate dry underground boot or equipment step variations. No baked rhythmic loop; no music or speech. Mounted gait requires confirmed hero art.,"New data-driven selection and event routing required; preserve existing generic fallback, event timing, mute, cooldown and voice-budget behavior. Ground material must come from the actual visible movement context, including level.",scripts/autoload/PresentationAudio.gd; scenes/battle/BattleBoardView.gd; content/biomes.json,not_started
move_wood,movement,Travel steps: wood,P1,shared_generic_only,wood,0.15-0.5,4,4,no,Small-SFX,Four separate dry wood boot or equipment step variations. No baked rhythmic loop; no music or speech. Mounted gait requires confirmed hero art.,"New data-driven selection and event routing required; preserve existing generic fallback, event timing, mute, cooldown and voice-budget behavior. Ground material must come from the actual visible movement context, including level.",scripts/autoload/PresentationAudio.gd; scenes/battle/BattleBoardView.gd; content/biomes.json,not_started
notice_hero_level_up,notifications,Hero Level Up,P1,no_dedicated_cue,hero_level_up,0.3-2.0,1,1,no,Small-SFX,short warm original progression fanfare. No speech; keep subordinate to player actions.,"New data-driven selection and event routing required; preserve existing generic fallback, event timing, mute, cooldown and voice-budget behavior. Fire only on a committed transition, never a refresh, and coalesce repeats.",scenes/overworld/OverworldShell.gd; scripts/core/HeroProgressionRules.gd; scripts/core/ScenarioRules.gd,not_started
notice_new_day,notifications,New Day,P1,no_dedicated_cue,new_day,0.3-2.0,1,1,no,Small-SFX,"short warm dawn command signal, not a continuous day_pulse loop. No speech; keep subordinate to player actions.","New data-driven selection and event routing required; preserve existing generic fallback, event timing, mute, cooldown and voice-budget behavior. Fire only on a committed transition, never a refresh, and coalesce repeats.",scenes/overworld/OverworldShell.gd; scripts/core/HeroProgressionRules.gd; scripts/core/ScenarioRules.gd,not_started
notice_new_week,notifications,New Week,P1,no_dedicated_cue,new_week,0.3-2.0,1,1,no,Small-SFX,slightly fuller weekly muster and renewal signal. No speech; keep subordinate to player actions.,"New data-driven selection and event routing required; preserve existing generic fallback, event timing, mute, cooldown and voice-budget behavior. Fire only on a committed transition, never a refresh, and coalesce repeats.",scenes/overworld/OverworldShell.gd; scripts/core/HeroProgressionRules.gd; scripts/core/ScenarioRules.gd,not_started
notice_objective_complete,notifications,Objective Complete,P1,no_dedicated_cue,objective_complete,0.3-2.0,1,1,no,Small-SFX,compact affirmative achievement phrase. No speech; keep subordinate to player actions.,"New data-driven selection and event routing required; preserve existing generic fallback, event timing, mute, cooldown and voice-budget behavior. Fire only on a committed transition, never a refresh, and coalesce repeats.",scenes/overworld/OverworldShell.gd; scripts/core/HeroProgressionRules.gd; scripts/core/ScenarioRules.gd,not_started
notice_objective_update,notifications,Objective Update,P1,no_dedicated_cue,objective_update,0.3-2.0,1,1,no,Small-SFX,small resolved parchment and seal accent. No speech; keep subordinate to player actions.,"New data-driven selection and event routing required; preserve existing generic fallback, event timing, mute, cooldown and voice-budget behavior. Fire only on a committed transition, never a refresh, and coalesce repeats.",scenes/overworld/OverworldShell.gd; scripts/core/HeroProgressionRules.gd; scripts/core/ScenarioRules.gd,not_started
notice_player_turn,notifications,Player Turn,P1,no_dedicated_cue,player_turn,0.3-2.0,1,1,no,Small-SFX,restrained return-of-command signal after AI playback. No speech; keep subordinate to player actions.,"New data-driven selection and event routing required; preserve existing generic fallback, event timing, mute, cooldown and voice-budget behavior. Fire only on a committed transition, never a refresh, and coalesce repeats.",scenes/overworld/OverworldShell.gd; scripts/core/HeroProgressionRules.gd; scripts/core/ScenarioRules.gd,not_started
notice_resource_shortfall,notifications,Resource Shortfall,P1,no_dedicated_cue,resource_shortfall,0.3-2.0,1,1,no,Small-SFX,"soft distinct deficit warning, may reuse UI invalid if redundant. No speech; keep subordinate to player actions.","New data-driven selection and event routing required; preserve existing generic fallback, event timing, mute, cooldown and voice-budget behavior. Fire only on a committed transition, never a refresh, and coalesce repeats.",scenes/overworld/OverworldShell.gd; scripts/core/HeroProgressionRules.gd; scripts/core/ScenarioRules.gd,not_started
notice_town_threat,notifications,Town Threat,P1,no_dedicated_cue,town_threat,0.3-2.0,1,1,no,Small-SFX,low restrained warning for exposed town or approaching revealed threat. No speech; keep subordinate to player actions.,"New data-driven selection and event routing required; preserve existing generic fallback, event timing, mute, cooldown and voice-budget behavior. Fire only on a committed transition, never a refresh, and coalesce repeats.",scenes/overworld/OverworldShell.gd; scripts/core/HeroProgressionRules.gd; scripts/core/ScenarioRules.gd,not_started
resource_aetherglass,resources,Aetherglass pickup,P1,shared_generic_only,aetherglass,0.2-0.7,2,2,no,Small-SFX,"mirror shards, lens fruit, prism relays, and cold glass glints. Two close, concise material pickup/transfer sounds, no music or speech.","New data-driven selection and event routing required; preserve existing generic fallback, event timing, mute, cooldown and voice-budget behavior.",content/resources.json; scripts/autoload/PresentationAudio.gd,not_started
resource_brass_scrip,resources,Brass scrip pickup,P1,shared_generic_only,brass_scrip,0.2-0.7,2,2,no,Small-SFX,"stamped contract plates, debt tags, furnace seals, and rail tallies. Two close, concise material pickup/transfer sounds, no music or speech.","New data-driven selection and event routing required; preserve existing generic fallback, event timing, mute, cooldown and voice-budget behavior.",content/resources.json; scripts/autoload/PresentationAudio.gd,not_started
resource_embergrain,resources,Embergrain pickup,P1,shared_generic_only,embergrain,0.2-0.7,2,2,no,Small-SFX,"sealed grain, ration sacks, warm lamp seed, and civic granary marks. Two close, concise material pickup/transfer sounds, no music or speech.","New data-driven selection and event routing required; preserve existing generic fallback, event timing, mute, cooldown and voice-budget behavior.",content/resources.json; scripts/autoload/PresentationAudio.gd,not_started
resource_gold,resources,Gold pickup,P1,shared_generic_only,gold,0.2-0.7,2,2,no,Small-SFX,"coin, payroll, and public exchange. Two close, concise material pickup/transfer sounds, no music or speech.","New data-driven selection and event routing required; preserve existing generic fallback, event timing, mute, cooldown and voice-budget behavior.",content/resources.json; scripts/autoload/PresentationAudio.gd,not_started
resource_memory_salt,resources,Memory salt pickup,P1,shared_generic_only,memory_salt,0.2-0.7,2,2,no,Small-SFX,"pale salvage salt, fog charts, bell ledgers, and wreck claims. Two close, concise material pickup/transfer sounds, no music or speech.","New data-driven selection and event routing required; preserve existing generic fallback, event timing, mute, cooldown and voice-budget behavior.",content/resources.json; scripts/autoload/PresentationAudio.gd,not_started
resource_ore,resources,Ore pickup,P1,shared_generic_only,ore,0.2-0.7,2,2,no,Small-SFX,"quarry blocks, metal seams, and tool stock. Two close, concise material pickup/transfer sounds, no music or speech.","New data-driven selection and event routing required; preserve existing generic fallback, event timing, mute, cooldown and voice-budget behavior.",content/resources.json; scripts/autoload/PresentationAudio.gd,not_started
resource_peatwax,resources,Peatwax pickup,P1,shared_generic_only,peatwax,0.2-0.7,2,2,no,Small-SFX,"dark fuel bricks, wax seals, marsh smoke, and ferry votives. Two close, concise material pickup/transfer sounds, no music or speech.","New data-driven selection and event routing required; preserve existing generic fallback, event timing, mute, cooldown and voice-budget behavior.",content/resources.json; scripts/autoload/PresentationAudio.gd,not_started
resource_verdant_grafts,resources,Verdant grafts pickup,P1,shared_generic_only,verdant_grafts,0.2-0.7,2,2,no,Small-SFX,"living cuttings, bound roots, nursery bundles, and renewal knots. Two close, concise material pickup/transfer sounds, no music or speech.","New data-driven selection and event routing required; preserve existing generic fallback, event timing, mute, cooldown and voice-budget behavior.",content/resources.json; scripts/autoload/PresentationAudio.gd,not_started
resource_wood,resources,Wood pickup,P1,shared_generic_only,wood,0.2-0.7,2,2,no,Small-SFX,"cut beams, road planks, rails, and wood yards. Two close, concise material pickup/transfer sounds, no music or speech.","New data-driven selection and event routing required; preserve existing generic fallback, event timing, mute, cooldown and voice-budget behavior.",content/resources.json; scripts/autoload/PresentationAudio.gd,not_started
stinger_battle_enter,stingers,Battle Enter,P1,no_dedicated_cue,battle_enter,3-8,1,1,no,Medium,"Original instrumental fantasy brief tension rise into battle. Clean full ending, no vocals; compatible with generic palette.",New one-shot music/stinger routing and music ducking required; do not loop these through current outcome music.,scenes/battle/BattleShell.gd; scenes/results/ScenarioOutcomeShell.gd; scripts/autoload/MusicAudio.gd,not_started
stinger_battle_loss,stingers,Battle Loss,P1,no_dedicated_cue,battle_loss,3-8,1,1,no,Medium,"Original instrumental fantasy restrained defeat cadence. Clean full ending, no vocals; compatible with generic palette.",New one-shot music/stinger routing and music ducking required; do not loop these through current outcome music.,scenes/battle/BattleShell.gd; scenes/results/ScenarioOutcomeShell.gd; scripts/autoload/MusicAudio.gd,not_started
stinger_battle_win,stingers,Battle Win,P1,no_dedicated_cue,battle_win,3-8,1,1,no,Medium,"Original instrumental fantasy earned short victory resolution. Clean full ending, no vocals; compatible with generic palette.",New one-shot music/stinger routing and music ducking required; do not loop these through current outcome music.,scenes/battle/BattleShell.gd; scenes/results/ScenarioOutcomeShell.gd; scripts/autoload/MusicAudio.gd,not_started
stinger_campaign_chapter,stingers,Campaign Chapter,P1,no_dedicated_cue,campaign_chapter,3-8,1,1,no,Medium,"Original instrumental fantasy quiet chapter transition. Clean full ending, no vocals; compatible with generic palette.",New one-shot music/stinger routing and music ducking required; do not loop these through current outcome music.,scenes/battle/BattleShell.gd; scenes/results/ScenarioOutcomeShell.gd; scripts/autoload/MusicAudio.gd,not_started
stinger_campaign_complete,stingers,Campaign Complete,P1,no_dedicated_cue,campaign_complete,3-8,1,1,no,Medium,"Original instrumental fantasy warm complete-journey resolution. Clean full ending, no vocals; compatible with generic palette.",New one-shot music/stinger routing and music ducking required; do not loop these through current outcome music.,scenes/battle/BattleShell.gd; scenes/results/ScenarioOutcomeShell.gd; scripts/autoload/MusicAudio.gd,not_started
stinger_rare_discovery,stingers,Rare Discovery,P1,no_dedicated_cue,rare_discovery,3-8,1,1,no,Medium,"Original instrumental fantasy short wonder accent for a major discovery. Clean full ending, no vocals; compatible with generic palette.",New one-shot music/stinger routing and music ducking required; do not loop these through current outcome music.,scenes/battle/BattleShell.gd; scenes/results/ScenarioOutcomeShell.gd; scripts/autoload/MusicAudio.gd,not_started
town_amb_brasshollow,town_ambience,Brasshollow Combine town bed,P1,no_dedicated_route,faction_brasshollow,60-90,1,1,yes,Medium,"distant forge, measured gears, ventilation and steam without exhausting continuous clatter. No intelligible dialogue or music; leave room for town theme.",Add town-context ambience lifecycle and Effects mixing; AmbientAudio currently serves Overworld.,content/factions.json; content/towns.json; scenes/town/TownShell.gd,not_started
town_amb_embercourt,town_ambience,Embercourt League town bed,P1,no_dedicated_route,faction_embercourt,60-90,1,1,yes,Medium,"river locks, rope work, civic bell and restrained distant market activity. No intelligible dialogue or music; leave room for town theme.",Add town-context ambience lifecycle and Effects mixing; AmbientAudio currently serves Overworld.,content/factions.json; content/towns.json; scenes/town/TownShell.gd,not_started
town_amb_mireclaw,town_ambience,Mireclaw Covenant town bed,P1,no_dedicated_route,faction_mireclaw,60-90,1,1,yes,Medium,"ferry chains, reeds, wet timber, sparse camp drums and insects. No intelligible dialogue or music; leave room for town theme.",Add town-context ambience lifecycle and Effects mixing; AmbientAudio currently serves Overworld.,content/factions.json; content/towns.json; scenes/town/TownShell.gd,not_started
town_amb_sunvault,town_ambience,Sunvault Compact town bed,P1,no_dedicated_route,faction_sunvault,60-90,1,1,yes,Medium,"breeze through arrays, subtle glass contacts and quiet workshop movement. No intelligible dialogue or music; leave room for town theme.",Add town-context ambience lifecycle and Effects mixing; AmbientAudio currently serves Overworld.,content/factions.json; content/towns.json; scenes/town/TownShell.gd,not_started
town_amb_thornwake,town_ambience,Thornwake Concord town bed,P1,no_dedicated_route,faction_thornwake,60-90,1,1,yes,Medium,"living leaves, branch creaks, gardeners tools and sparse birds. No intelligible dialogue or music; leave room for town theme.",Add town-context ambience lifecycle and Effects mixing; AmbientAudio currently serves Overworld.,content/factions.json; content/towns.json; scenes/town/TownShell.gd,not_started
town_amb_veilmourn,town_ambience,Veilmourn Armada town bed,P1,no_dedicated_route,faction_veilmourn,60-90,1,1,yes,Medium,"harbor water, rigging, wood creaks and very distant funeral bells. No intelligible dialogue or music; leave room for town theme.",Add town-context ambience lifecycle and Effects mixing; AmbientAudio currently serves Overworld.,content/factions.json; content/towns.json; scenes/town/TownShell.gd,not_started
body_amphibian,unit_body,Amphibian body bank,P1,shared_generic_only,amphibian,0.2-2.5,12,12,no,Small-SFX,"large frog or shelled marsh beast, wet croak, pad slap and body movement. Deliver move x4, attack exertion x4, hit reaction x2, defeat/fall x2 as separate files. No music. Idle variants are optional and should usually stay silent.","New data-driven selection and event routing required; preserve existing generic fallback, event timing, mute, cooldown and voice-budget behavior. Bank assignment is proposed from authored identity; verify rendered body/material before generation. Do not infer species or equipment from faction alone.",content/units.json; content/unit_animation_manifest.json,not_started
body_antlered,unit_body,Antlered body bank,P1,shared_generic_only,antlered,0.2-2.5,12,12,no,Small-SFX,"large hoofed beast, breath, antler movement and heavy collapse. Deliver move x4, attack exertion x4, hit reaction x2, defeat/fall x2 as separate files. No music. Idle variants are optional and should usually stay silent.","New data-driven selection and event routing required; preserve existing generic fallback, event timing, mute, cooldown and voice-budget behavior. Bank assignment is proposed from authored identity; verify rendered body/material before generation. Do not infer species or equipment from faction alone.",content/units.json; content/unit_animation_manifest.json,not_started
body_bear,unit_body,Bear body bank,P1,shared_generic_only,bear,0.2-2.5,12,12,no,Small-SFX,"large furred beast, paws, low growl, restrained pain and fall. Deliver move x4, attack exertion x4, hit reaction x2, defeat/fall x2 as separate files. No music. Idle variants are optional and should usually stay silent.","New data-driven selection and event routing required; preserve existing generic fallback, event timing, mute, cooldown and voice-budget behavior. Bank assignment is proposed from authored identity; verify rendered body/material before generation. Do not infer species or equipment from faction alone.",content/units.json; content/unit_animation_manifest.json,not_started
body_bog_brute,unit_body,Bog Brute body bank,P1,shared_generic_only,bog_brute,0.2-2.5,12,12,no,Small-SFX,"heavy marsh brute, wet breathing, weighty feet and low animal exertion. Deliver move x4, attack exertion x4, hit reaction x2, defeat/fall x2 as separate files. No music. Idle variants are optional and should usually stay silent.","New data-driven selection and event routing required; preserve existing generic fallback, event timing, mute, cooldown and voice-budget behavior. Bank assignment is proposed from authored identity; verify rendered body/material before generation. Do not infer species or equipment from faction alone.",content/units.json; content/unit_animation_manifest.json,not_started
body_crystal,unit_body,Crystal body bank,P1,shared_generic_only,crystal,0.2-2.5,12,12,no,Small-SFX,"weighty glass-stone motion, resonant facet contact and crackling collapse. Deliver move x4, attack exertion x4, hit reaction x2, defeat/fall x2 as separate files. No music. Idle variants are optional and should usually stay silent.","New data-driven selection and event routing required; preserve existing generic fallback, event timing, mute, cooldown and voice-budget behavior. Bank assignment is proposed from authored identity; verify rendered body/material before generation. Do not infer species or equipment from faction alone.",content/units.json; content/unit_animation_manifest.json,not_started
body_hound,unit_body,Hound body bank,P1,shared_generic_only,hound,0.2-2.5,12,12,no,Small-SFX,"canine paws, brief growl, hit yelp and fall, no continuous barking. Deliver move x4, attack exertion x4, hit reaction x2, defeat/fall x2 as separate files. No music. Idle variants are optional and should usually stay silent.","New data-driven selection and event routing required; preserve existing generic fallback, event timing, mute, cooldown and voice-budget behavior. Bank assignment is proposed from authored identity; verify rendered body/material before generation. Do not infer species or equipment from faction alone.",content/units.json; content/unit_animation_manifest.json,not_started
body_humanoid,unit_body,Humanoid body bank,P1,shared_generic_only,humanoid,0.2-2.5,12,12,no,Small-SFX,"nonverbal exertion, clothing, armor and boots; varied adult performers, no intelligible words. Deliver move x4, attack exertion x4, hit reaction x2, defeat/fall x2 as separate files. No music. Idle variants are optional and should usually stay silent.","New data-driven selection and event routing required; preserve existing generic fallback, event timing, mute, cooldown and voice-budget behavior. Bank assignment is proposed from authored identity; verify rendered body/material before generation. Do not infer species or equipment from faction alone.",content/units.json; content/unit_animation_manifest.json,not_started
body_insect,unit_body,Insect body bank,P1,shared_generic_only,insect,0.2-2.5,12,12,no,Small-SFX,"moth-like wing flutter, chitin rustle and small dry body impacts. Deliver move x4, attack exertion x4, hit reaction x2, defeat/fall x2 as separate files. No music. Idle variants are optional and should usually stay silent.","New data-driven selection and event routing required; preserve existing generic fallback, event timing, mute, cooldown and voice-budget behavior. Bank assignment is proposed from authored identity; verify rendered body/material before generation. Do not infer species or equipment from faction alone.",content/units.json; content/unit_animation_manifest.json,not_started
body_leviathan,unit_body,Leviathan body bank,P1,shared_generic_only,leviathan,0.2-2.5,12,12,no,Small-SFX,"enormous marine creature, deep original breath, fin movement and heavy body fall. Deliver move x4, attack exertion x4, hit reaction x2, defeat/fall x2 as separate files. No music. Idle variants are optional and should usually stay silent.","New data-driven selection and event routing required; preserve existing generic fallback, event timing, mute, cooldown and voice-budget behavior. Bank assignment is proposed from authored identity; verify rendered body/material before generation. Do not infer species or equipment from faction alone.",content/units.json; content/unit_animation_manifest.json,not_started
body_living_wood,unit_body,Living Wood body bank,P1,shared_generic_only,living_wood,0.2-2.5,12,12,no,Small-SFX,"bark creaks, roots stepping, branch swing and woody break/fall. Deliver move x4, attack exertion x4, hit reaction x2, defeat/fall x2 as separate files. No music. Idle variants are optional and should usually stay silent.","New data-driven selection and event routing required; preserve existing generic fallback, event timing, mute, cooldown and voice-budget behavior. Bank assignment is proposed from authored identity; verify rendered body/material before generation. Do not infer species or equipment from faction alone.",content/units.json; content/unit_animation_manifest.json,not_started
body_machine,unit_body,Machine body bank,P1,shared_generic_only,machine,0.2-2.5,12,12,no,Small-SFX,"metal joints, pressure hiss, mechanism strain and shutdown/collapse. Deliver move x4, attack exertion x4, hit reaction x2, defeat/fall x2 as separate files. No music. Idle variants are optional and should usually stay silent.","New data-driven selection and event routing required; preserve existing generic fallback, event timing, mute, cooldown and voice-budget behavior. Bank assignment is proposed from authored identity; verify rendered body/material before generation. Do not infer species or equipment from faction alone.",content/units.json; content/unit_animation_manifest.json,not_started
body_ray,unit_body,Ray body bank,P1,shared_generic_only,ray,0.2-2.5,12,12,no,Small-SFX,"floating marine creature, soft membrane movement, airy calls and wet impacts. Deliver move x4, attack exertion x4, hit reaction x2, defeat/fall x2 as separate files. No music. Idle variants are optional and should usually stay silent.","New data-driven selection and event routing required; preserve existing generic fallback, event timing, mute, cooldown and voice-budget behavior. Bank assignment is proposed from authored identity; verify rendered body/material before generation. Do not infer species or equipment from faction alone.",content/units.json; content/unit_animation_manifest.json,not_started
body_spectral,unit_body,Spectral body bank,P1,shared_generic_only,spectral,0.2-2.5,12,12,no,Small-SFX,"subtle hollow breath, cloth and distant memory-bell texture without intelligible speech. Deliver move x4, attack exertion x4, hit reaction x2, defeat/fall x2 as separate files. No music. Idle variants are optional and should usually stay silent.","New data-driven selection and event routing required; preserve existing generic fallback, event timing, mute, cooldown and voice-budget behavior. Bank assignment is proposed from authored identity; verify rendered body/material before generation. Do not infer species or equipment from faction alone.",content/units.json; content/unit_animation_manifest.json,not_started
body_winged,unit_body,Winged body bank,P1,shared_generic_only,winged,0.2-2.5,12,12,no,Small-SFX,"large avian wingbeats, brief original call and feather motion. Deliver move x4, attack exertion x4, hit reaction x2, defeat/fall x2 as separate files. No music. Idle variants are optional and should usually stay silent.","New data-driven selection and event routing required; preserve existing generic fallback, event timing, mute, cooldown and voice-budget behavior. Bank assignment is proposed from authored identity; verify rendered body/material before generation. Do not infer species or equipment from faction alone.",content/units.json; content/unit_animation_manifest.json,not_started
body_wyrm,unit_body,Wyrm body bank,P1,shared_generic_only,wyrm,0.2-2.5,12,12,no,Small-SFX,"serpentine scaled creature, scrape, exhale and heavy coiling impact. Deliver move x4, attack exertion x4, hit reaction x2, defeat/fall x2 as separate files. No music. Idle variants are optional and should usually stay silent.","New data-driven selection and event routing required; preserve existing generic fallback, event timing, mute, cooldown and voice-budget behavior. Bank assignment is proposed from authored identity; verify rendered body/material before generation. Do not infer species or equipment from faction alone.",content/units.json; content/unit_animation_manifest.json,not_started
weapon_arcane,weapons,Arcane release bank,P1,shared_generic_only,arcane,0.2-1.2,4,4,no,Small-SFX,"Four focused nonverbal magical projectile release with restrained material texture takes, attack/release only; separate from impact. No speech, no music.","New data-driven selection and event routing required; preserve existing generic fallback, event timing, mute, cooldown and voice-budget behavior.",content/units.json; content/animation_event_cues.json,not_started
weapon_blade,weapons,Blade release bank,P1,shared_generic_only,blade,0.2-1.2,4,4,no,Small-SFX,"Four steel blade swing and release takes, attack/release only; separate from impact. No speech, no music.","New data-driven selection and event routing required; preserve existing generic fallback, event timing, mute, cooldown and voice-budget behavior.",content/units.json; content/animation_event_cues.json,not_started
weapon_blunt,weapons,Blunt release bank,P1,shared_generic_only,blunt,0.2-1.2,4,4,no,Small-SFX,"Four heavy mallet or maul swing takes, attack/release only; separate from impact. No speech, no music.","New data-driven selection and event routing required; preserve existing generic fallback, event timing, mute, cooldown and voice-budget behavior.",content/units.json; content/animation_event_cues.json,not_started
weapon_bolt,weapons,Bolt release bank,P1,shared_generic_only,bolt,0.2-1.2,4,4,no,Small-SFX,"Four crossbow mechanism and bolt release takes, attack/release only; separate from impact. No speech, no music.","New data-driven selection and event routing required; preserve existing generic fallback, event timing, mute, cooldown and voice-budget behavior.",content/units.json; content/animation_event_cues.json,not_started
weapon_bow,weapons,Bow release bank,P1,shared_generic_only,bow,0.2-1.2,4,4,no,Small-SFX,"Four wooden bow draw and string release takes, attack/release only; separate from impact. No speech, no music.","New data-driven selection and event routing required; preserve existing generic fallback, event timing, mute, cooldown and voice-budget behavior.",content/units.json; content/animation_event_cues.json,not_started
weapon_chain,weapons,Chain release bank,P1,shared_generic_only,chain,0.2-1.2,4,4,no,Small-SFX,"Four chain lash and harpoon launch takes, attack/release only; separate from impact. No speech, no music.","New data-driven selection and event routing required; preserve existing generic fallback, event timing, mute, cooldown and voice-budget behavior.",content/units.json; content/animation_event_cues.json,not_started
weapon_polearm,weapons,Polearm release bank,P1,shared_generic_only,polearm,0.2-1.2,4,4,no,Small-SFX,"Four wooden haft, hooked spear and polearm thrust takes, attack/release only; separate from impact. No speech, no music.","New data-driven selection and event routing required; preserve existing generic fallback, event timing, mute, cooldown and voice-budget behavior.",content/units.json; content/animation_event_cues.json,not_started
weapon_siege,weapons,Siege release bank,P1,shared_generic_only,siege,0.2-1.2,4,4,no,Small-SFX,"Four large torsion engine or fantasy pressure cannon release; inspect specific unit before choosing takes, attack/release only; separate from impact. No speech, no music.","New data-driven selection and event routing required; preserve existing generic fallback, event timing, mute, cooldown and voice-budget behavior.",content/units.json; content/animation_event_cues.json,not_started
weapon_sling,weapons,Sling release bank,P1,shared_generic_only,sling,0.2-1.2,4,4,no,Small-SFX,"Four sling spin and stone release takes, attack/release only; separate from impact. No speech, no music.","New data-driven selection and event routing required; preserve existing generic fallback, event timing, mute, cooldown and voice-budget behavior.",content/units.json; content/animation_event_cues.json,not_started
weapon_thrown,weapons,Thrown release bank,P1,shared_generic_only,thrown,0.2-1.2,4,4,no,Small-SFX,"Four jar, dart or net being thrown takes, attack/release only; separate from impact. No speech, no music.","New data-driven selection and event routing required; preserve existing generic fallback, event timing, mute, cooldown and voice-budget behavior.",content/units.json; content/animation_event_cues.json,not_started
ability_backstab,ability_optional,Reedline Backstab accent,P2,shared_action_or_status_audio,backstab,0.2-1.0,2,2,no,Small-SFX,Deals extra damage and builds attack momentum against harried or staggered enemies.. Sound only a distinct committed activation; reuse weapon/body/status bank if it already communicates this result.,Optional identity accent after effect-event audit; no continuous or duplicate sound for passive stat modifiers.,content/units.json; scenes/battle/BattleBoardView.gd,not_started
ability_bloodrush,ability_optional,Bloodrush accent,P2,shared_action_or_status_audio,bloodrush,0.2-1.0,2,2,no,Small-SFX,"Surges faster, strikes harder, and spikes battlefield momentum once prey is wounded or already under pack pressure.. Sound only a distinct committed activation; reuse weapon/body/status bank if it already communicates this result.",Optional identity accent after effect-event audit; no continuous or duplicate sound for passive stat modifiers.,content/units.json; scenes/battle/BattleBoardView.gd,not_started
ability_brace,ability_optional,River Brace accent,P2,shared_action_or_status_audio,brace,0.2-1.0,2,2,no,Small-SFX,"Defensive retaliations hit harder, steady the line, and stagger the attacker into the next round.. Sound only a distinct committed activation; reuse weapon/body/status bank if it already communicates this result.",Optional identity accent after effect-event audit; no continuous or duplicate sound for passive stat modifiers.,content/units.json; scenes/battle/BattleBoardView.gd,not_started
ability_bramble_ground,ability_optional,Bramble Stake accent,P2,shared_action_or_status_audio,bramble_ground,0.2-1.0,2,2,no,Small-SFX,"On a held bramble line, Seedcutters steady their defense and root attackers they counter; their primary melee cuts bite harder into rooted targets.. Sound only a distinct committed activation; reuse weapon/body/status bank if it already communicates this result.",Optional identity accent after effect-event audit; no continuous or duplicate sound for passive stat modifiers.,content/units.json; scenes/battle/BattleBoardView.gd,not_started
ability_counter_ambush_flare,ability_optional,Counter-Ambush Flare accent,P2,shared_action_or_status_audio,counter_ambush_flare,0.2-1.0,2,2,no,Small-SFX,"While a Lantern Sapper stack survives, signal flares expose enemy ambush lanes, removing backstab and fogwake bonus damage and preventing Fogbound.. Sound only a distinct committed activation; reuse weapon/body/status bank if it already communicates this result.",Optional identity accent after effect-event audit; no continuous or duplicate sound for passive stat modifiers.,content/units.json; scenes/battle/BattleBoardView.gd,not_started
ability_fog_screen,ability_optional,Mistwake Screen accent,P2,shared_action_or_status_audio,fog_screen,0.2-1.0,2,2,no,Small-SFX,"Bellwake crews scatter their line through a natural fog bank, reducing incoming damage without hardening their clear-weather formation.. Sound only a distinct committed activation; reuse weapon/body/status bank if it already communicates this result.",Optional identity accent after effect-event audit; no continuous or duplicate sound for passive stat modifiers.,content/units.json; scenes/battle/BattleBoardView.gd,not_started
ability_fogwake,ability_optional,Leviathan Fogwake accent,P2,shared_action_or_status_audio,fogwake,0.2-1.0,2,2,no,Small-SFX,"The leviathan closes its fog around a stack with no adjacent ally, striking harder and leaving the survivor fogbound for the next exchange.. Sound only a distinct committed activation; reuse weapon/body/status bank if it already communicates this result.",Optional identity accent after effect-event audit; no continuous or duplicate sound for passive stat modifiers.,content/units.json; scenes/battle/BattleBoardView.gd,not_started
ability_formation_guard,ability_optional,Citadel Screen accent,P2,shared_action_or_status_audio,formation_guard,0.2-1.0,2,2,no,Small-SFX,"Anchors the line, hardens allied cohesion, quickens supporting volleys, and punishes staggered breaches.. Sound only a distinct committed activation; reuse weapon/body/status bank if it already communicates this result.",Optional identity accent after effect-event audit; no continuous or duplicate sound for passive stat modifiers.,content/units.json; scenes/battle/BattleBoardView.gd,not_started
ability_foundry_aura,ability_optional,Saint's Temper accent,P2,shared_action_or_status_audio,foundry_aura,0.2-1.0,2,2,no,Small-SFX,"The living furnace hardens overheated Combine machinery and repairs surviving allied stacks at each pressure cycle, with extra attention for overheated engines.. Sound only a distinct committed activation; reuse weapon/body/status bank if it already communicates this result.",Optional identity accent after effect-event audit; no continuous or duplicate sound for passive stat modifiers.,content/units.json; scenes/battle/BattleBoardView.gd,not_started
ability_harry,ability_optional,Kindling Barrage accent,P2,shared_action_or_status_audio,harry,0.2-1.0,2,2,no,Small-SFX,"Surviving targets are harried, losing formation and cohesion for the next exchanges.. Sound only a distinct committed activation; reuse weapon/body/status bank if it already communicates this result.",Optional identity accent after effect-event audit; no continuous or duplicate sound for passive stat modifiers.,content/units.json; scenes/battle/BattleBoardView.gd,not_started
ability_hookline,ability_optional,Ferrychain Hookline accent,P2,shared_action_or_status_audio,hookline,0.2-1.0,2,2,no,Small-SFX,"Once per battle, long ferry chains lash across a broken lane, pull the surviving target into contact, and pin it for the round at reduced leverage.. Sound only a distinct committed activation; reuse weapon/body/status bank if it already communicates this result.",Optional identity accent after effect-event audit; no continuous or duplicate sound for passive stat modifiers.,content/units.json; scenes/battle/BattleBoardView.gd,not_started
ability_obituary,ability_optional,Final Notice accent,P2,shared_action_or_status_audio,obituary,0.2-1.0,2,2,no,Small-SFX,"Once per battle, obituary ink names the next answer before it is made, draining the marked line's cohesion and weakening its retaliation.. Sound only a distinct committed activation; reuse weapon/body/status bank if it already communicates this result.",Optional identity accent after effect-event audit; no continuous or duplicate sound for passive stat modifiers.,content/units.json; scenes/battle/BattleBoardView.gd,not_started
ability_overheat,ability_optional,Debt Furnace accent,P2,shared_action_or_status_audio,overheat,0.2-1.0,2,2,no,Small-SFX,"The exactor opens with a furnace-driven impact, then runs overheated until its pressure cycle recovers.. Sound only a distinct committed activation; reuse weapon/body/status bank if it already communicates this result.",Optional identity accent after effect-event audit; no continuous or duplicate sound for passive stat modifiers.,content/units.json; scenes/battle/BattleBoardView.gd,not_started
ability_pressure_artillery,ability_optional,Boiler Pressure Volley accent,P2,shared_action_or_status_audio,pressure_artillery,0.2-1.0,2,2,no,Small-SFX,"A pressure bolt throws bounded fragments into one adjacent enemy stack, then leaves the firing crew overheated until its next pressure cycle.. Sound only a distinct committed activation; reuse weapon/body/status bank if it already communicates this result.",Optional identity accent after effect-event audit; no continuous or duplicate sound for passive stat modifiers.,content/units.json; scenes/battle/BattleBoardView.gd,not_started
ability_reach,ability_optional,Hook Reach accent,P2,shared_action_or_status_audio,reach,0.2-1.0,2,2,no,Small-SFX,Can strike and retaliate across a partially closed line.. Sound only a distinct committed activation; reuse weapon/body/status bank if it already communicates this result.,Optional identity accent after effect-event audit; no continuous or duplicate sound for passive stat modifiers.,content/units.json; scenes/battle/BattleBoardView.gd,not_started
ability_readiness_writ,ability_optional,Beacon Muster accent,P2,shared_action_or_status_audio,readiness_writ,0.2-1.0,2,2,no,Small-SFX,"Once per battle, the lectors steady one disrupted veteran line as the pressure lands, clear it after firing, or hold the same response for the next breach.. Sound only a distinct committed activation; reuse weapon/body/status bank if it already communicates this result.",Optional identity accent after effect-event audit; no continuous or duplicate sound for passive stat modifiers.,content/units.json; scenes/battle/BattleBoardView.gd,not_started
ability_resonance_relay,ability_optional,Resonant Relay accent,P2,shared_action_or_status_audio,resonance_relay,0.2-1.0,2,2,no,Small-SFX,"The living choir synchronizes separate spell calibrations into one firing measure; when it falls, each remaining blessing supports only its bearer.. Sound only a distinct committed activation; reuse weapon/body/status bank if it already communicates this result.",Optional identity accent after effect-event audit; no continuous or duplicate sound for passive stat modifiers.,content/units.json; scenes/battle/BattleBoardView.gd,not_started
ability_rot_cant,ability_optional,Sporewake Rot Cant accent,P2,shared_action_or_status_audio,rot_cant,0.2-1.0,2,2,no,Small-SFX,"The chanters name one veteran line for rot, weakening its cohesion and retaliation while their spores bite deeper into wounded prey.. Sound only a distinct committed activation; reuse weapon/body/status bank if it already communicates this result.",Optional identity accent after effect-event audit; no continuous or duplicate sound for passive stat modifiers.,content/units.json; scenes/battle/BattleBoardView.gd,not_started
ability_shielding,ability_optional,Bogplate Bulk accent,P2,shared_action_or_status_audio,shielding,0.2-1.0,2,2,no,Small-SFX,Dense hide and layered bogplate turn aside part of incoming ranged fire and keep the stack from buckling.. Sound only a distinct committed activation; reuse weapon/body/status bank if it already communicates this result.,Optional identity accent after effect-event audit; no continuous or duplicate sound for passive stat modifiers.,content/units.json; scenes/battle/BattleBoardView.gd,not_started
ability_solar_array_lane,ability_optional,Solar Array Lanes accent,P2,shared_action_or_status_audio,solar_array_lane,0.2-1.0,2,2,no,Small-SFX,"While these Striders and a linked Daybreak Colossus survive, calibrated lanes reduce incoming melee damage to allied Sunvault ranged stacks by five percent. Ranged and spell damage are unchanged.. Sound only a distinct committed activation; reuse weapon/body/status bank if it already communicates this result.",Optional identity accent after effect-event audit; no continuous or duplicate sound for passive stat modifiers.,content/units.json; scenes/battle/BattleBoardView.gd,not_started
ability_sporeglass_mend,ability_optional,Mending Fire accent,P2,shared_action_or_status_audio,sporeglass_mend,0.2-1.0,2,2,no,Small-SFX,"Sporeglass salves ride each successful volley, restoring three health per living Mender up to eight health to one injured allied stack. Fallen creatures cannot return.. Sound only a distinct committed activation; reuse weapon/body/status bank if it already communicates this result.",Optional identity accent after effect-event audit; no continuous or duplicate sound for passive stat modifiers.,content/units.json; scenes/battle/BattleBoardView.gd,not_started
ability_volley,ability_optional,Lantern Volley accent,P2,shared_action_or_status_audio,volley,0.2-1.0,2,2,no,Small-SFX,Hits harder while the lines are still opening and the lane is clear.. Sound only a distinct committed activation; reuse weapon/body/status bank if it already communicates this result.,Optional identity accent after effect-event audit; no continuous or duplicate sound for passive stat modifiers.,content/units.json; scenes/battle/BattleBoardView.gd,not_started
campaign_music_campaign_ashen_ledger,campaign_optional,Ashen Ledger motif suite,P2,shared_menu_and_faction_music,campaign_ashen_ledger,90-150,1,3,yes,Medium,"Optional original instrumental campaign identity: A three-chapter Brasshollow campaign about reclaiming production, carrying one commander's record, and joining three industrial towns through a mobile contract economy. Use relevant faction motifs; one coherent suite, three synchronized stems. No vocals.",Optional breadth after core soundtrack approval. Campaign metadata/selection is not currently a MusicAudio route; reuse faction themes meanwhile.,content/campaigns.json; scenes/menus/MainMenu.gd; scripts/autoload/MusicAudio.gd,not_started
campaign_music_campaign_bogbound_oath,campaign_optional,Bogbound Oath motif suite,P2,shared_menu_and_faction_music,campaign_bogbound_oath,90-150,1,3,yes,Medium,"Optional original instrumental campaign identity: A three-chapter Mireclaw counteroffensive about seizing roads, breaking granary levies, and drowning the charter marches. Use relevant faction motifs; one coherent suite, three synchronized stems. No vocals.",Optional breadth after core soundtrack approval. Campaign metadata/selection is not currently a MusicAudio route; reuse faction themes meanwhile.,content/campaigns.json; scenes/menus/MainMenu.gd; scripts/autoload/MusicAudio.gd,not_started
campaign_music_campaign_briarwheel_covenant,campaign_optional,Briarwheel Covenant motif suite,P2,shared_menu_and_faction_music,campaign_briarwheel_covenant,90-150,1,3,yes,Medium,"Optional original instrumental campaign identity: A three-chapter Thornwake campaign about recovering measured ground, carrying one commander's growth forward, and joining every Thornwake town through a living road. Use relevant faction motifs; one coherent suite, three synchronized stems. No vocals.",Optional breadth after core soundtrack approval. Campaign metadata/selection is not currently a MusicAudio route; reuse faction themes meanwhile.,content/campaigns.json; scenes/menus/MainMenu.gd; scripts/autoload/MusicAudio.gd,not_started
campaign_music_campaign_broken_meridian,campaign_optional,The Broken Meridian motif suite,P2,shared_menu_and_faction_music,campaign_broken_meridian,90-150,1,3,yes,Medium,"Optional original instrumental campaign identity: A three-chapter Sunvault campaign that aligns a foundry gauge, cliff sightline, and crystal relay into one deliberately interrupted meridian. Use relevant faction motifs; one coherent suite, three synchronized stems. No vocals.",Optional breadth after core soundtrack approval. Campaign metadata/selection is not currently a MusicAudio route; reuse faction themes meanwhile.,content/campaigns.json; scenes/menus/MainMenu.gd; scripts/autoload/MusicAudio.gd,not_started
campaign_music_campaign_charterless_compact,campaign_optional,The Charterless Compact motif suite,P2,shared_menu_and_faction_music,campaign_charterless_compact,90-150,1,3,yes,Medium,"Optional original instrumental campaign identity: A six-chapter anthology campaign joining six factions and six production mechanics through bounded witness handoff and isolated command. Use relevant faction motifs; one coherent suite, three synchronized stems. No vocals.",Optional breadth after core soundtrack approval. Campaign metadata/selection is not currently a MusicAudio route; reuse faction themes meanwhile.,content/campaigns.json; scenes/menus/MainMenu.gd; scripts/autoload/MusicAudio.gd,not_started
campaign_music_campaign_coalwater_ordinance,campaign_optional,The Coalwater Ordinance motif suite,P2,shared_menu_and_faction_music,campaign_coalwater_ordinance,90-150,1,3,yes,Medium,"Optional original instrumental campaign identity: A three-chapter Embercourt campaign that binds a blackwater levy, kiln warrant, and spellwright lexicon into one enforceable road ordinance. Use relevant faction motifs; one coherent suite, three synchronized stems. No vocals.",Optional breadth after core soundtrack approval. Campaign metadata/selection is not currently a MusicAudio route; reuse faction themes meanwhile.,content/campaigns.json; scenes/menus/MainMenu.gd; scripts/autoload/MusicAudio.gd,not_started
campaign_music_campaign_fivefold_assay,campaign_optional,The Fivefold Assay motif suite,P2,shared_menu_and_faction_music,campaign_fivefold_assay,90-150,1,3,yes,Medium,"Optional original instrumental campaign identity: A five-chapter Brasshollow campaign that brings every remaining faction hero into campaign play through exact signature victories and independently measured proofs. Use relevant faction motifs; one coherent suite, three synchronized stems. No vocals.",Optional breadth after core soundtrack approval. Campaign metadata/selection is not currently a MusicAudio route; reuse faction themes meanwhile.,content/campaigns.json; scenes/menus/MainMenu.gd; scripts/autoload/MusicAudio.gd,not_started
campaign_music_campaign_frontier_claims,campaign_optional,Frontier Claims motif suite,P2,shared_menu_and_faction_music,campaign_frontier_claims,90-150,1,3,yes,Medium,"Optional original instrumental campaign identity: A nine-chapter campaign anthology that gives all six factions player-owned frontier chapters through bounded supply and objective carryover. Use relevant faction motifs; one coherent suite, three synchronized stems. No vocals.",Optional breadth after core soundtrack approval. Campaign metadata/selection is not currently a MusicAudio route; reuse faction themes meanwhile.,content/campaigns.json; scenes/menus/MainMenu.gd; scripts/autoload/MusicAudio.gd,not_started
campaign_music_campaign_horn_glass_accord,campaign_optional,Horn and Glass Accord motif suite,P2,shared_menu_and_faction_music,campaign_horn_glass_accord,90-150,1,3,yes,Medium,"Optional original instrumental campaign identity: A three-chapter cross-faction campaign about claiming two elite neutral dwellings, passing bounded testimony between commanders, and convening both companies without transferring personal power. Use relevant faction motifs; one coherent suite, three synchronized stems. No vocals.",Optional breadth after core soundtrack approval. Campaign metadata/selection is not currently a MusicAudio route; reuse faction themes meanwhile.,content/campaigns.json; scenes/menus/MainMenu.gd; scripts/autoload/MusicAudio.gd,not_started
campaign_music_campaign_last_bell_sounding,campaign_optional,Last Bell Sounding motif suite,P2,shared_menu_and_faction_music,campaign_last_bell_sounding,90-150,1,3,yes,Medium,"Optional original instrumental campaign identity: A three-chapter Veilmourn campaign about reclaimed harbors, deceptive navigation, same-hero memory, and a three-town coastal covenant. Use relevant faction motifs; one coherent suite, three synchronized stems. No vocals.",Optional breadth after core soundtrack approval. Campaign metadata/selection is not currently a MusicAudio route; reuse faction themes meanwhile.,content/campaigns.json; scenes/menus/MainMenu.gd; scripts/autoload/MusicAudio.gd,not_started
campaign_music_campaign_mireglass_counterpoint,campaign_optional,Mireglass Counterpoint motif suite,P2,shared_menu_and_faction_music,campaign_mireglass_counterpoint,90-150,1,3,yes,Medium,"Optional original instrumental campaign identity: A six-chapter alternating-faction campaign about winning six guarded counterseals and carrying only modest stores and independently scoped testimony onward. Use relevant faction motifs; one coherent suite, three synchronized stems. No vocals.",Optional breadth after core soundtrack approval. Campaign metadata/selection is not currently a MusicAudio route; reuse faction themes meanwhile.,content/campaigns.json; scenes/menus/MainMenu.gd; scripts/autoload/MusicAudio.gd,not_started
campaign_music_campaign_ninefold_survey,campaign_optional,Ninefold Survey Docket motif suite,P2,shared_menu_and_faction_music,campaign_ninefold_survey,90-150,1,3,yes,Medium,"Optional original instrumental campaign identity: A three-chapter authored campaign docket that links existing skirmish maps into campaign selection, carryover, completion, and replay flow. Use relevant faction motifs; one coherent suite, three synchronized stems. No vocals.",Optional breadth after core soundtrack approval. Campaign metadata/selection is not currently a MusicAudio route; reuse faction themes meanwhile.,content/campaigns.json; scenes/menus/MainMenu.gd; scripts/autoload/MusicAudio.gd,not_started
campaign_music_campaign_reedfall,campaign_optional,Lanterns Through Reedfall motif suite,P2,shared_menu_and_faction_music,campaign_reedfall,90-150,1,3,yes,Medium,"Optional original instrumental campaign identity: A three-chapter frontier war campaign about turning a border defense into a full marsh push. Use relevant faction motifs; one coherent suite, three synchronized stems. No vocals.",Optional breadth after core soundtrack approval. Campaign metadata/selection is not currently a MusicAudio route; reuse faction themes meanwhile.,content/campaigns.json; scenes/menus/MainMenu.gd; scripts/autoload/MusicAudio.gd,not_started
campaign_music_campaign_rootbound_canticles,campaign_optional,The Rootbound Canticles motif suite,P2,shared_menu_and_faction_music,campaign_rootbound_canticles,90-150,1,3,yes,Medium,"Optional original instrumental campaign identity: A six-chapter Thornwake campaign that brings every remaining faction hero into campaign play through their own production battlefield and signature encounter. Use relevant faction motifs; one coherent suite, three synchronized stems. No vocals.",Optional breadth after core soundtrack approval. Campaign metadata/selection is not currently a MusicAudio route; reuse faction themes meanwhile.,content/campaigns.json; scenes/menus/MainMenu.gd; scripts/autoload/MusicAudio.gd,not_started
campaign_music_campaign_shards_of_daybreak,campaign_optional,Shards of Daybreak motif suite,P2,shared_menu_and_faction_music,campaign_shards_of_daybreak,90-150,1,3,yes,Medium,"Optional original instrumental campaign identity: A three-chapter Sunvault campaign about reclaiming relay towers, breaking the charter road line, and turning a prepared array into a decisive frontier offensive. Use relevant faction motifs; one coherent suite, three synchronized stems. No vocals.",Optional breadth after core soundtrack approval. Campaign metadata/selection is not currently a MusicAudio route; reuse faction themes meanwhile.,content/campaigns.json; scenes/menus/MainMenu.gd; scripts/autoload/MusicAudio.gd,not_started
campaign_music_campaign_siltbound_writ,campaign_optional,The Siltbound Writ motif suite,P2,shared_menu_and_faction_music,campaign_siltbound_writ,90-150,1,3,yes,Medium,"Optional original instrumental campaign identity: A three-chapter Mireclaw campaign that converts pursuit, toll, and relay proofs into a durable silt-road compact. Use relevant faction motifs; one coherent suite, three synchronized stems. No vocals.",Optional breadth after core soundtrack approval. Campaign metadata/selection is not currently a MusicAudio route; reuse faction themes meanwhile.,content/campaigns.json; scenes/menus/MainMenu.gd; scripts/autoload/MusicAudio.gd,not_started
campaign_music_campaign_six_roads_relay,campaign_optional,The Six Roads Relay motif suite,P2,shared_menu_and_faction_music,campaign_six_roads_relay,90-150,1,3,yes,Medium,"Optional original instrumental campaign identity: A six-chapter relay campaign that turns six rival-road victories into one bounded cross-command expedition. Use relevant faction motifs; one coherent suite, three synchronized stems. No vocals.",Optional breadth after core soundtrack approval. Campaign metadata/selection is not currently a MusicAudio route; reuse faction themes meanwhile.,content/campaigns.json; scenes/menus/MainMenu.gd; scripts/autoload/MusicAudio.gd,not_started
campaign_music_campaign_six_sealed_companies,campaign_optional,The Six Sealed Companies motif suite,P2,shared_menu_and_faction_music,campaign_six_sealed_companies,90-150,1,3,yes,Medium,"Optional original instrumental campaign identity: A six-chapter cross-faction campaign about restoring every missing veteran company through guarded musters, exact rosters, and bounded witness handoff. Use relevant faction motifs; one coherent suite, three synchronized stems. No vocals.",Optional breadth after core soundtrack approval. Campaign metadata/selection is not currently a MusicAudio route; reuse faction themes meanwhile.,content/campaigns.json; scenes/menus/MainMenu.gd; scripts/autoload/MusicAudio.gd,not_started
campaign_music_campaign_six_unbound_oaths,campaign_optional,The Six Unbound Oaths motif suite,P2,shared_menu_and_faction_music,campaign_six_unbound_oaths,90-150,1,3,yes,Medium,"Optional original instrumental campaign identity: A six-chapter concord campaign about earning and carrying six distinct neutral-company oaths while every commander keeps an independent command. Use relevant faction motifs; one coherent suite, three synchronized stems. No vocals.",Optional breadth after core soundtrack approval. Campaign metadata/selection is not currently a MusicAudio route; reuse faction themes meanwhile.,content/campaigns.json; scenes/menus/MainMenu.gd; scripts/autoload/MusicAudio.gd,not_started
campaign_music_campaign_sixfold_testament,campaign_optional,The Sixfold Testament motif suite,P2,shared_menu_and_faction_music,campaign_sixfold_testament,90-150,1,3,yes,Medium,"Optional original instrumental campaign identity: A six-chapter cross-faction campaign about guarded legendary relics, bounded shared stores, and evidence passed between commanders without transferring their personal power. Use relevant faction motifs; one coherent suite, three synchronized stems. No vocals.",Optional breadth after core soundtrack approval. Campaign metadata/selection is not currently a MusicAudio route; reuse faction themes meanwhile.,content/campaigns.json; scenes/menus/MainMenu.gd; scripts/autoload/MusicAudio.gd,not_started
campaign_music_campaign_stonewake,campaign_optional,Warden of Stonewake motif suite,P2,shared_menu_and_faction_music,campaign_stonewake,90-150,1,3,yes,Medium,"Optional original instrumental campaign identity: A three-chapter inland counteroffensive about holding mill country, cutting ferry lanes, and storming a marsh redoubt. Use relevant faction motifs; one coherent suite, three synchronized stems. No vocals.",Optional breadth after core soundtrack approval. Campaign metadata/selection is not currently a MusicAudio route; reuse faction themes meanwhile.,content/campaigns.json; scenes/menus/MainMenu.gd; scripts/autoload/MusicAudio.gd,not_started
campaign_music_campaign_unbound_road_ledger,campaign_optional,The Unbound Road Ledger motif suite,P2,shared_menu_and_faction_music,campaign_unbound_road_ledger,90-150,1,3,yes,Medium,"Optional original instrumental campaign identity: A six-chapter, six-faction campaign about defeating each route's signature claimant, witnessing its local proof, and passing only modest stores and sealed testimony onward. Use relevant faction motifs; one coherent suite, three synchronized stems. No vocals.",Optional breadth after core soundtrack approval. Campaign metadata/selection is not currently a MusicAudio route; reuse faction themes meanwhile.,content/campaigns.json; scenes/menus/MainMenu.gd; scripts/autoload/MusicAudio.gd,not_started
campaign_music_campaign_uncrowned_circuit,campaign_optional,The Uncrowned Circuit motif suite,P2,shared_menu_and_faction_music,campaign_uncrowned_circuit,90-150,1,3,yes,Medium,"Optional original instrumental campaign identity: A six-chapter cross-faction campaign joining real Tier-7 town building and muster play to six large sovereign roads. Use relevant faction motifs; one coherent suite, three synchronized stems. No vocals.",Optional breadth after core soundtrack approval. Campaign metadata/selection is not currently a MusicAudio route; reuse faction themes meanwhile.,content/campaigns.json; scenes/menus/MainMenu.gd; scripts/autoload/MusicAudio.gd,not_started
campaign_music_campaign_wakebound_atlas,campaign_optional,The Wakebound Atlas motif suite,P2,shared_menu_and_faction_music,campaign_wakebound_atlas,90-150,1,3,yes,Medium,"Optional original instrumental campaign identity: A four-chapter Veilmourn campaign that brings every remaining faction hero into campaign play through exact signature victories and independently charted passages. Use relevant faction motifs; one coherent suite, three synchronized stems. No vocals.",Optional breadth after core soundtrack approval. Campaign metadata/selection is not currently a MusicAudio route; reuse faction themes meanwhile.,content/campaigns.json; scenes/menus/MainMenu.gd; scripts/autoload/MusicAudio.gd,not_started
campaign_music_campaign_wild_atlas_accord,campaign_optional,The Wild Atlas Accord motif suite,P2,shared_menu_and_faction_music,campaign_wild_atlas_accord,90-150,1,3,yes,Medium,"Optional original instrumental campaign identity: A six-chapter cross-faction campaign that turns six frontier habitat expeditions into one bounded witness chain. Use relevant faction motifs; one coherent suite, three synchronized stems. No vocals.",Optional breadth after core soundtrack approval. Campaign metadata/selection is not currently a MusicAudio route; reuse faction themes meanwhile.,content/campaigns.json; scenes/menus/MainMenu.gd; scripts/autoload/MusicAudio.gd,not_started
local_camp,local_ambience,Camp proximity bed,P2,no_dedicated_route,camp,30-60,1,1,yes,Medium,"quiet fire and sparse equipment motion. Continuous sparse texture, no music or speech. No attention-grabbing repeated event.","New visible/revealed object proximity selection, distance fades, voice caps and suppression on scene exit; never reveal hidden objects by audio.",content/map_objects.json; content/resource_sites.json; content/overworld_scenery_animation.json,not_started
local_forest,local_ambience,Forest proximity bed,P2,no_dedicated_route,forest,30-60,1,1,yes,Medium,"dense canopy wind, leaves and sparse forest birds. Continuous sparse texture, no music or speech. No attention-grabbing repeated event.","New visible/revealed object proximity selection, distance fades, voice caps and suppression on scene exit; never reveal hidden objects by audio.",content/map_objects.json; content/resource_sites.json; content/overworld_scenery_animation.json,not_started
local_forge,local_ambience,Forge proximity bed,P2,no_dedicated_route,forge,30-60,1,1,yes,Medium,"distant hammering, bellows and restrained fire. Continuous sparse texture, no music or speech. No attention-grabbing repeated event.","New visible/revealed object proximity selection, distance fades, voice caps and suppression on scene exit; never reveal hidden objects by audio.",content/map_objects.json; content/resource_sites.json; content/overworld_scenery_animation.json,not_started
local_harbor,local_ambience,Harbor proximity bed,P2,no_dedicated_route,harbor,30-60,1,1,yes,Medium,"water, ropes, dock timbers and rigging. Continuous sparse texture, no music or speech. No attention-grabbing repeated event.","New visible/revealed object proximity selection, distance fades, voice caps and suppression on scene exit; never reveal hidden objects by audio.",content/map_objects.json; content/resource_sites.json; content/overworld_scenery_animation.json,not_started
local_market,local_ambience,Market proximity bed,P2,no_dedicated_route,market,30-60,1,1,yes,Medium,"soft movement, fabric and scales, no intelligible conversations. Continuous sparse texture, no music or speech. No attention-grabbing repeated event.","New visible/revealed object proximity selection, distance fades, voice caps and suppression on scene exit; never reveal hidden objects by audio.",content/map_objects.json; content/resource_sites.json; content/overworld_scenery_animation.json,not_started
local_mine,local_ambience,Mine proximity bed,P2,no_dedicated_route,mine,30-60,1,1,yes,Medium,"distant picks, rock chips and cart movement. Continuous sparse texture, no music or speech. No attention-grabbing repeated event.","New visible/revealed object proximity selection, distance fades, voice caps and suppression on scene exit; never reveal hidden objects by audio.",content/map_objects.json; content/resource_sites.json; content/overworld_scenery_animation.json,not_started
local_portal,local_ambience,Portal proximity bed,P2,no_dedicated_route,portal,30-60,1,1,yes,Medium,"subtle nonmelodic arcane air. Continuous sparse texture, no music or speech. No attention-grabbing repeated event.","New visible/revealed object proximity selection, distance fades, voice caps and suppression on scene exit; never reveal hidden objects by audio.",content/map_objects.json; content/resource_sites.json; content/overworld_scenery_animation.json,not_started
local_river,local_ambience,River proximity bed,P2,no_dedicated_route,river,30-60,1,1,yes,Medium,"running stream, occasional bank lap. Continuous sparse texture, no music or speech. No attention-grabbing repeated event.","New visible/revealed object proximity selection, distance fades, voice caps and suppression on scene exit; never reveal hidden objects by audio.",content/map_objects.json; content/resource_sites.json; content/overworld_scenery_animation.json,not_started
local_ruins,local_ambience,Ruins proximity bed,P2,no_dedicated_route,ruins,30-60,1,1,yes,Medium,"sheltered wind and sparse small falling grit. Continuous sparse texture, no music or speech. No attention-grabbing repeated event.","New visible/revealed object proximity selection, distance fades, voice caps and suppression on scene exit; never reveal hidden objects by audio.",content/map_objects.json; content/resource_sites.json; content/overworld_scenery_animation.json,not_started
local_sawmill,local_ambience,Sawmill proximity bed,P2,no_dedicated_route,sawmill,30-60,1,1,yes,Medium,"sparse woodcutting and timber creaks. Continuous sparse texture, no music or speech. No attention-grabbing repeated event.","New visible/revealed object proximity selection, distance fades, voice caps and suppression on scene exit; never reveal hidden objects by audio.",content/map_objects.json; content/resource_sites.json; content/overworld_scenery_animation.json,not_started
local_shrine,local_ambience,Shrine proximity bed,P2,no_dedicated_route,shrine,30-60,1,1,yes,Medium,"wind around stone with a rare low bell, no mystical music bed. Continuous sparse texture, no music or speech. No attention-grabbing repeated event.","New visible/revealed object proximity selection, distance fades, voice caps and suppression on scene exit; never reveal hidden objects by audio.",content/map_objects.json; content/resource_sites.json; content/overworld_scenery_animation.json,not_started
local_windmill,local_ambience,Windmill proximity bed,P2,no_dedicated_route,windmill,30-60,1,1,yes,Medium,"slow timber mechanism and canvas blades in wind. Continuous sparse texture, no music or speech. No attention-grabbing repeated event.","New visible/revealed object proximity selection, distance fades, voice caps and suppression on scene exit; never reveal hidden objects by audio.",content/map_objects.json; content/resource_sites.json; content/overworld_scenery_animation.json,not_started
biome_music_biome_ash_lava_wastes,music_expansion,Ash / Lava Wastes exploration variation,P2,no_biome_music_route,biome_ash_lava_wastes,120-180,1,3,yes,Medium,"Instrumental spacious fantasy exploration in Ash / Lava Wastes. Original melody; restrained texture informed by the region, no vocals. Arrange one piece into three synchronized stems.","Biome/faction selection, rotation and non-restarting transition policy required. Reuse P0 faction theme until implemented.",content/biomes.json; scripts/autoload/MusicAudio.gd,not_started
biome_music_biome_coast_archipelago,music_expansion,Coast / Archipelago exploration variation,P2,no_biome_music_route,biome_coast_archipelago,120-180,1,3,yes,Medium,"Instrumental spacious fantasy exploration in Coast / Archipelago. Original melody; restrained texture informed by the region, no vocals. Arrange one piece into three synchronized stems.","Biome/faction selection, rotation and non-restarting transition policy required. Reuse P0 faction theme until implemented.",content/biomes.json; scripts/autoload/MusicAudio.gd,not_started
biome_music_biome_deep_forest,music_expansion,Deep Forest exploration variation,P2,no_biome_music_route,biome_deep_forest,120-180,1,3,yes,Medium,"Instrumental spacious fantasy exploration in Deep Forest. Original melody; restrained texture informed by the region, no vocals. Arrange one piece into three synchronized stems.","Biome/faction selection, rotation and non-restarting transition policy required. Reuse P0 faction theme until implemented.",content/biomes.json; scripts/autoload/MusicAudio.gd,not_started
biome_music_biome_grasslands,music_expansion,Grasslands exploration variation,P2,no_biome_music_route,biome_grasslands,120-180,1,3,yes,Medium,"Instrumental spacious fantasy exploration in Grasslands. Original melody; restrained texture informed by the region, no vocals. Arrange one piece into three synchronized stems.","Biome/faction selection, rotation and non-restarting transition policy required. Reuse P0 faction theme until implemented.",content/biomes.json; scripts/autoload/MusicAudio.gd,not_started
biome_music_biome_highland_ridge,music_expansion,Rough Uplands exploration variation,P2,no_biome_music_route,biome_highland_ridge,120-180,1,3,yes,Medium,"Instrumental spacious fantasy exploration in Rough Uplands. Original melody; restrained texture informed by the region, no vocals. Arrange one piece into three synchronized stems.","Biome/faction selection, rotation and non-restarting transition policy required. Reuse P0 faction theme until implemented.",content/biomes.json; scripts/autoload/MusicAudio.gd,not_started
biome_music_biome_mire_fen,music_expansion,Mire / Fen exploration variation,P2,no_biome_music_route,biome_mire_fen,120-180,1,3,yes,Medium,"Instrumental spacious fantasy exploration in Mire / Fen. Original melody; restrained texture informed by the region, no vocals. Arrange one piece into three synchronized stems.","Biome/faction selection, rotation and non-restarting transition policy required. Reuse P0 faction theme until implemented.",content/biomes.json; scripts/autoload/MusicAudio.gd,not_started
biome_music_biome_rough_badlands,music_expansion,Rough Badlands exploration variation,P2,no_biome_music_route,biome_rough_badlands,120-180,1,3,yes,Medium,"Instrumental spacious fantasy exploration in Rough Badlands. Original melody; restrained texture informed by the region, no vocals. Arrange one piece into three synchronized stems.","Biome/faction selection, rotation and non-restarting transition policy required. Reuse P0 faction theme until implemented.",content/biomes.json; scripts/autoload/MusicAudio.gd,not_started
biome_music_biome_snow_frost_marches,music_expansion,Snow / Frost Marches exploration variation,P2,no_biome_music_route,biome_snow_frost_marches,120-180,1,3,yes,Medium,"Instrumental spacious fantasy exploration in Snow / Frost Marches. Original melody; restrained texture informed by the region, no vocals. Arrange one piece into three synchronized stems.","Biome/faction selection, rotation and non-restarting transition policy required. Reuse P0 faction theme until implemented.",content/biomes.json; scripts/autoload/MusicAudio.gd,not_started
biome_music_biome_subterranean_underways,music_expansion,Subterranean / Underways exploration variation,P2,no_biome_music_route,biome_subterranean_underways,120-180,1,3,yes,Medium,"Instrumental spacious fantasy exploration in Subterranean / Underways. Original melody; restrained texture informed by the region, no vocals. Arrange one piece into three synchronized stems.","Biome/faction selection, rotation and non-restarting transition policy required. Reuse P0 faction theme until implemented.",content/biomes.json; scripts/autoload/MusicAudio.gd,not_started
site_faction_landmark,sites,Faction Landmark interaction bank,P2,shared_generic_only,faction_landmark,0.3-1.5,2,2,no,Small-SFX,"solemn landmark activation gesture, match faction material. Two edited alternatives or named phases; no speech, no music.","New data-driven selection and event routing required; preserve existing generic fallback, event timing, mute, cooldown and voice-budget behavior.",content/map_objects.json; content/resource_sites.json,not_started
site_faction_outpost,sites,Faction Outpost interaction bank,P2,shared_generic_only,faction_outpost,0.3-1.5,2,2,no,Small-SFX,"banner deployment and compact garrison formation. Two edited alternatives or named phases; no speech, no music.","New data-driven selection and event routing required; preserve existing generic fallback, event timing, mute, cooldown and voice-budget behavior.",content/map_objects.json; content/resource_sites.json,not_started
site_frontier_shrine,sites,Frontier Shrine interaction bank,P2,shared_generic_only,frontier_shrine,0.3-1.5,2,2,no,Small-SFX,"remote stone blessing, restrained wind and light resonance. Two edited alternatives or named phases; no speech, no music.","New data-driven selection and event routing required; preserve existing generic fallback, event timing, mute, cooldown and voice-budget behavior.",content/map_objects.json; content/resource_sites.json,not_started
site_guarded_reward_site,sites,Guarded Reward Site interaction bank,P2,shared_generic_only,guarded_reward_site,0.3-1.5,2,2,no,Small-SFX,"guard-cleared seal opening and reward release. Two edited alternatives or named phases; no speech, no music.","New data-driven selection and event routing required; preserve existing generic fallback, event timing, mute, cooldown and voice-budget behavior.",content/map_objects.json; content/resource_sites.json,not_started
site_mine,sites,Mine interaction bank,P2,shared_generic_only,mine,0.3-1.5,2,2,no,Small-SFX,"ownership marker struck into place, stone and tool contact. Two edited alternatives or named phases; no speech, no music.","New data-driven selection and event routing required; preserve existing generic fallback, event timing, mute, cooldown and voice-budget behavior.",content/map_objects.json; content/resource_sites.json,not_started
site_neutral_dwelling,sites,Neutral Dwelling interaction bank,P2,shared_generic_only,neutral_dwelling,0.3-1.5,2,2,no,Small-SFX,"arrival, muster equipment and restrained welcoming signal. Two edited alternatives or named phases; no speech, no music.","New data-driven selection and event routing required; preserve existing generic fallback, event timing, mute, cooldown and voice-budget behavior.",content/map_objects.json; content/resource_sites.json,not_started
site_pickup,sites,Pickup interaction bank,P2,shared_generic_only,pickup,0.3-1.5,2,2,no,Small-SFX,"small chest or cache opening and pickup. Two edited alternatives or named phases; no speech, no music.","New data-driven selection and event routing required; preserve existing generic fallback, event timing, mute, cooldown and voice-budget behavior.",content/map_objects.json; content/resource_sites.json,not_started
site_repeatable_service,sites,Repeatable Service interaction bank,P2,shared_generic_only,repeatable_service,0.3-1.5,2,2,no,Small-SFX,"small service transaction and restrained completion. Two edited alternatives or named phases; no speech, no music.","New data-driven selection and event routing required; preserve existing generic fallback, event timing, mute, cooldown and voice-budget behavior.",content/map_objects.json; content/resource_sites.json,not_started
site_scenario_objective,sites,Scenario Objective interaction bank,P2,shared_generic_only,scenario_objective,0.3-1.5,2,2,no,Small-SFX,"short objective mechanism resolve and affirmative accent. Two edited alternatives or named phases; no speech, no music.","New data-driven selection and event routing required; preserve existing generic fallback, event timing, mute, cooldown and voice-budget behavior.",content/map_objects.json; content/resource_sites.json,not_started
site_scouting_structure,sites,Scouting Structure interaction bank,P2,shared_generic_only,scouting_structure,0.3-1.5,2,2,no,Small-SFX,"lens or spyglass adjustment and brief reveal accent. Two edited alternatives or named phases; no speech, no music.","New data-driven selection and event routing required; preserve existing generic fallback, event timing, mute, cooldown and voice-budget behavior.",content/map_objects.json; content/resource_sites.json,not_started
site_shrine,sites,Shrine interaction bank,P2,shared_generic_only,shrine,0.3-1.5,2,2,no,Small-SFX,"gentle stone contact and focused blessing. Two edited alternatives or named phases; no speech, no music.","New data-driven selection and event routing required; preserve existing generic fallback, event timing, mute, cooldown and voice-budget behavior.",content/map_objects.json; content/resource_sites.json,not_started
site_sign_waypoint,sites,Sign Waypoint interaction bank,P2,shared_generic_only,sign_waypoint,0.3-1.5,2,2,no,Small-SFX,"parchment or wood sign inspection, quiet and brief. Two edited alternatives or named phases; no speech, no music.","New data-driven selection and event routing required; preserve existing generic fallback, event timing, mute, cooldown and voice-budget behavior.",content/map_objects.json; content/resource_sites.json,not_started
site_staged_resource_front,sites,Staged Resource Front interaction bank,P2,shared_generic_only,staged_resource_front,0.3-1.5,2,2,no,Small-SFX,"worksite progress and final completion as separate gestures. Two edited alternatives or named phases; no speech, no music.","New data-driven selection and event routing required; preserve existing generic fallback, event timing, mute, cooldown and voice-budget behavior.",content/map_objects.json; content/resource_sites.json,not_started
site_support_producer,sites,Support Producer interaction bank,P2,shared_generic_only,support_producer,0.3-1.5,2,2,no,Small-SFX,"tools and small supply delivery. Two edited alternatives or named phases; no speech, no music.","New data-driven selection and event routing required; preserve existing generic fallback, event timing, mute, cooldown and voice-budget behavior.",content/map_objects.json; content/resource_sites.json,not_started
site_transit_object,sites,Transit Object interaction bank,P2,shared_generic_only,transit_object,0.3-1.5,2,2,no,Small-SFX,"passage activation and arrival as two separate gestures; choose gate, stairs or portal from actual object. Two edited alternatives or named phases; no speech, no music.","New data-driven selection and event routing required; preserve existing generic fallback, event timing, mute, cooldown and voice-budget behavior.",content/map_objects.json; content/resource_sites.json,not_started
